index,value
0,30
1,22
2,48
3,26
4,18
5,35
6,16
7,59
8,23
9,46
10,53
11,65
12,76
13,22
14,53
15,52
16,32
17,20
18,18
19,18
20,32
21,24
22,36
23,11
24,18
25,31
26,22
27,41
28,33
29,49
30,21
31,29
32,51
33,25
34,12
35,40
36,16
37,37
38,16
39,16
40,13
41,40
42,27
43,18
44,30
45,42
46,43
47,23
48,15
49,34
50,26
51,25
52,30
53,19
54,25
55,19
56,20
57,21
58,11
59,15
60,21
61,59
62,25
63,36
64,16
65,24
66,47
67,24
68,39
69,18
70,25
71,20
72,28
73,37
74,27
75,25
76,12
77,26
78,32
79,19
80,31
81,12
82,28
83,18
84,34
85,22
86,40
87,33
88,23
89,35
90,12
91,19
92,33
93,15
94,15
95,18
96,24
97,64
98,38
99,14
100,17
101,33
102,31
103,25
104,25
105,31
106,41
107,26
108,54
109,50
110,20
111,40
112,22
113,22
114,38
115,35
116,8
117,26
118,36
119,10
120,45
121,33
122,44
123,16
124,35
125,32
126,22
127,14
128,30
129,48
130,24
131,33
132,11
133,35
134,21
135,24
136,17
137,61
138,19
139,24
140,34
141,26
142,22
143,36
144,14
145,32
146,73
147,32
148,19
149,23
150,13
151,27
152,63
153,16
154,28
155,23
156,100
157,59
158,38
159,48
160,26
161,16
162,42
163,31
164,17
165,21
166,28
167,14
168,32
169,23
170,25
171,14
172,34
173,17
174,21
175,30
176,21
177,26
178,18
179,25
180,26
181,30
182,23
183,16
184,16
185,20
186,37
187,86
188,22
189,46
190,44
191,11
192,29
193,52
194,14
195,34
196,17
197,49
198,32
199,40
200,53
201,38
202,25
203,27
204,50
205,36
206,11
207,29
208,23
209,8
210,40
211,25
212,25
213,38
214,9
215,10
216,34
217,26
218,41
219,26
220,18
221,34
222,31
223,28
224,36
225,34
226,22
227,21
228,30
229,20
230,26
231,59
232,23
233,20
234,28
235,32
236,47
237,53
238,26
239,52
240,41
241,11
242,29
243,45
244,36
245,28
246,20
247,34
248,20
249,31
250,30
251,13
252,36
253,49
254,24
255,94
256,19
257,42
258,23
259,44
260,54
261,27
262,15
263,23
264,50
265,33
266,25
267,40
268,32
269,27
270,23
271,68
272,18
273,46
274,26
275,23
276,29
277,19
278,46
279,35
280,46
281,23
282,30
283,15
284,28
285,26
286,45
287,38
288,9
289,29
290,52
291,12
292,10
293,28
294,21
295,27
296,28
297,30
298,26
299,12
300,29
301,51
302,40
303,55
304,56
305,13
306,46
307,45
308,28
309,36
310,31
311,13
312,18
313,59
314,24
315,55
316,38
317,12
318,45
319,21
320,15
321,35
322,57
323,16
324,21
325,17
326,20
327,33
328,19
329,27
330,31
331,18
332,47
333,26
334,12
335,31
336,36
337,44
338,58
339,75
340,32
341,24
342,33
343,15
344,20
345,78
346,36
347,38
348,44
349,69
350,24
351,17
352,24
353,37
354,18
355,47
356,22
357,21
358,20
359,16
360,45
361,49
362,34
363,25
364,27
365,23
366,100
367,23
368,21
369,44
370,38
371,29
372,36
373,14
374,20
375,41
376,20
377,22
378,31
379,20
380,40
381,39
382,42
383,15
384,28
385,26
386,36
387,12
388,17
389,34
390,28
391,30
392,78
393,45
394,34
395,26
396,22
397,25
398,23
399,24
400,47
401,32
402,23
403,19
404,31
405,29
406,32
407,18
408,36
409,51
410,30
411,22
412,34
413,52
414,25
415,30
416,35
417,25
418,19
419,44
420,14
421,33
422,35
423,26
424,34
425,25
426,35
427,31
428,22
429,21
430,21
431,18
432,37
433,31
434,36
435,14
436,47
437,39
438,31
439,24
440,23
441,16
442,15
443,44
444,71
445,37
446,19
447,38
448,31
449,41
450,61
451,16
452,31
453,55
454,30
455,15
456,22
457,14
458,21
459,55
460,27
461,33
462,47
463,54
464,21
465,18
466,27
467,19
468,25
469,18
470,20
471,20
472,51
473,33
474,45
475,20
476,18
477,22
478,44
479,17
480,56
481,71
482,37
483,33
484,23
485,20
486,53
487,21
488,16
489,34
490,24
491,36
492,25
493,32
494,26
495,38
496,28
497,42
498,41
499,26
500,22
501,36
502,16
503,52
504,40
505,36
506,11
507,18
508,24
509,14
510,25
511,47
512,18
513,62
514,11
515,26
516,18
517,48
518,39
519,18
520,23
521,20
522,26
523,59
524,22
525,24
526,19
527,31
528,28
529,23
530,38
531,44
532,60
533,24
534,33
535,25
536,46
537,26
538,80
539,28
540,35
541,16
542,41
543,17
544,44
545,56
546,26
547,29
548,33
549,42
550,29
551,19
552,23
553,24
554,42
555,11
556,16
557,13
558,23
559,31
560,18
561,31
562,22
563,22
564,39
565,22
566,21
567,27
568,45
569,47
570,40
571,24
572,37
573,69
574,43
575,19
576,16
577,30
578,17
579,30
580,24
581,10
582,49
583,15
584,20
585,17
586,16
587,28
588,20
589,27
590,42
591,45
592,36
593,35
594,45
595,23
596,27
597,25
598,33
599,25
600,15
601,16
602,22
603,21
604,21
605,18
606,22
607,18
608,30
609,41
610,28
611,54
612,24
613,26
614,34
615,33
616,17
617,57
618,23
619,29
620,28
621,28
622,32
623,50
624,38
625,17
626,27
627,18
628,26
629,32
630,19
631,35
632,13
633,30
634,12
635,20
636,62
637,15
638,72
639,34
640,29
641,35
642,37
643,31
644,16
645,11
646,20
647,33
648,19
649,18
650,28
651,22
652,57
653,39
654,30
655,17
656,22
657,13
658,22
659,22
660,34
661,22
662,35
663,26
664,27
665,42
666,32
667,34
668,15
669,29
670,15
671,33
672,47
673,9
674,47
675,18
676,31
677,40
678,39
679,23
680,29
681,26
682,19
683,26
684,11
685,46
686,34
687,46
688,20
689,23
690,21
691,16
692,32
693,18
694,23
695,23
696,43
697,30
698,19
699,44
700,24
701,26
702,32
703,12
704,24
705,13
706,13
707,27
708,18
709,28
710,16
711,14
712,42
713,28
714,14
715,64
716,18
717,42
718,16
719,20
720,33
721,50
722,20
723,36
724,33
725,16
726,29
727,16
728,36
729,31
730,20
731,33
732,41
733,35
734,25
735,14
736,11
737,35
738,34
739,22
740,12
741,20
742,32
743,24
744,37
745,25
746,18
747,24
748,16
749,100
750,29
751,21
752,34
753,16
754,51
755,10
756,40
757,24
758,16
759,32
760,22
761,23
762,28
763,23
764,45
765,23
766,21
767,30
768,18
769,16
770,27
771,33
772,34
773,11
774,24
775,30
776,47
777,18
778,13
779,21
780,38
781,26
782,54
783,16
784,38
785,24
786,23
787,69
788,62
789,34
790,22
791,16
792,21
793,39
794,14
795,27
796,55
797,36
798,36
799,12
800,16
801,38
802,20
803,16
804,48
805,27
806,49
807,41
808,12
809,60
810,42
811,36
812,22
813,22
814,18
815,29
816,15
817,12
818,22
819,21
820,29
821,24
822,20
823,15
824,24
825,18
826,16
827,30
828,18
829,45
830,43
831,22
832,19
833,16
834,27
835,20
836,41
837,14
838,32
839,37
840,52
841,36
842,16
843,24
844,31
845,42
846,34
847,23
848,32
849,10
850,29
851,33
852,31
853,20
854,51
855,28
856,31
857,25
858,45
859,27
860,18
861,26
862,26
863,23
864,22
865,36
866,58
867,32
868,20
869,82
870,19
871,14
872,26
873,30
874,30
875,33
876,75
877,39
878,21
879,29
880,33
881,30
882,54
883,62
884,18
885,18
886,12
887,28
888,17
889,14
890,41
891,27
892,21
893,16
894,27
895,35
896,45
897,36
898,19
899,17
900,60
901,28
902,40
903,39
904,75
905,26
906,42
907,9
908,30
909,42
910,20
911,20
912,16
913,19
914,17
915,22
916,32
917,37
918,39
919,70
920,50
921,27
922,20
923,25
924,28
925,46
926,45
927,53
928,25
929,24
930,28
931,25
932,10
933,20
934,30
935,19
936,41
937,32
938,31
939,43
940,32
941,10
942,18
943,17
944,15
945,27
946,14
947,25
948,16
949,33
950,8
951,34
952,28
953,33
954,43
955,17
956,76
957,44
958,23
959,23
960,30
961,39
962,71
963,32
964,28
965,36
966,54
967,15
968,32
969,52
970,20
971,17
972,43
973,33
974,22
975,14
976,31
977,20
978,28
979,51
980,31
981,48
982,15
983,25
984,15
985,33
986,46
987,29
988,33
989,38
990,29
991,26
992,27
993,24
994,13
995,34
996,27
997,39
998,26
999,50
1000,25
1001,22
1002,22
1003,22
1004,40
1005,26
1006,40
1007,28
1008,16
1009,18
1010,25
1011,27
1012,35
1013,14
1014,20
1015,60
1016,33
1017,28
1018,27
1019,51
1020,35
1021,30
1022,21
1023,59
1024,35
1025,22
1026,10
1027,29
1028,17
1029,23
1030,22
1031,19
1032,62
1033,32
1034,40
1035,18
1036,22
1037,33
1038,24
1039,35
1040,23
1041,21
1042,35
1043,10
1044,47
1045,40
1046,14
1047,15
1048,41
1049,20
1050,19
1051,31
1052,21
1053,28
1054,22
1055,29
1056,21
1057,24
1058,27
1059,19
1060,32
1061,39
1062,15
1063,59
1064,30
1065,48
1066,20
1067,18
1068,17
1069,21
1070,40
1071,48
1072,48
1073,17
1074,19
1075,36
1076,29
1077,17
1078,74
1079,60
1080,70
1081,26
1082,22
1083,22
1084,15
1085,49
1086,22
1087,15
1088,60
1089,32
1090,22
1091,18
1092,40
1093,33
1094,27
1095,39
1096,18
1097,12
1098,51
1099,21
1100,38
1101,18
1102,25
1103,37
1104,19
1105,21
1106,26
1107,14
1108,23
1109,19
1110,20
1111,31
1112,21
1113,35
1114,41
1115,33
1116,23
1117,27
1118,28
1119,56
1120,30
1121,34
1122,36
1123,49
1124,24
1125,23
1126,21
1127,49
1128,28
1129,25
1130,36
1131,29
1132,19
1133,22
1134,23
1135,30
1136,22
1137,36
1138,23
1139,39
1140,19
1141,32
1142,38
1143,52
1144,38
1145,23
1146,20
1147,71
1148,45
1149,19
1150,27
1151,19
1152,10
1153,27
1154,21
1155,30
1156,50
1157,21
1158,15
1159,39
1160,20
1161,67
1162,29
1163,10
1164,33
1165,23
1166,19
1167,59
1168,25
1169,28
1170,41
1171,36
1172,23
1173,59
1174,14
1175,42
1176,49
1177,40
1178,44
1179,24
1180,29
1181,34
1182,31
1183,28
1184,21
1185,18
1186,74
1187,13
1188,24
1189,18
1190,13
1191,23
1192,9
1193,23
1194,86
1195,27
1196,24
1197,19
1198,23
1199,48
1200,17
1201,41
1202,31
1203,13
1204,26
1205,12
1206,32
1207,48
1208,25
1209,12
1210,13
1211,31
1212,34
1213,17
1214,29
1215,39
1216,15
1217,30
1218,8
1219,24
1220,25
1221,33
1222,42
1223,18
1224,31
1225,40
1226,28
1227,31
1228,35
1229,22
1230,27
1231,41
1232,17
1233,32
1234,30
1235,36
1236,33
1237,20
1238,19
1239,13
1240,23
1241,27
1242,45
1243,32
1244,14
1245,33
1246,21
1247,26
1248,12
1249,16
1250,32
1251,22
1252,59
1253,18
1254,44
1255,15
1256,52
1257,35
1258,32
1259,23
1260,56
1261,18
1262,24
1263,65
1264,25
1265,21
1266,44
1267,44
1268,33
1269,29
1270,11
1271,20
1272,34
1273,49
1274,31
1275,27
1276,15
1277,25
1278,23
1279,21
1280,26
1281,27
1282,16
1283,12
1284,31
1285,27
1286,24
1287,18
1288,31
1289,26
1290,33
1291,35
1292,13
1293,45
1294,29
1295,10
1296,33
1297,30
1298,47
1299,23
1300,33
1301,11
1302,51
1303,40
1304,15
1305,28
1306,26
1307,40
1308,34
1309,17
1310,52
1311,27
1312,36
1313,26
1314,22
1315,36
1316,82
1317,31
1318,31
1319,19
1320,55
1321,34
1322,17
1323,26
1324,34
1325,90
1326,9
1327,45
1328,32
1329,34
1330,22
1331,63
1332,14
1333,41
1334,11
1335,37
1336,46
1337,28
1338,16
1339,42
1340,42
1341,39
1342,45
1343,12
1344,20
1345,28
1346,24
1347,14
1348,20
1349,33
1350,18
1351,35
1352,27
1353,16
1354,23
1355,27
1356,28
1357,21
1358,22
1359,11
1360,18
1361,34
1362,47
1363,28
1364,17
1365,26
1366,40
1367,33
1368,28
1369,25
1370,30
1371,34
1372,26
1373,45
1374,29
1375,20
1376,32
1377,29
1378,39
1379,34
1380,23
1381,39
1382,21
1383,26
1384,17
1385,45
1386,63
1387,30
1388,32
1389,44
1390,22
1391,34
1392,19
1393,37
1394,25
1395,23
1396,27
1397,12
1398,12
1399,43
1400,25
1401,19
1402,29
1403,21
1404,12
1405,20
1406,47
1407,23
1408,28
1409,46
1410,37
1411,28
1412,27
1413,30
1414,57
1415,30
1416,38
1417,11
1418,35
1419,26
1420,23
1421,62
1422,50
1423,16
1424,26
1425,27
1426,18
1427,16
1428,44
1429,26
1430,17
1431,30
1432,38
1433,28
1434,33
1435,56
1436,28
1437,52
1438,12
1439,27
1440,32
1441,19
1442,21
1443,19
1444,19
1445,64
1446,26
1447,21
1448,12
1449,13
1450,17
1451,32
1452,32
1453,15
1454,40
1455,37
1456,32
1457,35
1458,25
1459,19
1460,19
1461,47
1462,25
1463,15
1464,30
1465,42
1466,15
1467,13
1468,50
1469,28
1470,13
1471,9
1472,39
1473,35
1474,53
1475,27
1476,40
1477,44
1478,12
1479,46
1480,40
1481,22
1482,13
1483,25
1484,16
1485,38
1486,41
1487,22
1488,21
1489,18
1490,44
1491,24
1492,19
1493,24
1494,31
1495,33
1496,48
1497,18
1498,33
1499,41
1500,33
1501,14
1502,38
1503,28
1504,38
1505,22
1506,29
1507,10
1508,44
1509,44
1510,30
1511,59
1512,20
1513,33
1514,64
1515,52
1516,25
1517,20
1518,56
1519,22
1520,57
1521,26
1522,41
1523,51
1524,11
1525,39
1526,20
1527,30
1528,41
1529,39
1530,28
1531,26
1532,18
1533,17
1534,42
1535,16
1536,26
1537,27
1538,32
1539,25
1540,30
1541,31
1542,28
1543,26
1544,22
1545,13
1546,14
1547,22
1548,14
1549,22
1550,22
1551,25
1552,17
1553,28
1554,37
1555,30
1556,21
1557,26
1558,26
1559,21
1560,42
1561,16
1562,31
1563,38
1564,35
1565,24
1566,31
1567,19
1568,39
1569,20
1570,22
1571,32
1572,20
1573,21
1574,50
1575,46
1576,52
1577,15
1578,34
1579,22
1580,77
1581,22
1582,17
1583,41
1584,13
1585,28
1586,7
1587,33
1588,33
1589,34
1590,29
1591,22
1592,32
1593,25
1594,21
1595,41
1596,26
1597,27
1598,25
1599,23
1600,29
1601,10
1602,24
1603,20
1604,12
1605,33
1606,72
1607,17
1608,19
1609,36
1610,17
1611,13
1612,21
1613,15
1614,34
1615,16
1616,23
1617,24
1618,12
1619,34
1620,26
1621,36
1622,36
1623,39
1624,24
1625,67
1626,25
1627,22
1628,30
1629,55
1630,16
1631,39
1632,12
1633,23
1634,22
1635,26
1636,24
1637,100
1638,57
1639,19
1640,75
1641,26
1642,34
1643,27
1644,16
1645,20
1646,18
1647,10
1648,55
1649,22
1650,32
1651,13
1652,35
1653,23
1654,27
1655,31
1656,31
1657,28
1658,36
1659,39
1660,27
1661,38
1662,35
1663,33
1664,21
1665,17
1666,56
1667,24
1668,67
1669,17
1670,28
1671,28
1672,31
1673,38
1674,12
1675,22
1676,80
1677,20
1678,24
1679,25
1680,22
1681,39
1682,42
1683,29
1684,25
1685,32
1686,22
1687,60
1688,18
1689,49
1690,24
1691,21
1692,9
1693,16
1694,62
1695,38
1696,59
1697,15
1698,29
1699,14
1700,17
1701,39
1702,36
1703,24
1704,13
1705,16
1706,36
1707,24
1708,27
1709,21
1710,29
1711,25
1712,27
1713,20
1714,30
1715,31
1716,38
1717,22
1718,37
1719,34
1720,23
1721,29
1722,26
1723,19
1724,16
1725,28
1726,28
1727,26
1728,11
1729,31
1730,19
1731,49
1732,15
1733,8
1734,67
1735,32
1736,17
1737,50
1738,17
1739,18
1740,28
1741,25
1742,23
1743,31
1744,57
1745,51
1746,29
1747,31
1748,34
1749,21
1750,43
1751,28
1752,15
1753,16
1754,28
1755,43
1756,64
1757,18
1758,24
1759,14
1760,12
1761,19
1762,46
1763,18
1764,21
1765,34
1766,36
1767,27
1768,35
1769,46
1770,19
1771,21
1772,27
1773,26
1774,25
1775,36
1776,19
1777,43
1778,32
1779,43
1780,22
1781,28
1782,41
1783,28
1784,17
1785,24
1786,43
1787,23
1788,13
1789,24
1790,17
1791,26
1792,35
1793,18
1794,15
1795,33
1796,16
1797,22
1798,18
1799,32
1800,23
1801,31
1802,12
1803,25
1804,39
1805,30
1806,19
1807,31
1808,22
1809,28
1810,40
1811,31
1812,25
1813,30
1814,30
1815,35
1816,31
1817,61
1818,39
1819,25
1820,38
1821,39
1822,35
1823,25
1824,21
1825,25
1826,24
1827,23
1828,33
1829,28
1830,40
1831,26
1832,18
1833,20
1834,49
1835,14
1836,28
1837,27
1838,36
1839,25
1840,31
1841,12
1842,20
1843,34
1844,43
1845,22
1846,52
1847,26
1848,52
1849,15
1850,21
1851,39
1852,35
1853,28
1854,55
1855,43
1856,45
1857,50
1858,30
1859,47
1860,52
1861,23
1862,24
1863,19
1864,42
1865,23
1866,73
1867,48
1868,13
1869,27
1870,29
1871,32
1872,37
1873,38
1874,39
1875,15
1876,13
1877,32
1878,30
1879,42
1880,20
1881,21
1882,19
1883,33
1884,19
1885,23
1886,34
1887,22
1888,31
1889,26
1890,25
1891,25
1892,33
1893,64
1894,31
1895,63
1896,36
1897,26
1898,26
1899,44
1900,26
1901,76
1902,21
1903,49
1904,46
1905,14
1906,22
1907,30
1908,38
1909,47
1910,28
1911,23
1912,100
1913,24
1914,49
1915,40
1916,44
1917,15
1918,30
1919,31
1920,34
1921,78
1922,23
1923,31
1924,64
1925,15
1926,22
1927,13
1928,20
1929,43
1930,50
1931,48
1932,51
1933,18
1934,22
1935,40
1936,14
1937,24
1938,23
1939,30
1940,26
1941,8
1942,37
1943,27
1944,33
1945,23
1946,31
1947,16
1948,29
1949,24
1950,33
1951,38
1952,27
1953,29
1954,32
1955,26
1956,10
1957,41
1958,15
1959,11
1960,38
1961,16
1962,41
1963,28
1964,37
1965,23
1966,40
1967,14
1968,31
1969,14
1970,39
1971,18
1972,19
1973,29
1974,22
1975,15
1976,26
1977,41
1978,17
1979,36
1980,24
1981,12
1982,19
1983,34
1984,18
1985,15
1986,41
1987,20
1988,27
1989,49
1990,31
1991,66
1992,50
1993,23
1994,11
1995,19
1996,56
1997,30
1998,18
1999,16
2000,60
2001,16
2002,20
2003,56
2004,33
2005,37
2006,90
2007,100
2008,19
2009,43
2010,15
2011,37
2012,38
2013,24
2014,44
2015,25
2016,63
2017,17
2018,15
2019,29
2020,18
2021,13
2022,15
2023,56
2024,33
2025,27
2026,44
2027,43
2028,60
2029,19
2030,22
2031,54
2032,15
2033,49
2034,24
2035,32
2036,11
2037,33
2038,12
2039,31
2040,13
2041,20
2042,43
2043,55
2044,25
2045,38
2046,61
2047,34
2048,32
2049,13
2050,26
2051,40
2052,15
2053,36
2054,41
2055,33
2056,71
2057,30
2058,19
2059,22
2060,29
2061,40
2062,13
2063,11
2064,45
2065,77
2066,33
2067,34
2068,9
2069,30
2070,17
2071,38
2072,15
2073,17
2074,42
2075,11
2076,32
2077,26
2078,31
2079,32
2080,25
2081,72
2082,42
2083,41
2084,23
2085,33
2086,37
2087,43
2088,18
2089,24
2090,26
2091,10
2092,21
2093,32
2094,26
2095,9
2096,40
2097,36
2098,46
2099,39
2100,53
2101,20
2102,48
2103,29
2104,29
2105,25
2106,13
2107,25
2108,43
2109,17
2110,17
2111,15
2112,16
2113,14
2114,19
2115,23
2116,57
2117,24
2118,25
2119,57
2120,79
2121,33
2122,21
2123,24
2124,28
2125,33
2126,15
2127,61
2128,35
2129,23
2130,33
2131,16
2132,27
2133,36
2134,18
2135,26
2136,42
2137,15
2138,27
2139,28
2140,28
2141,22
2142,32
2143,33
2144,19
2145,20
2146,71
2147,26
2148,19
2149,18
2150,22
2151,34
2152,42
2153,19
2154,16
2155,18
2156,16
2157,16
2158,22
2159,28
2160,23
2161,16
2162,17
2163,26
2164,29
2165,46
2166,24
2167,15
2168,21
2169,44
2170,35
2171,29
2172,31
2173,27
2174,19
2175,24
2176,42
2177,24
2178,37
2179,12
2180,51
2181,29
2182,18
2183,34
2184,12
2185,23
2186,53
2187,19
2188,22
2189,39
2190,30
2191,44
2192,82
2193,24
2194,33
2195,18
2196,43
2197,40
2198,33
2199,32
2200,28
2201,37
2202,16
2203,38
2204,19
2205,13
2206,23
2207,39
2208,28
2209,21
2210,42
2211,33
2212,43
2213,13
2214,28
2215,27
2216,19
2217,46
2218,28
2219,32
2220,16
2221,51
2222,22
2223,37
2224,18
2225,19
2226,19
2227,34
2228,65
2229,43
2230,22
2231,46
2232,19
2233,24
2234,27
2235,17
2236,13
2237,20
2238,53
2239,17
2240,35
2241,31
2242,23
2243,20
2244,39
2245,16
2246,18
2247,30
2248,52
2249,29
2250,38
2251,26
2252,27
2253,24
2254,23
2255,47
2256,34
2257,40
2258,12
2259,33
2260,26
2261,24
2262,13
2263,18
2264,27
2265,20
2266,13
2267,62
2268,36
2269,35
2270,21
2271,50
2272,14
2273,24
2274,23
2275,40
2276,37
2277,10
2278,27
2279,40
2280,38
2281,24
2282,27
2283,24
2284,31
2285,47
2286,40
2287,43
2288,17
2289,23
2290,32
2291,36
2292,22
2293,16
2294,22
2295,46
2296,15
2297,23
2298,36
2299,11
2300,21
2301,37
2302,31
2303,25
2304,48
2305,23
2306,51
2307,12
2308,17
2309,26
2310,52
2311,12
2312,24
2313,18
2314,32
2315,35
2316,52
2317,38
2318,56
2319,40
2320,24
2321,33
2322,24
2323,12
2324,21
2325,12
2326,18
2327,19
2328,32
2329,31
2330,19
2331,9
2332,25
2333,24
2334,19
2335,54
2336,54
2337,12
2338,24
2339,31
2340,30
2341,22
2342,39
2343,30
2344,35
2345,25
2346,25
2347,31
2348,21
2349,19
2350,59
2351,36
2352,29
2353,47
2354,36
2355,10
2356,22
2357,38
2358,65
2359,25
2360,51
2361,18
2362,37
2363,20
2364,68
2365,26
2366,44
2367,17
2368,31
2369,41
2370,79
2371,63
2372,38
2373,25
2374,15
2375,18
2376,77
2377,33
2378,24
2379,22
2380,15
2381,24
2382,37
2383,27
2384,54
2385,34
2386,25
2387,22
2388,72
2389,20
2390,26
2391,18
2392,44
2393,48
2394,35
2395,23
2396,37
2397,17
2398,31
2399,24
2400,30
2401,28
2402,38
2403,20
2404,20
2405,39
2406,21
2407,42
2408,49
2409,15
2410,19
2411,27
2412,38
2413,16
2414,32
2415,58
2416,30
2417,91
2418,34
2419,100
2420,37
2421,34
2422,16
2423,29
2424,23
2425,23
2426,38
2427,37
2428,48
2429,15
2430,21
2431,17
2432,12
2433,46
2434,25
2435,26
2436,21
2437,50
2438,25
2439,16
2440,26
2441,32
2442,27
2443,28
2444,16
2445,27
2446,47
2447,23
2448,16
2449,11
2450,29
2451,22
2452,27
2453,32
2454,18
2455,19
2456,24
2457,31
2458,20
2459,44
2460,28
2461,19
2462,26
2463,32
2464,20
2465,35
2466,23
2467,38
2468,38
2469,24
2470,36
2471,20
2472,27
2473,20
2474,23
2475,29
2476,37
2477,38
2478,43
2479,29
2480,27
2481,32
2482,57
2483,26
2484,28
2485,23
2486,46
2487,26
2488,45
2489,22
2490,23
2491,20
2492,58
2493,18
2494,59
2495,66
2496,31
2497,48
2498,19
2499,30
2500,22
2501,43
2502,15
2503,30
2504,20
2505,22
2506,22
2507,37
2508,42
2509,49
2510,22
2511,40
2512,59
2513,20
2514,28
2515,11
2516,23
2517,44
2518,21
2519,10
2520,21
2521,16
2522,37
2523,32
2524,38
2525,9
2526,24
2527,22
2528,39
2529,49
2530,83
2531,44
2532,28
2533,21
2534,29
2535,35
2536,36
2537,17
2538,51
2539,39
2540,19
2541,16
2542,53
2543,23
2544,29
2545,34
2546,30
2547,59
2548,16
2549,32
2550,18
2551,38
2552,61
2553,29
2554,23
2555,58
2556,43
2557,28
2558,20
2559,40
2560,26
2561,22
2562,31
2563,24
2564,27
2565,14
2566,20
2567,36
2568,10
2569,10
2570,37
2571,18
2572,31
2573,14
2574,20
2575,35
2576,29
2577,27
2578,11
2579,23
2580,45
2581,41
2582,42
2583,41
2584,26
2585,20
2586,14
2587,34
2588,19
2589,58
2590,63
2591,39
2592,59
2593,29
2594,29
2595,34
2596,12
2597,17
2598,14
2599,46
2600,49
2601,25
2602,25
2603,41
2604,22
2605,19
2606,19
2607,17
2608,25
2609,31
2610,24
2611,25
2612,16
2613,19
2614,43
2615,27
2616,25
2617,14
2618,24
2619,25
2620,41
2621,18
2622,37
2623,25
2624,31
2625,48
2626,29
2627,48
2628,39
2629,52
2630,43
2631,24
2632,35
2633,27
2634,41
2635,21
2636,19
2637,29
2638,24
2639,45
2640,34
2641,13
2642,26
2643,48
2644,25
2645,23
2646,34
2647,42
2648,51
2649,59
2650,33
2651,24
2652,54
2653,13
2654,50
2655,24
2656,31
2657,34
2658,27
2659,33
2660,15
2661,30
2662,31
2663,32
2664,29
2665,18
2666,18
2667,35
2668,37
2669,18
2670,15
2671,16
2672,26
2673,20
2674,24
2675,13
2676,51
2677,18
2678,19
2679,30
2680,25
2681,33
2682,23
2683,18
2684,24
2685,15
2686,40
2687,34
2688,16
2689,25
2690,30
2691,37
2692,21
2693,16
2694,18
2695,58
2696,40
2697,23
2698,13
2699,16
2700,31
2701,22
2702,26
2703,21
2704,8
2705,35
2706,22
2707,33
2708,14
2709,25
2710,38
2711,41
2712,20
2713,25
2714,23
2715,16
2716,13
2717,46
2718,34
2719,24
2720,22
2721,36
2722,20
2723,21
2724,18
2725,22
2726,55
2727,36
2728,23
2729,30
2730,31
2731,24
2732,39
2733,15
2734,31
2735,28
2736,34
2737,27
2738,22
2739,46
2740,27
2741,10
2742,29
2743,21
2744,43
2745,64
2746,22
2747,25
2748,31
2749,32
2750,26
2751,38
2752,24
2753,15
2754,24
2755,47
2756,45
2757,20
2758,22
2759,58
2760,15
2761,57
2762,11
2763,39
2764,23
2765,34
2766,28
2767,17
2768,12
2769,26
2770,67
2771,37
2772,38
2773,10
2774,33
2775,25
2776,22
2777,40
2778,22
2779,19
2780,28
2781,46
2782,35
2783,51
2784,23
2785,21
2786,30
2787,14
2788,27
2789,22
2790,31
2791,13
2792,25
2793,14
2794,27
2795,19
2796,23
2797,26
2798,61
2799,27
2800,18
2801,34
2802,47
2803,34
2804,24
2805,34
2806,43
2807,19
2808,19
2809,15
2810,6
2811,17
2812,47
2813,18
2814,21
2815,18
2816,26
2817,49
2818,19
2819,43
2820,44
2821,39
2822,13
2823,37
2824,19
2825,25
2826,51
2827,18
2828,32
2829,68
2830,53
2831,24
2832,67
2833,46
2834,22
2835,23
2836,32
2837,37
2838,18
2839,17
2840,29
2841,17
2842,19
2843,18
2844,22
2845,26
2846,54
2847,24
2848,20
2849,14
2850,43
2851,19
2852,42
2853,46
2854,20
2855,30
2856,31
2857,16
2858,42
2859,58
2860,30
2861,24
2862,19
2863,100
2864,36
2865,17
2866,41
2867,40
2868,18
2869,69
2870,15
2871,42
2872,24
2873,26
2874,14
2875,19
2876,13
2877,22
2878,35
2879,34
2880,19
2881,20
2882,31
2883,34
2884,50
2885,17
2886,28
2887,82
2888,15
2889,30
2890,34
2891,26
2892,21
2893,26
2894,27
2895,25
2896,22
2897,35
2898,25
2899,46
2900,29
2901,25
2902,28
2903,44
2904,34
2905,37
2906,42
2907,19
2908,33
2909,49
2910,46
2911,53
2912,28
2913,19
2914,21
2915,24
2916,16
2917,33
2918,43
2919,24
2920,24
2921,37
2922,42
2923,18
2924,33
2925,22
2926,10
2927,22
2928,56
2929,19
2930,24
2931,20
2932,26
2933,14
2934,51
2935,22
2936,11
2937,25
2938,23
2939,15
2940,47
2941,38
2942,49
2943,15
2944,40
2945,35
2946,26
2947,15
2948,21
2949,31
2950,30
2951,12
2952,35
2953,21
2954,28
2955,47
2956,17
2957,37
2958,17
2959,11
2960,21
2961,48
2962,16
2963,33
2964,35
2965,19
2966,15
2967,33
2968,86
2969,34
2970,19
2971,36
2972,35
2973,21
2974,34
2975,14
2976,62
2977,32
2978,47
2979,20
2980,44
2981,30
2982,23
2983,26
2984,27
2985,30
2986,51
2987,40
2988,37
2989,45
2990,35
2991,47
2992,37
2993,70
2994,32
2995,38
2996,27
2997,29
2998,38
2999,28
3000,33
3001,43
3002,37
3003,68
3004,26
3005,11
3006,22
3007,11
3008,41
3009,19
3010,36
3011,25
3012,18
3013,33
3014,56
3015,47
3016,61
3017,16
3018,24
3019,14
3020,35
3021,29
3022,68
3023,17
3024,33
3025,29
3026,36
3027,30
3028,43
3029,28
3030,59
3031,15
3032,16
3033,35
3034,19
3035,15
3036,57
3037,22
3038,9
3039,55
3040,51
3041,25
3042,37
3043,48
3044,28
3045,21
3046,11
3047,19
3048,13
3049,17
3050,11
3051,25
3052,20
3053,37
3054,19
3055,53
3056,31
3057,26
3058,30
3059,28
3060,32
3061,23
3062,39
3063,15
3064,48
3065,11
3066,12
3067,27
3068,85
3069,30
3070,39
3071,48
3072,17
3073,58
3074,44
3075,27
3076,20
3077,19
3078,17
3079,33
3080,27
3081,10
3082,9
3083,48
3084,23
3085,29
3086,24
3087,38
3088,22
3089,47
3090,35
3091,29
3092,85
3093,28
3094,34
3095,25
3096,24
3097,41
3098,31
3099,18
3100,22
3101,41
3102,20
3103,25
3104,27
3105,31
3106,39
3107,24
3108,27
3109,27
3110,15
3111,13
3112,19
3113,21
3114,16
3115,37
3116,22
3117,12
3118,20
3119,15
3120,20
3121,26
3122,20
3123,33
3124,35
3125,28
3126,42
3127,27
3128,14
3129,37
3130,20
3131,35
3132,16
3133,12
3134,9
3135,12
3136,60
3137,27
3138,31
3139,23
3140,24
3141,31
3142,21
3143,28
3144,22
3145,21
3146,25
3147,18
3148,23
3149,36
3150,16
3151,17
3152,28
3153,31
3154,12
3155,13
3156,68
3157,12
3158,29
3159,12
3160,29
3161,47
3162,15
3163,53
3164,32
3165,12
3166,57
3167,37
3168,81
3169,37
3170,39
3171,22
3172,19
3173,95
3174,41
3175,38
3176,22
3177,39
3178,43
3179,51
3180,9
3181,28
3182,20
3183,24
3184,39
3185,36
3186,31
3187,37
3188,59
3189,35
3190,37
3191,67
3192,34
3193,37
3194,18
3195,71
3196,19
3197,36
3198,20
3199,38
3200,26
3201,30
3202,20
3203,22
3204,29
3205,49
3206,25
3207,78
3208,30
3209,22
3210,13
3211,36
3212,33
3213,26
3214,26
3215,23
3216,30
3217,36
3218,20
3219,37
3220,25
3221,32
3222,44
3223,19
3224,47
3225,30
3226,59
3227,16
3228,34
3229,12
3230,12
3231,24
3232,32
3233,12
3234,22
3235,60
3236,27
3237,100
3238,23
3239,24
3240,22
3241,20
3242,14
3243,32
3244,24
3245,29
3246,41
3247,30
3248,33
3249,52
3250,78
3251,13
3252,23
3253,41
3254,35
3255,20
3256,31
3257,15
3258,36
3259,20
3260,57
3261,34
3262,24
3263,55
3264,22
3265,40
3266,83
3267,35
3268,52
3269,36
3270,57
3271,19
3272,31
3273,10
3274,36
3275,43
3276,18
3277,37
3278,52
3279,21
3280,12
3281,19
3282,12
3283,36
3284,30
3285,17
3286,34
3287,16
3288,23
3289,25
3290,55
3291,16
3292,33
3293,36
3294,30
3295,42
3296,22
3297,21
3298,45
3299,28
3300,15
3301,22
3302,44
3303,24
3304,30
3305,13
3306,27
3307,87
3308,34
3309,17
3310,21
3311,18
3312,36
3313,26
3314,62
3315,20
3316,29
3317,43
3318,17
3319,20
3320,27
3321,67
3322,35
3323,35
3324,40
3325,18
3326,16
3327,26
3328,25
3329,48
3330,35
3331,22
3332,37
3333,16
3334,32
3335,6
3336,23
3337,27
3338,33
3339,30
3340,16
3341,16
3342,49
3343,32
3344,43
3345,34
3346,22
3347,26
3348,11
3349,19
3350,25
3351,47
3352,31
3353,55
3354,23
3355,26
3356,50
3357,28
3358,22
3359,16
3360,24
3361,18
3362,27
3363,42
3364,26
3365,21
3366,29
3367,19
3368,25
3369,32
3370,15
3371,35
3372,17
3373,11
3374,32
3375,27
3376,24
3377,16
3378,25
3379,26
3380,17
3381,47
3382,62
3383,24
3384,9
3385,40
3386,25
3387,18
3388,30
3389,14
3390,29
3391,28
3392,27
3393,31
3394,60
3395,21
3396,24
3397,29
3398,16
3399,34
3400,25
3401,24
3402,42
3403,28
3404,74
3405,50
3406,36
3407,29
3408,25
3409,18
3410,27
3411,42
3412,27
3413,24
3414,15
3415,30
3416,26
3417,28
3418,13
3419,19
3420,23
3421,19
3422,46
3423,29
3424,39
3425,28
3426,20
3427,97
3428,21
3429,36
3430,13
3431,54
3432,45
3433,76
3434,35
3435,24
3436,21
3437,13
3438,30
3439,55
3440,47
3441,14
3442,24
3443,33
3444,35
3445,21
3446,29
3447,32
3448,18
3449,55
3450,46
3451,36
3452,23
3453,43
3454,52
3455,19
3456,22
3457,29
3458,58
3459,10
3460,13
3461,31
3462,34
3463,38
3464,29
3465,31
3466,36
3467,17
3468,30
3469,17
3470,35
3471,20
3472,44
3473,11
3474,17
3475,43
3476,22
3477,16
3478,50
3479,26
3480,29
3481,16
3482,20
3483,23
3484,39
3485,43
3486,21
3487,37
3488,18
3489,31
3490,21
3491,16
3492,41
3493,49
3494,35
3495,22
3496,9
3497,31
3498,34
3499,15
3500,16
3501,27
3502,22
3503,42
3504,25
3505,23
3506,28
3507,23
3508,17
3509,16
3510,36
3511,40
3512,9
3513,23
3514,36
3515,14
3516,36
3517,20
3518,18
3519,13
3520,23
3521,22
3522,69
3523,31
3524,22
3525,48
3526,28
3527,15
3528,24
3529,27
3530,15
3531,58
3532,11
3533,31
3534,27
3535,18
3536,67
3537,47
3538,57
3539,15
3540,44
3541,23
3542,28
3543,32
3544,9
3545,37
3546,56
3547,35
3548,36
3549,22
3550,17
3551,29
3552,21
3553,20
3554,8
3555,47
3556,15
3557,18
3558,26
3559,53
3560,18
3561,22
3562,32
3563,20
3564,32
3565,14
3566,23
3567,31
3568,29
3569,45
3570,16
3571,37
3572,25
3573,25
3574,79
3575,21
3576,31
3577,18
3578,14
3579,29
3580,37
3581,26
3582,32
3583,18
3584,27
3585,45
3586,27
3587,68
3588,22
3589,26
3590,30
3591,18
3592,24
3593,26
3594,17
3595,48
3596,59
3597,56
3598,24
3599,31
3600,41
3601,26
3602,27
3603,21
3604,16
3605,26
3606,25
3607,77
3608,30
3609,25
3610,13
3611,27
3612,35
3613,18
3614,18
3615,37
3616,36
3617,10
3618,32
3619,25
3620,61
3621,42
3622,18
3623,46
3624,32
3625,25
3626,34
3627,39
3628,25
3629,30
3630,45
3631,17
3632,29
3633,19
3634,22
3635,36
3636,32
3637,32
3638,23
3639,28
3640,11
3641,66
3642,27
3643,30
3644,20
3645,29
3646,15
3647,24
3648,23
3649,16
3650,23
3651,14
3652,40
3653,53
3654,25
3655,32
3656,21
3657,23
3658,16
3659,15
3660,76
3661,22
3662,53
3663,30
3664,57
3665,23
3666,13
3667,33
3668,10
3669,45
3670,65
3671,41
3672,35
3673,25
3674,17
3675,49
3676,18
3677,17
3678,30
3679,46
3680,67
3681,19
3682,21
3683,32
3684,18
3685,27
3686,7
3687,13
3688,17
3689,28
3690,37
3691,41
3692,22
3693,12
3694,19
3695,36
3696,34
3697,15
3698,17
3699,16
3700,17
3701,32
3702,43
3703,18
3704,17
3705,28
3706,36
3707,13
3708,25
3709,53
3710,20
3711,71
3712,51
3713,31
3714,28
3715,19
3716,18
3717,22
3718,31
3719,48
3720,50
3721,14
3722,23
3723,17
3724,25
3725,54
3726,38
3727,17
3728,23
3729,9
3730,13
3731,13
3732,52
3733,21
3734,71
3735,18
3736,31
3737,15
3738,27
3739,22
3740,41
3741,65
3742,18
3743,38
3744,22
3745,12
3746,30
3747,42
3748,28
3749,28
3750,23
3751,36
3752,18
3753,31
3754,21
3755,48
3756,14
3757,28
3758,9
3759,22
3760,12
3761,22
3762,34
3763,13
3764,43
3765,22
3766,68
3767,31
3768,23
3769,36
3770,31
3771,23
3772,19
3773,21
3774,16
3775,42
3776,18
3777,23
3778,44
3779,23
3780,33
3781,33
3782,36
3783,25
3784,21
3785,20
3786,19
3787,57
3788,20
3789,23
3790,28
3791,21
3792,44
3793,40
3794,25
3795,23
3796,17
3797,32
3798,18
3799,18
3800,18
3801,19
3802,78
3803,58
3804,33
3805,30
3806,23
3807,75
3808,25
3809,17
3810,35
3811,27
3812,33
3813,56
3814,13
3815,38
3816,59
3817,17
3818,22
3819,67
3820,22
3821,29
3822,18
3823,20
3824,32
3825,26
3826,19
3827,20
3828,26
3829,24
3830,27
3831,36
3832,46
3833,31
3834,26
3835,54
3836,25
3837,27
3838,20
3839,29
3840,36
3841,22
3842,25
3843,42
3844,35
3845,39
3846,23
3847,20
3848,31
3849,29
3850,64
3851,31
3852,28
3853,21
3854,33
3855,10
3856,44
3857,12
3858,16
3859,27
3860,22
3861,36
3862,22
3863,51
3864,22
3865,38
3866,30
3867,65
3868,15
3869,22
3870,27
3871,22
3872,16
3873,26
3874,30
3875,53
3876,27
3877,22
3878,18
3879,50
3880,20
3881,31
3882,14
3883,27
3884,13
3885,25
3886,29
3887,36
3888,22
3889,18
3890,30
3891,70
3892,29
3893,32
3894,38
3895,35
3896,34
3897,34
3898,15
3899,26
3900,29
3901,21
3902,36
3903,31
3904,31
3905,28
3906,37
3907,28
3908,17
3909,37
3910,30
3911,14
3912,46
3913,12
3914,28
3915,14
3916,18
3917,29
3918,100
3919,10
3920,54
3921,18
3922,25
3923,30
3924,35
3925,22
3926,47
3927,37
3928,45
3929,11
3930,64
3931,26
3932,20
3933,42
3934,28
3935,33
3936,27
3937,29
3938,23
3939,20
3940,33
3941,75
3942,30
3943,55
3944,29
3945,24
3946,22
3947,44
3948,16
3949,24
3950,25
3951,17
3952,30
3953,19
3954,16
3955,27
3956,10
3957,38
3958,18
3959,15
3960,40
3961,90
3962,34
3963,17
3964,31
3965,45
3966,33
3967,26
3968,17
3969,10
3970,21
3971,20
3972,38
3973,26
3974,15
3975,36
3976,24
3977,34
3978,56
3979,40
3980,34
3981,20
3982,23
3983,19
3984,33
3985,27
3986,20
3987,24
3988,41
3989,28
3990,34
3991,13
3992,28
3993,35
3994,36
3995,26
3996,11
3997,21
3998,30
3999,22
4000,58
4001,14
4002,19
4003,21
4004,42
4005,30
4006,17
4007,20
4008,18
4009,51
4010,21
4011,49
4012,13
4013,34
4014,46
4015,76
4016,26
4017,41
4018,18
4019,21
4020,15
4021,41
4022,26
4023,25
4024,58
4025,53
4026,34
4027,68
4028,25
4029,14
4030,42
4031,16
4032,38
4033,14
4034,38
4035,67
4036,19
4037,18
4038,19
4039,25
4040,17
4041,25
4042,63
4043,26
4044,32
4045,16
4046,30
4047,25
4048,49
4049,37
4050,16
4051,41
4052,26
4053,26
4054,28
4055,28
4056,32
4057,30
4058,66
4059,26
4060,22
4061,27
4062,70
4063,20
4064,11
4065,28
4066,24
4067,19
4068,30
4069,22
4070,32
4071,33
4072,39
4073,26
4074,24
4075,44
4076,26
4077,43
4078,74
4079,43
4080,19
4081,21
4082,29
4083,10
4084,23
4085,39
4086,64
4087,16
4088,66
4089,33
4090,25
4091,25
4092,17
4093,46
4094,23
4095,15
4096,50
4097,32
4098,8
4099,15
4100,22
4101,24
4102,13
4103,32
4104,29
4105,24
4106,18
4107,18
4108,30
4109,13
4110,29
4111,37
4112,20
4113,23
4114,22
4115,20
4116,15
4117,27
4118,43
4119,40
4120,19
4121,21
4122,21
4123,50
4124,36
4125,13
4126,23
4127,30
4128,16
4129,35
4130,18
4131,38
4132,22
4133,40
4134,26
4135,27
4136,31
4137,13
4138,75
4139,15
4140,14
4141,35
4142,13
4143,35
4144,17
4145,38
4146,38
4147,33
4148,19
4149,10
4150,34
4151,18
4152,36
4153,11
4154,27
4155,21
4156,22
4157,39
4158,37
4159,19
4160,19
4161,23
4162,33
4163,25
4164,50
4165,18
4166,21
4167,19
4168,14
4169,22
4170,18
4171,22
4172,47
4173,16
4174,23
4175,20
4176,75
4177,32
4178,19
4179,28
4180,14
4181,25
4182,24
4183,30
4184,29
4185,13
4186,41
4187,14
4188,26
4189,33
4190,18
4191,52
4192,18
4193,32
4194,26
4195,37
4196,31
4197,16
4198,18
4199,31
4200,32
4201,32
4202,16
4203,34
4204,9
4205,21
4206,29
4207,53
4208,26
4209,15
4210,24
4211,28
4212,67
4213,17
4214,20
4215,18
4216,33
4217,20
4218,71
4219,54
4220,74
4221,23
4222,23
4223,22
4224,38
4225,25
4226,21
4227,15
4228,12
4229,21
4230,14
4231,20
4232,20
4233,28
4234,18
4235,21
4236,37
4237,40
4238,50
4239,18
4240,24
4241,31
4242,7
4243,36
4244,39
4245,20
4246,22
4247,18
4248,34
4249,18
4250,34
4251,58
4252,10
4253,48
4254,39
4255,26
4256,18
4257,33
4258,17
4259,23
4260,13
4261,52
4262,14
4263,13
4264,81
4265,27
4266,40
4267,43
4268,62
4269,25
4270,20
4271,46
4272,21
4273,62
4274,26
4275,29
4276,19
4277,21
4278,33
4279,25
4280,44
4281,11
4282,38
4283,35
4284,45
4285,43
4286,46
4287,23
4288,20
4289,25
4290,42
4291,24
4292,47
4293,41
4294,23
4295,37
4296,25
4297,19
4298,35
4299,33
4300,34
4301,27
4302,36
4303,39
4304,22
4305,26
4306,40
4307,42
4308,19
4309,11
4310,23
4311,44
4312,32
4313,19
4314,29
4315,11
4316,34
4317,33
4318,25
4319,36
4320,16
4321,18
4322,42
4323,14
4324,8
4325,21
4326,28
4327,15
4328,28
4329,34
4330,21
4331,33
4332,37
4333,25
4334,38
4335,21
4336,42
4337,14
4338,18
4339,13
4340,36
4341,45
4342,34
4343,23
4344,69
4345,25
4346,20
4347,36
4348,20
4349,27
4350,47
4351,30
4352,15
4353,28
4354,13
4355,44
4356,41
4357,43
4358,30
4359,33
4360,28
4361,20
4362,18
4363,14
4364,8
4365,21
4366,48
4367,7
4368,38
4369,20
4370,30
4371,24
4372,56
4373,24
4374,13
4375,48
4376,34
4377,40
4378,26
4379,18
4380,15
4381,78
4382,43
4383,51
4384,24
4385,44
4386,17
4387,47
4388,23
4389,33
4390,32
4391,26
4392,23
4393,50
4394,26
4395,69
4396,69
4397,21
4398,31
4399,63
4400,23
4401,40
4402,34
4403,18
4404,19
4405,18
4406,33
4407,39
4408,41
4409,33
4410,22
4411,38
4412,62
4413,20
4414,46
4415,20
4416,16
4417,51
4418,36
4419,52
4420,52
4421,64
4422,39
4423,39
4424,26
4425,11
4426,10
4427,29
4428,24
4429,41
4430,38
4431,38
4432,36
4433,44
4434,20
4435,18
4436,15
4437,15
4438,46
4439,13
4440,33
4441,28
4442,33
4443,12
4444,44
4445,14
4446,28
4447,41
4448,29
4449,12
4450,32
4451,26
4452,15
4453,46
4454,23
4455,30
4456,51
4457,65
4458,37
4459,10
4460,44
4461,28
4462,27
4463,13
4464,36
4465,43
4466,25
4467,27
4468,30
4469,16
4470,38
4471,32
4472,40
4473,37
4474,25
4475,33
4476,42
4477,30
4478,36
4479,24
4480,30
4481,34
4482,38
4483,20
4484,34
4485,61
4486,48
4487,21
4488,18
4489,17
4490,27
4491,25
4492,17
4493,28
4494,16
4495,28
4496,25
4497,55
4498,14
4499,20
4500,11
4501,60
4502,46
4503,20
4504,13
4505,38
4506,21
4507,16
4508,50
4509,56
4510,23
4511,14
4512,22
4513,9
4514,18
4515,7
4516,28
4517,20
4518,31
4519,23
4520,19
4521,26
4522,49
4523,26
4524,31
4525,67
4526,38
4527,19
4528,53
4529,41
4530,28
4531,23
4532,40
4533,18
4534,18
4535,14
4536,13
4537,9
4538,15
4539,15
4540,45
4541,40
4542,31
4543,15
4544,24
4545,44
4546,33
4547,21
4548,24
4549,15
4550,27
4551,15
4552,47
4553,28
4554,29
4555,30
4556,26
4557,10
4558,37
4559,32
4560,14
4561,35
4562,20
4563,76
4564,45
4565,14
4566,25
4567,23
4568,20
4569,34
4570,18
4571,29
4572,35
4573,29
4574,24
4575,18
4576,22
4577,77
4578,19
4579,34
4580,32
4581,32
4582,50
4583,31
4584,54
4585,28
4586,13
4587,24
4588,36
4589,24
4590,28
4591,17
4592,24
4593,37
4594,24
4595,22
4596,34
4597,21
4598,37
4599,54
4600,38
4601,31
4602,32
4603,30
4604,17
4605,18
4606,28
4607,24
4608,21
4609,14
4610,29
4611,19
4612,18
4613,23
4614,38
4615,66
4616,35
4617,21
4618,9
4619,39
4620,25
4621,23
4622,44
4623,17
4624,29
4625,15
4626,7
4627,17
4628,34
4629,23
4630,60
4631,60
4632,42
4633,21
4634,53
4635,46
4636,12
4637,45
4638,20
4639,33
4640,25
4641,17
4642,21
4643,26
4644,60
4645,26
4646,28
4647,10
4648,25
4649,42
4650,14
4651,24
4652,29
4653,33
4654,27
4655,24
4656,77
4657,57
4658,13
4659,46
4660,33
4661,33
4662,17
4663,28
4664,30
4665,16
4666,20
4667,15
4668,32
4669,19
4670,35
4671,32
4672,20
4673,70
4674,29
4675,44
4676,33
4677,16
4678,43
4679,56
4680,13
4681,45
4682,42
4683,17
4684,44
4685,39
4686,27
4687,15
4688,16
4689,26
4690,53
4691,47
4692,25
4693,18
4694,25
4695,53
4696,15
4697,21
4698,25
4699,24
4700,24
4701,59
4702,18
4703,37
4704,21
4705,22
4706,25
4707,23
4708,37
4709,26
4710,18
4711,66
4712,42
4713,25
4714,19
4715,30
4716,23
4717,18
4718,16
4719,9
4720,27
4721,13
4722,30
4723,27
4724,20
4725,75
4726,22
4727,16
4728,13
4729,27
4730,21
4731,32
4732,30
4733,53
4734,12
4735,20
4736,44
4737,15
4738,34
4739,37
4740,18
4741,15
4742,26
4743,29
4744,16
4745,30
4746,33
4747,12
4748,16
4749,31
4750,33
4751,15
4752,42
4753,22
4754,40
4755,29
4756,33
4757,42
4758,21
4759,35
4760,20
4761,27
4762,49
4763,27
4764,38
4765,16
4766,30
4767,39
4768,17
4769,19
4770,27
4771,15
4772,22
4773,22
4774,34
4775,28
4776,67
4777,39
4778,34
4779,60
4780,24
4781,34
4782,40
4783,27
4784,21
4785,21
4786,50
4787,26
4788,26
4789,54
4790,17
4791,36
4792,17
4793,23
4794,19
4795,17
4796,12
4797,20
4798,37
4799,72
4800,29
4801,33
4802,24
4803,14
4804,26
4805,34
4806,16
4807,59
4808,38
4809,32
4810,60
4811,35
4812,16
4813,47
4814,10
4815,40
4816,19
4817,23
4818,35
4819,90
4820,34
4821,22
4822,25
4823,95
4824,19
4825,17
4826,29
4827,29
4828,53
4829,49
4830,42
4831,12
4832,30
4833,19
4834,20
4835,12
4836,22
4837,39
4838,27
4839,43
4840,18
4841,28
4842,9
4843,17
4844,49
4845,23
4846,34
4847,24
4848,24
4849,26
4850,14
4851,16
4852,43
4853,28
4854,40
4855,27
4856,14
4857,49
4858,28
4859,50
4860,49
4861,35
4862,14
4863,38
4864,25
4865,25
4866,25
4867,9
4868,31
4869,34
4870,25
4871,22
4872,21
4873,19
4874,38
4875,27
4876,81
4877,18
4878,38
4879,24
4880,59
4881,25
4882,29
4883,30
4884,26
4885,29
4886,17
4887,46
4888,11
4889,19
4890,32
4891,24
4892,18
4893,29
4894,20
4895,11
4896,29
4897,38
4898,36
4899,26
4900,16
4901,34
4902,36
4903,15
4904,61
4905,29
4906,24
4907,22
4908,18
4909,22
4910,13
4911,43
4912,14
4913,13
4914,26
4915,39
4916,32
4917,23
4918,20
4919,22
4920,55
4921,14
4922,44
4923,62
4924,36
4925,26
4926,27
4927,28
4928,21
4929,21
4930,28
4931,29
4932,12
4933,28
4934,20
4935,46
4936,36
4937,34
4938,28
4939,47
4940,11
4941,60
4942,9
4943,37
4944,34
4945,19
4946,18
4947,28
4948,30
4949,50
4950,18
4951,31
4952,25
4953,18
4954,39
4955,29
4956,33
4957,54
4958,15
4959,31
4960,25
4961,34
4962,18
4963,37
4964,29
4965,9
4966,37
4967,27
4968,38
4969,26
4970,20
4971,18
4972,19
4973,31
4974,21
4975,23
4976,22
4977,22
4978,26
4979,28
4980,27
4981,53
4982,20
4983,35
4984,17
4985,20
4986,25
4987,22
4988,31
4989,14
4990,23
4991,24
4992,23
4993,18
4994,20
4995,36
4996,48
4997,34
4998,32
4999,26
5000,40
5001,41
5002,20
5003,22
5004,51
5005,40
5006,36
5007,32
5008,20
5009,24
5010,33
5011,42
5012,41
5013,13
5014,50
5015,22
5016,20
5017,16
5018,33
5019,23
5020,34
5021,29
5022,45
5023,46
5024,36
5025,59
5026,28
5027,27
5028,36
5029,31
5030,18
5031,24
5032,24
5033,24
5034,66
5035,32
5036,19
5037,27
5038,22
5039,26
5040,23
5041,26
5042,33
5043,31
5044,28
5045,26
5046,11
5047,17
5048,15
5049,42
5050,31
5051,13
5052,16
5053,26
5054,41
5055,46
5056,34
5057,34
5058,16
5059,25
5060,16
5061,19
5062,15
5063,40
5064,27
5065,7
5066,52
5067,15
5068,60
5069,44
5070,41
5071,39
5072,35
5073,59
5074,34
5075,78
5076,9
5077,25
5078,44
5079,12
5080,37
5081,47
5082,38
5083,52
5084,29
5085,37
5086,24
5087,16
5088,7
5089,21
5090,16
5091,18
5092,48
5093,17
5094,18
5095,20
5096,22
5097,29
5098,53
5099,20
5100,49
5101,62
5102,21
5103,24
5104,44
5105,20
5106,13
5107,33
5108,39
5109,12
5110,16
5111,32
5112,35
5113,41
5114,39
5115,27
5116,35
5117,37
5118,47
5119,23
5120,20
5121,12
5122,26
5123,38
5124,37
5125,12
5126,58
5127,80
5128,18
5129,21
5130,27
5131,21
5132,23
5133,25
5134,57
5135,24
5136,40
5137,21
5138,39
5139,39
5140,45
5141,19
5142,43
5143,27
5144,34
5145,10
5146,41
5147,39
5148,31
5149,16
5150,22
5151,42
5152,61
5153,20
5154,31
5155,17
5156,41
5157,18
5158,25
5159,7
5160,37
5161,46
5162,24
5163,32
5164,29
5165,32
5166,18
5167,20
5168,13
5169,16
5170,34
5171,40
5172,20
5173,44
5174,29
5175,77
5176,16
5177,41
5178,11
5179,23
5180,38
5181,24
5182,62
5183,21
5184,33
5185,23
5186,19
5187,15
5188,37
5189,14
5190,62
5191,15
5192,51
5193,38
5194,31
5195,14
5196,15
5197,33
5198,52
5199,29
5200,16
5201,20
5202,22
5203,39
5204,19
5205,24
5206,22
5207,14
5208,17
5209,47
5210,94
5211,63
5212,41
5213,18
5214,9
5215,20
5216,37
5217,9
5218,30
5219,30
5220,33
5221,29
5222,23
5223,23
5224,29
5225,26
5226,21
5227,17
5228,34
5229,35
5230,58
5231,33
5232,56
5233,12
5234,35
5235,28
5236,14
5237,16
5238,22
5239,59
5240,22
5241,37
5242,23
5243,25
5244,25
5245,22
5246,14
5247,11
5248,48
5249,19
5250,41
5251,19
5252,10
5253,22
5254,40
5255,26
5256,31
5257,11
5258,61
5259,23
5260,25
5261,26
5262,41
5263,21
5264,22
5265,9
5266,25
5267,15
5268,22
5269,19
5270,26
5271,50
5272,30
5273,19
5274,24
5275,28
5276,25
5277,41
5278,58
5279,65
5280,46
5281,38
5282,21
5283,14
5284,10
5285,32
5286,29
5287,21
5288,42
5289,42
5290,42
5291,27
5292,32
5293,18
5294,26
5295,34
5296,18
5297,47
5298,30
5299,17
5300,19
5301,22
5302,56
5303,52
5304,27
5305,42
5306,10
5307,32
5308,37
5309,37
5310,23
5311,25
5312,36
5313,62
5314,43
5315,65
5316,18
5317,25
5318,24
5319,33
5320,48
5321,51
5322,58
5323,21
5324,51
5325,32
5326,26
5327,43
5328,19
5329,37
5330,14
5331,26
5332,37
5333,40
5334,51
5335,22
5336,66
5337,50
5338,13
5339,14
5340,18
5341,34
5342,14
5343,37
5344,57
5345,25
5346,30
5347,39
5348,24
5349,31
5350,15
5351,48
5352,18
5353,44
5354,17
5355,44
5356,17
5357,43
5358,22
5359,15
5360,12
5361,28
5362,29
5363,18
5364,15
5365,15
5366,20
5367,22
5368,28
5369,23
5370,21
5371,22
5372,18
5373,15
5374,39
5375,30
5376,19
5377,50
5378,42
5379,40
5380,17
5381,16
5382,14
5383,28
5384,31
5385,38
5386,54
5387,54
5388,18
5389,28
5390,22
5391,31
5392,15
5393,44
5394,25
5395,19
5396,35
5397,39
5398,20
5399,34
5400,24
5401,60
5402,25
5403,33
5404,33
5405,23
5406,21
5407,37
5408,28
5409,59
5410,22
5411,27
5412,47
5413,54
5414,32
5415,32
5416,39
5417,41
5418,37
5419,38
5420,17
5421,24
5422,12
5423,29
5424,44
5425,30
5426,33
5427,20
5428,24
5429,73
5430,32
5431,36
5432,23
5433,27
5434,37
5435,73
5436,20
5437,25
5438,21
5439,36
5440,19
5441,35
5442,17
5443,30
5444,19
5445,19
5446,24
5447,36
5448,25
5449,32
5450,15
5451,22
5452,78
5453,20
5454,20
5455,54
5456,37
5457,27
5458,21
5459,19
5460,17
5461,16
5462,19
5463,15
5464,27
5465,30
5466,43
5467,44
5468,39
5469,19
5470,38
5471,28
5472,15
5473,30
5474,17
5475,45
5476,17
5477,65
5478,37
5479,10
5480,23
5481,72
5482,23
5483,55
5484,43
5485,49
5486,14
5487,32
5488,29
5489,29
5490,35
5491,10
5492,39
5493,94
5494,13
5495,26
5496,63
5497,20
5498,16
5499,18
5500,66
5501,51
5502,36
5503,22
5504,55
5505,26
5506,80
5507,20
5508,28
5509,31
5510,30
5511,20
5512,41
5513,35
5514,38
5515,39
5516,14
5517,10
5518,28
5519,45
5520,50
5521,21
5522,15
5523,25
5524,31
5525,30
5526,33
5527,25
5528,31
5529,30
5530,25
5531,34
5532,27
5533,22
5534,37
5535,17
5536,63
5537,30
5538,28
5539,57
5540,33
5541,26
5542,24
5543,50
5544,24
5545,19
5546,47
5547,26
5548,49
5549,18
5550,53
5551,19
5552,33
5553,29
5554,40
5555,25
5556,15
5557,62
5558,23
5559,39
5560,31
5561,65
5562,57
5563,36
5564,17
5565,31
5566,26
5567,30
5568,20
5569,51
5570,12
5571,24
5572,12
5573,46
5574,36
5575,24
5576,8
5577,19
5578,35
5579,39
5580,14
5581,23
5582,25
5583,29
5584,23
5585,29
5586,37
5587,20
5588,31
5589,28
5590,16
5591,46
5592,100
5593,35
5594,27
5595,17
5596,28
5597,32
5598,25
5599,23
5600,25
5601,24
5602,10
5603,31
5604,31
5605,56
5606,28
5607,13
5608,52
5609,33
5610,40
5611,30
5612,68
5613,29
5614,53
5615,19
5616,65
5617,20
5618,21
5619,10
5620,39
5621,16
5622,26
5623,30
5624,47
5625,38
5626,57
5627,56
5628,16
5629,15
5630,40
5631,56
5632,47
5633,42
5634,34
5635,35
5636,35
5637,38
5638,59
5639,16
5640,26
5641,37
5642,14
5643,11
5644,28
5645,26
5646,13
5647,40
5648,38
5649,22
5650,26
5651,23
5652,36
5653,24
5654,28
5655,19
5656,8
5657,41
5658,22
5659,13
5660,27
5661,33
5662,27
5663,31
5664,24
5665,18
5666,26
5667,15
5668,28
5669,25
5670,23
5671,27
5672,17
5673,36
5674,20
5675,17
5676,30
5677,41
5678,23
5679,24
5680,31
5681,15
5682,34
5683,21
5684,10
5685,28
5686,27
5687,18
5688,33
5689,22
5690,34
5691,24
5692,57
5693,36
5694,33
5695,34
5696,18
5697,16
5698,21
5699,11
5700,26
5701,17
5702,28
5703,23
5704,49
5705,16
5706,20
5707,27
5708,19
5709,28
5710,34
5711,54
5712,36
5713,28
5714,26
5715,26
5716,32
5717,61
5718,44
5719,15
5720,31
5721,53
5722,33
5723,17
5724,21
5725,40
5726,17
5727,40
5728,29
5729,24
5730,41
5731,40
5732,38
5733,60
5734,21
5735,78
5736,37
5737,17
5738,26
5739,17
5740,48
5741,28
5742,15
5743,43
5744,31
5745,41
5746,34
5747,39
5748,28
5749,41
5750,30
5751,28
5752,29
5753,12
5754,35
5755,28
5756,32
5757,35
5758,21
5759,29
5760,20
5761,14
5762,60
5763,30
5764,16
5765,26
5766,34
5767,30
5768,14
5769,26
5770,29
5771,19
5772,11
5773,36
5774,25
5775,33
5776,16
5777,19
5778,23
5779,15
5780,30
5781,21
5782,34
5783,34
5784,36
5785,18
5786,55
5787,30
5788,19
5789,34
5790,78
5791,50
5792,14
5793,30
5794,37
5795,20
5796,23
5797,23
5798,41
5799,48
5800,24
5801,18
5802,12
5803,51
5804,21
5805,17
5806,43
5807,60
5808,31
5809,34
5810,22
5811,72
5812,23
5813,66
5814,11
5815,23
5816,24
5817,50
5818,25
5819,19
5820,19
5821,14
5822,75
5823,27
5824,45
5825,16
5826,34
5827,16
5828,29
5829,56
5830,26
5831,26
5832,14
5833,19
5834,22
5835,22
5836,21
5837,36
5838,29
5839,29
5840,22
5841,25
5842,76
5843,18
5844,25
5845,25
5846,31
5847,63
5848,27
5849,50
5850,25
5851,20
5852,71
5853,12
5854,31
5855,36
5856,48
5857,31
5858,32
5859,38
5860,47
5861,37
5862,15
5863,58
5864,22
5865,21
5866,25
5867,20
5868,14
5869,21
5870,19
5871,11
5872,32
5873,26
5874,17
5875,14
5876,29
5877,28
5878,12
5879,30
5880,14
5881,43
5882,51
5883,40
5884,20
5885,40
5886,53
5887,42
5888,20
5889,22
5890,58
5891,25
5892,26
5893,22
5894,26
5895,41
5896,12
5897,11
5898,68
5899,38
5900,31
5901,36
5902,60
5903,18
5904,11
5905,40
5906,24
5907,64
5908,19
5909,29
5910,24
5911,60
5912,61
5913,31
5914,69
5915,18
5916,24
5917,17
5918,14
5919,23
5920,48
5921,85
5922,23
5923,15
5924,36
5925,17
5926,29
5927,56
5928,19
5929,5
5930,39
5931,30
5932,30
5933,22
5934,50
5935,56
5936,17
5937,41
5938,33
5939,12
5940,43
5941,18
5942,17
5943,21
5944,20
5945,17
5946,30
5947,24
5948,63
5949,18
5950,31
5951,34
5952,46
5953,28
5954,17
5955,87
5956,30
5957,32
5958,22
5959,14
5960,24
5961,23
5962,18
5963,13
5964,46
5965,26
5966,35
5967,34
5968,32
5969,47
5970,80
5971,20
5972,21
5973,15
5974,20
5975,14
5976,32
5977,15
5978,29
5979,21
5980,13
5981,63
5982,29
5983,27
5984,37
5985,21
5986,18
5987,9
5988,35
5989,22
5990,10
5991,16
5992,38
5993,22
5994,15
5995,20
5996,43
5997,20
5998,19
5999,17
6000,36
6001,20
6002,31
6003,19
6004,32
6005,29
6006,29
6007,25
6008,13
6009,28
6010,15
6011,50
6012,41
6013,52
6014,22
6015,13
6016,11
6017,27
6018,20
6019,19
6020,12
6021,24
6022,28
6023,14
6024,40
6025,43
6026,25
6027,20
6028,23
6029,11
6030,23
6031,38
6032,45
6033,15
6034,66
6035,21
6036,41
6037,27
6038,51
6039,24
6040,15
6041,44
6042,31
6043,19
6044,36
6045,38
6046,13
6047,64
6048,28
6049,23
6050,41
6051,19
6052,20
6053,37
6054,28
6055,12
6056,13
6057,28
6058,49
6059,55
6060,17
6061,16
6062,27
6063,47
6064,24
6065,27
6066,71
6067,19
6068,16
6069,20
6070,17
6071,42
6072,37
6073,21
6074,36
6075,19
6076,29
6077,35
6078,17
6079,60
6080,27
6081,60
6082,20
6083,23
6084,28
6085,37
6086,42
6087,25
6088,17
6089,17
6090,17
6091,31
6092,27
6093,27
6094,31
6095,9
6096,41
6097,10
6098,25
6099,16
6100,31
6101,35
6102,25
6103,43
6104,20
6105,45
6106,12
6107,60
6108,40
6109,28
6110,65
6111,24
6112,23
6113,29
6114,30
6115,40
6116,28
6117,30
6118,31
6119,29
6120,45
6121,41
6122,14
6123,45
6124,37
6125,56
6126,39
6127,44
6128,26
6129,26
6130,44
6131,18
6132,39
6133,48
6134,18
6135,88
6136,26
6137,20
6138,22
6139,14
6140,22
6141,40
6142,20
6143,40
6144,35
6145,37
6146,41
6147,65
6148,16
6149,7
6150,26
6151,26
6152,15
6153,17
6154,14
6155,12
6156,34
6157,17
6158,7
6159,22
6160,16
6161,32
6162,47
6163,35
6164,9
6165,29
6166,25
6167,15
6168,28
6169,29
6170,12
6171,14
6172,26
6173,41
6174,25
6175,38
6176,43
6177,16
6178,33
6179,21
6180,30
6181,17
6182,61
6183,25
6184,40
6185,38
6186,28
6187,18
6188,15
6189,16
6190,27
6191,46
6192,50
6193,43
6194,22
6195,26
6196,16
6197,31
6198,23
6199,21
6200,50
6201,28
6202,34
6203,27
6204,46
6205,54
6206,23
6207,35
6208,9
6209,18
6210,16
6211,14
6212,40
6213,19
6214,19
6215,33
6216,40
6217,16
6218,30
6219,26
6220,74
6221,26
6222,30
6223,33
6224,15
6225,45
6226,28
6227,34
6228,30
6229,48
6230,62
6231,47
6232,35
6233,22
6234,18
6235,32
6236,24
6237,13
6238,37
6239,19
6240,16
6241,36
6242,18
6243,48
6244,27
6245,37
6246,23
6247,49
6248,18
6249,24
6250,40
6251,14
6252,33
6253,37
6254,23
6255,42
6256,52
6257,22
6258,24
6259,16
6260,24
6261,53
6262,12
6263,31
6264,43
6265,83
6266,18
6267,28
6268,26
6269,17
6270,11
6271,28
6272,8
6273,33
6274,8
6275,43
6276,38
6277,22
6278,27
6279,22
6280,12
6281,15
6282,36
6283,32
6284,28
6285,23
6286,31
6287,30
6288,29
6289,54
6290,51
6291,37
6292,45
6293,27
6294,34
6295,13
6296,33
6297,49
6298,15
6299,19
6300,19
6301,22
6302,28
6303,7
6304,21
6305,13
6306,21
6307,38
6308,37
6309,40
6310,32
6311,35
6312,17
6313,17
6314,13
6315,40
6316,36
6317,43
6318,9
6319,14
6320,31
6321,69
6322,39
6323,21
6324,38
6325,41
6326,9
6327,77
6328,16
6329,15
6330,36
6331,15
6332,27
6333,29
6334,48
6335,20
6336,28
6337,23
6338,14
6339,16
6340,25
6341,30
6342,19
6343,23
6344,19
6345,18
6346,19
6347,25
6348,40
6349,40
6350,22
6351,68
6352,29
6353,38
6354,20
6355,35
6356,22
6357,23
6358,24
6359,28
6360,22
6361,22
6362,28
6363,19
6364,22
6365,29
6366,21
6367,51
6368,37
6369,24
6370,22
6371,43
6372,61
6373,29
6374,18
6375,23
6376,22
6377,37
6378,57
6379,23
6380,16
6381,30
6382,60
6383,16
6384,19
6385,19
6386,7
6387,30
6388,38
6389,22
6390,32
6391,29
6392,35
6393,32
6394,17
6395,28
6396,43
6397,18
6398,45
6399,46
6400,8
6401,39
6402,14
6403,31
6404,50
6405,13
6406,37
6407,25
6408,30
6409,23
6410,26
6411,66
6412,62
6413,20
6414,31
6415,38
6416,18
6417,18
6418,16
6419,42
6420,30
6421,20
6422,31
6423,11
6424,30
6425,91
6426,38
6427,9
6428,32
6429,21
6430,43
6431,23
6432,16
6433,22
6434,21
6435,24
6436,54
6437,15
6438,35
6439,27
6440,42
6441,15
6442,31
6443,61
6444,23
6445,41
6446,16
6447,19
6448,32
6449,28
6450,36
6451,32
6452,41
6453,38
6454,49
6455,16
6456,14
6457,41
6458,25
6459,28
6460,36
6461,18
6462,27
6463,50
6464,32
6465,23
6466,32
6467,44
6468,24
6469,63
6470,16
6471,35
6472,23
6473,33
6474,51
6475,22
6476,30
6477,20
6478,24
6479,27
6480,19
6481,26
6482,31
6483,33
6484,34
6485,10
6486,23
6487,33
6488,30
6489,21
6490,27
6491,12
6492,34
6493,39
6494,29
6495,29
6496,23
6497,23
6498,50
6499,21
6500,41
6501,30
6502,51
6503,24
6504,24
6505,34
6506,23
6507,69
6508,40
6509,19
6510,15
6511,19
6512,26
6513,31
6514,51
6515,12
6516,31
6517,33
6518,13
6519,35
6520,19
6521,20
6522,25
6523,55
6524,63
6525,30
6526,22
6527,47
6528,25
6529,23
6530,36
6531,22
6532,60
6533,9
6534,36
6535,14
6536,40
6537,26
6538,19
6539,40
6540,29
6541,16
6542,23
6543,21
6544,30
6545,31
6546,21
6547,55
6548,11
6549,15
6550,16
6551,51
6552,14
6553,38
6554,26
6555,37
6556,20
6557,14
6558,36
6559,24
6560,22
6561,49
6562,30
6563,32
6564,29
6565,100
6566,20
6567,22
6568,22
6569,18
6570,29
6571,41
6572,12
6573,18
6574,18
6575,31
6576,19
6577,31
6578,57
6579,17
6580,41
6581,55
6582,14
6583,35
6584,35
6585,10
6586,17
6587,50
6588,21
6589,10
6590,56
6591,35
6592,31
6593,20
6594,21
6595,19
6596,34
6597,16
6598,16
6599,38
6600,17
6601,24
6602,17
6603,84
6604,29
6605,26
6606,24
6607,39
6608,23
6609,48
6610,21
6611,39
6612,12
6613,32
6614,14
6615,48
6616,34
6617,36
6618,19
6619,26
6620,23
6621,18
6622,13
6623,33
6624,33
6625,47
6626,57
6627,62
6628,21
6629,31
6630,21
6631,18
6632,37
6633,19
6634,42
6635,20
6636,27
6637,28
6638,23
6639,56
6640,22
6641,20
6642,39
6643,36
6644,73
6645,22
6646,30
6647,21
6648,50
6649,36
6650,24
6651,16
6652,24
6653,36
6654,36
6655,23
6656,35
6657,18
6658,53
6659,24
6660,25
6661,17
6662,67
6663,15
6664,23
6665,28
6666,28
6667,21
6668,45
6669,17
6670,32
6671,33
6672,24
6673,79
6674,39
6675,51
6676,34
6677,20
6678,17
6679,23
6680,36
6681,27
6682,25
6683,29
6684,64
6685,16
6686,18
6687,14
6688,36
6689,19
6690,17
6691,33
6692,35
6693,57
6694,21
6695,23
6696,45
6697,32
6698,11
6699,14
6700,26
6701,32
6702,28
6703,14
6704,23
6705,18
6706,13
6707,57
6708,17
6709,36
6710,68
6711,15
6712,28
6713,75
6714,16
6715,27
6716,84
6717,20
6718,27
6719,35
6720,26
6721,86
6722,13
6723,36
6724,16
6725,14
6726,34
6727,24
6728,53
6729,14
6730,54
6731,53
6732,21
6733,23
6734,21
6735,28
6736,32
6737,47
6738,26
6739,24
6740,27
6741,51
6742,58
6743,28
6744,32
6745,36
6746,24
6747,48
6748,24
6749,53
6750,17
6751,15
6752,52
6753,18
6754,34
6755,26
6756,25
6757,23
6758,24
6759,26
6760,30
6761,17
6762,20
6763,34
6764,25
6765,28
6766,16
6767,20
6768,46
6769,23
6770,35
6771,18
6772,28
6773,14
6774,13
6775,23
6776,20
6777,26
6778,18
6779,16
6780,18
6781,54
6782,13
6783,14
6784,36
6785,16
6786,24
6787,33
6788,21
6789,14
6790,55
6791,23
6792,55
6793,30
6794,48
6795,19
6796,35
6797,24
6798,24
6799,27
6800,16
6801,23
6802,38
6803,13
6804,14
6805,51
6806,40
6807,23
6808,32
6809,26
6810,25
6811,31
6812,15
6813,34
6814,13
6815,26
6816,30
6817,19
6818,30
6819,21
6820,45
6821,34
6822,37
6823,37
6824,67
6825,33
6826,29
6827,20
6828,18
6829,29
6830,30
6831,34
6832,34
6833,22
6834,24
6835,23
6836,26
6837,25
6838,32
6839,17
6840,30
6841,33
6842,41
6843,23
6844,47
6845,20
6846,40
6847,21
6848,28
6849,19
6850,33
6851,100
6852,52
6853,14
6854,28
6855,42
6856,27
6857,42
6858,23
6859,17
6860,22
6861,38
6862,44
6863,13
6864,16
6865,27
6866,48
6867,38
6868,24
6869,48
6870,17
6871,19
6872,32
6873,61
6874,20
6875,36
6876,32
6877,29
6878,26
6879,28
6880,11
6881,29
6882,32
6883,19
6884,37
6885,44
6886,30
6887,40
6888,17
6889,21
6890,17
6891,34
6892,61
6893,39
6894,30
6895,48
6896,20
6897,80
6898,17
6899,50
6900,23
6901,31
6902,27
6903,37
6904,18
6905,57
6906,28
6907,58
6908,53
6909,39
6910,43
6911,30
6912,60
6913,10
6914,20
6915,60
6916,24
6917,51
6918,13
6919,19
6920,29
6921,58
6922,18
6923,23
6924,32
6925,13
6926,71
6927,16
6928,41
6929,33
6930,16
6931,55
6932,27
6933,11
6934,28
6935,29
6936,16
6937,41
6938,100
6939,25
6940,51
6941,16
6942,18
6943,19
6944,21
6945,31
6946,15
6947,18
6948,22
6949,29
6950,38
6951,20
6952,24
6953,25
6954,15
6955,31
6956,32
6957,47
6958,36
6959,24
6960,54
6961,12
6962,35
6963,29
6964,38
6965,59
6966,29
6967,27
6968,57
6969,16
6970,36
6971,32
6972,21
6973,70
6974,42
6975,27
6976,68
6977,67
6978,16
6979,17
6980,28
6981,27
6982,23
6983,19
6984,39
6985,36
6986,41
6987,30
6988,20
6989,22
6990,17
6991,31
6992,37
6993,22
6994,43
6995,39
6996,29
6997,17
6998,56
6999,14
7000,30
7001,31
7002,41
7003,25
7004,38
7005,53
7006,21
7007,14
7008,23
7009,22
7010,63
7011,19
7012,23
7013,33
7014,27
7015,21
7016,38
7017,25
7018,29
7019,13
7020,29
7021,18
7022,14
7023,25
7024,14
7025,20
7026,29
7027,13
7028,64
7029,27
7030,62
7031,19
7032,27
7033,21
7034,77
7035,13
7036,40
7037,12
7038,15
7039,16
7040,34
7041,42
7042,12
7043,42
7044,14
7045,21
7046,32
7047,26
7048,23
7049,21
7050,13
7051,39
7052,29
7053,36
7054,32
7055,24
7056,17
7057,16
7058,27
7059,26
7060,38
7061,16
7062,37
7063,26
7064,20
7065,15
7066,33
7067,19
7068,17
7069,27
7070,19
7071,50
7072,22
7073,39
7074,21
7075,36
7076,22
7077,35
7078,42
7079,46
7080,36
7081,25
7082,42
7083,30
7084,53
7085,31
7086,31
7087,51
7088,27
7089,57
7090,33
7091,42
7092,36
7093,24
7094,27
7095,45
7096,8
7097,15
7098,23
7099,25
7100,30
7101,34
7102,44
7103,61
7104,28
7105,29
7106,35
7107,37
7108,28
7109,17
7110,23
7111,31
7112,16
7113,29
7114,31
7115,88
7116,26
7117,15
7118,30
7119,26
7120,53
7121,48
7122,24
7123,32
7124,28
7125,27
7126,35
7127,16
7128,46
7129,20
7130,40
7131,31
7132,45
7133,12
7134,27
7135,17
7136,24
7137,25
7138,34
7139,14
7140,28
7141,35
7142,19
7143,25
7144,44
7145,39
7146,32
7147,57
7148,32
7149,24
7150,28
7151,27
7152,19
7153,22
7154,21
7155,24
7156,40
7157,13
7158,23
7159,29
7160,21
7161,77
7162,27
7163,29
7164,26
7165,32
7166,14
7167,42
7168,39
7169,11
7170,16
7171,20
7172,41
7173,32
7174,36
7175,37
7176,24
7177,40
7178,27
7179,32
7180,21
7181,80
7182,27
7183,43
7184,25
7185,20
7186,12
7187,8
7188,39
7189,33
7190,27
7191,57
7192,49
7193,22
7194,18
7195,17
7196,57
7197,62
7198,28
7199,16
7200,55
7201,17
7202,32
7203,84
7204,19
7205,19
7206,23
7207,25
7208,30
7209,35
7210,12
7211,27
7212,39
7213,12
7214,41
7215,38
7216,35
7217,16
7218,34
7219,23
7220,45
7221,18
7222,83
7223,41
7224,45
7225,54
7226,30
7227,47
7228,41
7229,39
7230,21
7231,24
7232,26
7233,46
7234,24
7235,34
7236,39
7237,28
7238,13
7239,41
7240,27
7241,49
7242,7
7243,23
7244,17
7245,28
7246,25
7247,36
7248,37
7249,27
7250,24
7251,58
7252,79
7253,26
7254,24
7255,40
7256,39
7257,26
7258,22
7259,43
7260,16
7261,40
7262,26
7263,18
7264,22
7265,21
7266,46
7267,21
7268,29
7269,38
7270,86
7271,39
7272,28
7273,15
7274,33
7275,18
7276,19
7277,24
7278,13
7279,17
7280,77
7281,31
7282,31
7283,28
7284,32
7285,53
7286,36
7287,24
7288,30
7289,40
7290,34
7291,46
7292,44
7293,14
7294,21
7295,39
7296,49
7297,23
7298,26
7299,46
7300,19
7301,19
7302,44
7303,56
7304,27
7305,24
7306,42
7307,28
7308,21
7309,24
7310,18
7311,62
7312,28
7313,33
7314,36
7315,20
7316,35
7317,49
7318,22
7319,24
7320,19
7321,17
7322,58
7323,24
7324,58
7325,17
7326,16
7327,10
7328,28
7329,24
7330,30
7331,16
7332,25
7333,23
7334,51
7335,30
7336,43
7337,27
7338,52
7339,18
7340,43
7341,20
7342,24
7343,39
7344,40
7345,23
7346,19
7347,27
7348,32
7349,21
7350,35
7351,25
7352,26
7353,28
7354,41
7355,31
7356,34
7357,64
7358,11
7359,34
7360,18
7361,17
7362,21
7363,22
7364,60
7365,46
7366,25
7367,18
7368,19
7369,21
7370,35
7371,42
7372,24
7373,29
7374,40
7375,22
7376,32
7377,77
7378,23
7379,14
7380,14
7381,18
7382,47
7383,16
7384,26
7385,10
7386,19
7387,38
7388,14
7389,34
7390,38
7391,35
7392,46
7393,29
7394,23
7395,37
7396,20
7397,15
7398,29
7399,20
7400,16
7401,45
7402,44
7403,42
7404,27
7405,40
7406,47
7407,46
7408,21
7409,13
7410,25
7411,29
7412,22
7413,33
7414,29
7415,20
7416,17
7417,28
7418,20
7419,54
7420,29
7421,31
7422,21
7423,19
7424,38
7425,34
7426,17
7427,26
7428,24
7429,40
7430,24
7431,30
7432,22
7433,33
7434,19
7435,15
7436,18
7437,26
7438,30
7439,16
7440,15
7441,10
7442,84
7443,43
7444,17
7445,29
7446,19
7447,64
7448,32
7449,39
7450,25
7451,65
7452,23
7453,26
7454,21
7455,9
7456,20
7457,22
7458,28
7459,13
7460,20
7461,18
7462,17
7463,26
7464,22
7465,28
7466,27
7467,19
7468,22
7469,14
7470,14
7471,20
7472,78
7473,27
7474,18
7475,24
7476,37
7477,28
7478,32
7479,28
7480,16
7481,21
7482,9
7483,21
7484,18
7485,21
7486,29
7487,47
7488,17
7489,20
7490,10
7491,40
7492,20
7493,57
7494,20
7495,24
7496,29
7497,61
7498,40
7499,24
7500,34
7501,17
7502,22
7503,30
7504,15
7505,28
7506,42
7507,41
7508,22
7509,15
7510,21
7511,20
7512,27
7513,22
7514,31
7515,21
7516,18
7517,44
7518,40
7519,24
7520,25
7521,50
7522,26
7523,25
7524,60
7525,84
7526,27
7527,20
7528,33
7529,32
7530,35
7531,65
7532,29
7533,24
7534,44
7535,48
7536,41
7537,36
7538,30
7539,20
7540,11
7541,36
7542,54
7543,39
7544,20
7545,41
7546,42
7547,29
7548,13
7549,31
7550,15
7551,14
7552,42
7553,30
7554,12
7555,60
7556,55
7557,33
7558,23
7559,44
7560,21
7561,51
7562,32
7563,93
7564,31
7565,34
7566,12
7567,13
7568,17
7569,29
7570,20
7571,58
7572,45
7573,16
7574,30
7575,31
7576,26
7577,13
7578,23
7579,13
7580,17
7581,25
7582,25
7583,23
7584,41
7585,9
7586,21
7587,32
7588,30
7589,27
7590,11
7591,17
7592,32
7593,33
7594,25
7595,52
7596,21
7597,56
7598,18
7599,33
7600,18
7601,21
7602,32
7603,19
7604,24
7605,14
7606,25
7607,38
7608,49
7609,18
7610,37
7611,27
7612,15
7613,15
7614,24
7615,50
7616,29
7617,31
7618,24
7619,17
7620,24
7621,23
7622,14
7623,15
7624,60
7625,31
7626,61
7627,58
7628,11
7629,23
7630,36
7631,25
7632,18
7633,35
7634,17
7635,10
7636,25
7637,42
7638,13
7639,33
7640,65
7641,63
7642,29
7643,19
7644,44
7645,13
7646,28
7647,32
7648,53
7649,24
7650,31
7651,19
7652,17
7653,27
7654,41
7655,31
7656,46
7657,57
7658,22
7659,32
7660,50
7661,25
7662,28
7663,44
7664,27
7665,19
7666,18
7667,32
7668,25
7669,27
7670,31
7671,48
7672,22
7673,32
7674,19
7675,52
7676,18
7677,27
7678,16
7679,19
7680,25
7681,25
7682,50
7683,19
7684,71
7685,26
7686,47
7687,49
7688,28
7689,20
7690,47
7691,17
7692,68
7693,12
7694,14
7695,36
7696,15
7697,27
7698,9
7699,16
7700,45
7701,44
7702,18
7703,59
7704,13
7705,55
7706,6
7707,37
7708,14
7709,28
7710,19
7711,20
7712,33
7713,20
7714,33
7715,46
7716,47
7717,27
7718,39
7719,32
7720,10
7721,53
7722,18
7723,37
7724,25
7725,23
7726,24
7727,18
7728,21
7729,31
7730,20
7731,18
7732,31
7733,15
7734,15
7735,34
7736,36
7737,79
7738,33
7739,30
7740,25
7741,39
7742,45
7743,19
7744,23
7745,26
7746,26
7747,24
7748,14
7749,25
7750,24
7751,11
7752,28
7753,53
7754,31
7755,13
7756,18
7757,40
7758,23
7759,30
7760,12
7761,18
7762,26
7763,47
7764,44
7765,22
7766,29
7767,16
7768,45
7769,21
7770,27
7771,41
7772,23
7773,24
7774,55
7775,32
7776,27
7777,21
7778,19
7779,40
7780,24
7781,9
7782,17
7783,14
7784,15
7785,24
7786,30
7787,27
7788,25
7789,26
7790,18
7791,18
7792,21
7793,15
7794,24
7795,59
7796,55
7797,11
7798,28
7799,25
7800,9
7801,29
7802,19
7803,16
7804,25
7805,12
7806,26
7807,40
7808,35
7809,14
7810,25
7811,39
7812,25
7813,14
7814,40
7815,44
7816,81
7817,25
7818,30
7819,17
7820,11
7821,61
7822,17
7823,15
7824,11
7825,10
7826,28
7827,20
7828,37
7829,32
7830,22
7831,32
7832,10
7833,25
7834,40
7835,24
7836,27
7837,21
7838,32
7839,9
7840,28
7841,25
7842,30
7843,27
7844,30
7845,54
7846,37
7847,16
7848,46
7849,41
7850,25
7851,7
7852,43
7853,20
7854,54
7855,13
7856,40
7857,44
7858,25
7859,29
7860,33
7861,17
7862,16
7863,52
7864,89
7865,75
7866,29
7867,35
7868,24
7869,31
7870,9
7871,39
7872,39
7873,21
7874,16
7875,74
7876,29
7877,100
7878,23
7879,42
7880,17
7881,38
7882,15
7883,36
7884,44
7885,18
7886,26
7887,26
7888,42
7889,24
7890,31
7891,21
7892,41
7893,24
7894,42
7895,34
7896,36
7897,40
7898,35
7899,13
7900,85
7901,17
7902,24
7903,48
7904,25
7905,27
7906,45
7907,37
7908,27
7909,44
7910,26
7911,13
7912,15
7913,24
7914,11
7915,23
7916,23
7917,40
7918,45
7919,26
7920,17
7921,11
7922,25
7923,44
7924,28
7925,24
7926,33
7927,14
7928,50
7929,26
7930,30
7931,40
7932,19
7933,19
7934,23
7935,11
7936,20
7937,20
7938,27
7939,20
7940,16
7941,78
7942,25
7943,31
7944,50
7945,17
7946,38
7947,23
7948,19
7949,48
7950,26
7951,25
7952,20
7953,25
7954,52
7955,29
7956,40
7957,64
7958,59
7959,18
7960,13
7961,22
7962,21
7963,54
7964,17
7965,22
7966,23
7967,24
7968,33
7969,38
7970,34
7971,40
7972,27
7973,17
7974,23
7975,19
7976,29
7977,25
7978,18
7979,25
7980,40
7981,37
7982,39
7983,42
7984,24
7985,34
7986,32
7987,40
7988,23
7989,100
7990,51
7991,30
7992,26
7993,28
7994,14
7995,12
7996,47
7997,20
7998,28
7999,31
8000,25
8001,34
8002,47
8003,32
8004,28
8005,35
8006,28
8007,45
8008,27
8009,53
8010,24
8011,19
8012,16
8013,16
8014,15
8015,22
8016,20
8017,43
8018,60
8019,32
8020,14
8021,25
8022,19
8023,22
8024,23
8025,75
8026,17
8027,37
8028,39
8029,44
8030,34
8031,36
8032,40
8033,34
8034,16
8035,27
8036,46
8037,20
8038,19
8039,15
8040,24
8041,12
8042,8
8043,28
8044,46
8045,26
8046,40
8047,32
8048,27
8049,18
8050,18
8051,18
8052,18
8053,70
8054,19
8055,40
8056,18
8057,29
8058,49
8059,38
8060,21
8061,76
8062,16
8063,40
8064,37
8065,14
8066,20
8067,23
8068,22
8069,31
8070,26
8071,62
8072,24
8073,34
8074,30
8075,22
8076,26
8077,12
8078,37
8079,27
8080,35
8081,17
8082,32
8083,17
8084,24
8085,52
8086,42
8087,11
8088,29
8089,40
8090,25
8091,19
8092,18
8093,31
8094,31
8095,25
8096,17
8097,24
8098,38
8099,17
8100,27
8101,16
8102,38
8103,45
8104,31
8105,29
8106,13
8107,12
8108,38
8109,39
8110,24
8111,34
8112,18
8113,27
8114,41
8115,21
8116,20
8117,19
8118,11
8119,12
8120,25
8121,30
8122,23
8123,27
8124,18
8125,59
8126,27
8127,39
8128,21
8129,18
8130,23
8131,35
8132,26
8133,39
8134,22
8135,21
8136,32
8137,25
8138,12
8139,10
8140,15
8141,16
8142,13
8143,29
8144,50
8145,40
8146,34
8147,20
8148,12
8149,16
8150,31
8151,38
8152,35
8153,22
8154,18
8155,20
8156,36
8157,34
8158,42
8159,22
8160,20
8161,12
8162,31
8163,28
8164,13
8165,41
8166,22
8167,24
8168,56
8169,15
8170,30
8171,17
8172,19
8173,37
8174,18
8175,48
8176,12
8177,13
8178,25
8179,28
8180,25
8181,12
8182,24
8183,66
8184,46
8185,45
8186,20
8187,45
8188,20
8189,54
8190,19
8191,9
8192,27
8193,25
8194,41
8195,20
8196,44
8197,29
8198,23
8199,23
8200,20
8201,36
8202,61
8203,34
8204,35
8205,28
8206,26
8207,26
8208,26
8209,14
8210,24
8211,31
8212,29
8213,41
8214,50
8215,10
8216,40
8217,14
8218,76
8219,20
8220,22
8221,40
8222,53
8223,15
8224,30
8225,12
8226,35
8227,20
8228,32
8229,34
8230,40
8231,20
8232,17
8233,21
8234,29
8235,36
8236,18
8237,21
8238,26
8239,57
8240,13
8241,28
8242,12
8243,37
8244,47
8245,21
8246,18
8247,17
8248,33
8249,15
8250,47
8251,28
8252,30
8253,36
8254,22
8255,23
8256,14
8257,25
8258,35
8259,32
8260,27
8261,10
8262,30
8263,58
8264,35
8265,32
8266,23
8267,26
8268,46
8269,54
8270,28
8271,21
8272,30
8273,35
8274,52
8275,30
8276,30
8277,22
8278,11
8279,18
8280,41
8281,23
8282,23
8283,20
8284,19
8285,40
8286,23
8287,18
8288,26
8289,51
8290,30
8291,19
8292,47
8293,32
8294,34
8295,15
8296,41
8297,22
8298,14
8299,20
8300,23
8301,26
8302,32
8303,45
8304,50
8305,36
8306,41
8307,34
8308,16
8309,16
8310,17
8311,35
8312,17
8313,16
8314,19
8315,23
8316,28
8317,33
8318,17
8319,17
8320,17
8321,56
8322,45
8323,35
8324,36
8325,43
8326,22
8327,26
8328,15
8329,18
8330,22
8331,53
8332,34
8333,32
8334,34
8335,14
8336,30
8337,32
8338,25
8339,19
8340,14
8341,50
8342,13
8343,29
8344,47
8345,46
8346,14
8347,28
8348,34
8349,52
8350,23
8351,34
8352,14
8353,28
8354,21
8355,12
8356,11
8357,17
8358,26
8359,14
8360,12
8361,28
8362,20
8363,22
8364,55
8365,22
8366,41
8367,43
8368,22
8369,19
8370,16
8371,25
8372,28
8373,46
8374,49
8375,24
8376,17
8377,12
8378,21
8379,55
8380,22
8381,22
8382,100
8383,17
8384,51
8385,11
8386,39
8387,26
8388,23
8389,20
8390,21
8391,31
8392,44
8393,21
8394,23
8395,17
8396,51
8397,27
8398,22
8399,12
8400,31
8401,32
8402,26
8403,15
8404,24
8405,19
8406,19
8407,28
8408,46
8409,41
8410,68
8411,20
8412,60
8413,34
8414,54
8415,17
8416,15
8417,43
8418,35
8419,14
8420,15
8421,25
8422,26
8423,17
8424,46
8425,34
8426,29
8427,26
8428,33
8429,25
8430,19
8431,27
8432,29
8433,28
8434,28
8435,22
8436,26
8437,56
8438,37
8439,19
8440,33
8441,20
8442,35
8443,21
8444,16
8445,11
8446,13
8447,23
8448,42
8449,17
8450,17
8451,21
8452,43
8453,43
8454,50
8455,59
8456,15
8457,20
8458,21
8459,33
8460,25
8461,14
8462,14
8463,20
8464,24
8465,25
8466,25
8467,27
8468,20
8469,14
8470,36
8471,13
8472,8
8473,92
8474,20
8475,36
8476,37
8477,43
8478,40
8479,34
8480,14
8481,28
8482,24
8483,19
8484,23
8485,32
8486,16
8487,24
8488,14
8489,65
8490,85
8491,26
8492,35
8493,28
8494,20
8495,28
8496,38
8497,25
8498,29
8499,44
8500,35
8501,58
8502,29
8503,15
8504,13
8505,34
8506,29
8507,17
8508,23
8509,43
8510,45
8511,17
8512,28
8513,22
8514,22
8515,15
8516,43
8517,64
8518,14
8519,14
8520,20
8521,21
8522,15
8523,28
8524,22
8525,44
8526,22
8527,33
8528,35
8529,31
8530,36
8531,15
8532,28
8533,13
8534,41
8535,18
8536,28
8537,41
8538,19
8539,29
8540,24
8541,18
8542,24
8543,15
8544,41
8545,21
8546,31
8547,24
8548,37
8549,20
8550,30
8551,38
8552,10
8553,24
8554,32
8555,16
8556,33
8557,9
8558,24
8559,18
8560,42
8561,29
8562,22
8563,56
8564,35
8565,20
8566,49
8567,20
8568,45
8569,41
8570,26
8571,34
8572,13
8573,25
8574,47
8575,61
8576,35
8577,25
8578,38
8579,26
8580,36
8581,38
8582,26
8583,37
8584,14
8585,9
8586,24
8587,38
8588,12
8589,34
8590,48
8591,50
8592,35
8593,30
8594,27
8595,27
8596,16
8597,25
8598,15
8599,32
8600,63
8601,59
8602,19
8603,28
8604,10
8605,30
8606,30
8607,18
8608,27
8609,55
8610,33
8611,27
8612,33
8613,15
8614,20
8615,27
8616,47
8617,31
8618,25
8619,15
8620,38
8621,32
8622,23
8623,22
8624,33
8625,20
8626,37
8627,29
8628,26
8629,48
8630,13
8631,34
8632,9
8633,30
8634,39
8635,42
8636,25
8637,38
8638,29
8639,28
8640,20
8641,34
8642,36
8643,24
8644,19
8645,15
8646,33
8647,16
8648,28
8649,36
8650,44
8651,63
8652,31
8653,15
8654,17
8655,36
8656,24
8657,24
8658,28
8659,38
8660,31
8661,24
8662,33
8663,11
8664,20
8665,25
8666,28
8667,14
8668,16
8669,36
8670,30
8671,44
8672,18
8673,47
8674,17
8675,33
8676,18
8677,32
8678,19
8679,16
8680,58
8681,13
8682,23
8683,31
8684,42
8685,14
8686,59
8687,24
8688,33
8689,15
8690,41
8691,22
8692,17
8693,21
8694,33
8695,30
8696,28
8697,17
8698,22
8699,25
8700,14
8701,12
8702,30
8703,19
8704,18
8705,33
8706,39
8707,22
8708,50
8709,9
8710,58
8711,36
8712,23
8713,41
8714,16
8715,23
8716,42
8717,24
8718,23
8719,29
8720,40
8721,39
8722,35
8723,20
8724,35
8725,46
8726,29
8727,17
8728,27
8729,24
8730,23
8731,26
8732,30
8733,49
8734,46
8735,21
8736,52
8737,30
8738,28
8739,71
8740,23
8741,19
8742,24
8743,14
8744,62
8745,32
8746,17
8747,27
8748,46
8749,100
8750,15
8751,11
8752,29
8753,10
8754,16
8755,15
8756,32
8757,18
8758,33
8759,12
8760,29
8761,44
8762,17
8763,18
8764,41
8765,13
8766,24
8767,12
8768,23
8769,43
8770,34
8771,23
8772,23
8773,35
8774,26
8775,34
8776,25
8777,25
8778,17
8779,16
8780,55
8781,60
8782,22
8783,22
8784,25
8785,30
8786,29
8787,38
8788,36
8789,31
8790,44
8791,16
8792,34
8793,25
8794,29
8795,45
8796,38
8797,16
8798,41
8799,13
8800,19
8801,33
8802,19
8803,39
8804,25
8805,22
8806,51
8807,43
8808,9
8809,31
8810,56
8811,12
8812,22
8813,32
8814,35
8815,40
8816,20
8817,23
8818,27
8819,30
8820,30
8821,29
8822,23
8823,24
8824,15
8825,32
8826,33
8827,36
8828,20
8829,38
8830,37
8831,27
8832,22
8833,12
8834,27
8835,24
8836,36
8837,36
8838,19
8839,43
8840,23
8841,33
8842,44
8843,18
8844,19
8845,18
8846,24
8847,23
8848,14
8849,29
8850,28
8851,36
8852,44
8853,17
8854,31
8855,52
8856,20
8857,30
8858,27
8859,18
8860,58
8861,26
8862,21
8863,82
8864,61
8865,23
8866,25
8867,65
8868,43
8869,22
8870,21
8871,17
8872,13
8873,31
8874,27
8875,24
8876,27
8877,17
8878,30
8879,17
8880,26
8881,15
8882,21
8883,34
8884,26
8885,11
8886,21
8887,17
8888,24
8889,27
8890,20
8891,31
8892,23
8893,32
8894,33
8895,22
8896,34
8897,42
8898,20
8899,31
8900,17
8901,36
8902,12
8903,26
8904,33
8905,44
8906,56
8907,34
8908,16
8909,22
8910,49
8911,29
8912,26
8913,16
8914,28
8915,29
8916,25
8917,40
8918,24
8919,61
8920,56
8921,26
8922,34
8923,18
8924,49
8925,41
8926,28
8927,25
8928,37
8929,25
8930,13
8931,49
8932,15
8933,58
8934,13
8935,30
8936,52
8937,43
8938,42
8939,32
8940,27
8941,27
8942,32
8943,18
8944,35
8945,12
8946,28
8947,19
8948,14
8949,18
8950,20
8951,23
8952,37
8953,33
8954,34
8955,27
8956,43
8957,12
8958,36
8959,43
8960,27
8961,35
8962,22
8963,21
8964,67
8965,29
8966,16
8967,46
8968,26
8969,33
8970,34
8971,8
8972,30
8973,87
8974,51
8975,36
8976,71
8977,48
8978,27
8979,19
8980,25
8981,16
8982,20
8983,18
8984,41
8985,57
8986,38
8987,41
8988,40
8989,20
8990,30
8991,22
8992,40
8993,40
8994,19
8995,71
8996,25
8997,35
8998,25
8999,33
9000,15
9001,16
9002,26
9003,36
9004,40
9005,28
9006,25
9007,21
9008,15
9009,43
9010,23
9011,74
9012,25
9013,18
9014,19
9015,29
9016,35
9017,62
9018,77
9019,22
9020,31
9021,14
9022,10
9023,22
9024,56
9025,28
9026,21
9027,36
9028,41
9029,14
9030,19
9031,29
9032,30
9033,21
9034,50
9035,57
9036,19
9037,25
9038,23
9039,43
9040,14
9041,44
9042,38
9043,15
9044,16
9045,31
9046,24
9047,30
9048,22
9049,64
9050,45
9051,75
9052,17
9053,50
9054,21
9055,22
9056,18
9057,26
9058,15
9059,19
9060,33
9061,22
9062,33
9063,28
9064,45
9065,21
9066,36
9067,24
9068,73
9069,22
9070,29
9071,47
9072,19
9073,26
9074,49
9075,25
9076,15
9077,29
9078,41
9079,16
9080,34
9081,23
9082,15
9083,22
9084,39
9085,32
9086,38
9087,72
9088,25
9089,20
9090,35
9091,22
9092,31
9093,28
9094,53
9095,17
9096,32
9097,19
9098,24
9099,26
9100,16
9101,21
9102,26
9103,92
9104,6
9105,26
9106,42
9107,19
9108,38
9109,21
9110,21
9111,27
9112,42
9113,25
9114,9
9115,20
9116,24
9117,25
9118,21
9119,21
9120,21
9121,10
9122,12
9123,51
9124,67
9125,23
9126,27
9127,22
9128,53
9129,25
9130,37
9131,89
9132,44
9133,33
9134,72
9135,35
9136,23
9137,32
9138,81
9139,27
9140,15
9141,25
9142,38
9143,25
9144,37
9145,28
9146,20
9147,30
9148,46
9149,12
9150,24
9151,29
9152,31
9153,48
9154,12
9155,26
9156,40
9157,61
9158,32
9159,50
9160,24
9161,9
9162,16
9163,15
9164,36
9165,21
9166,23
9167,15
9168,11
9169,41
9170,20
9171,48
9172,24
9173,48
9174,22
9175,15
9176,24
9177,49
9178,13
9179,24
9180,14
9181,9
9182,30
9183,14
9184,16
9185,35
9186,45
9187,18
9188,47
9189,58
9190,17
9191,24
9192,12
9193,23
9194,33
9195,17
9196,26
9197,33
9198,20
9199,32
9200,24
9201,17
9202,14
9203,60
9204,45
9205,31
9206,37
9207,17
9208,22
9209,14
9210,34
9211,29
9212,30
9213,17
9214,12
9215,33
9216,25
9217,35
9218,38
9219,38
9220,12
9221,25
9222,39
9223,31
9224,30
9225,15
9226,33
9227,60
9228,29
9229,51
9230,26
9231,29
9232,33
9233,21
9234,27
9235,46
9236,23
9237,12
9238,31
9239,39
9240,13
9241,27
9242,24
9243,38
9244,25
9245,20
9246,22
9247,40
9248,18
9249,30
9250,21
9251,21
9252,22
9253,15
9254,17
9255,38
9256,19
9257,18
9258,61
9259,25
9260,19
9261,51
9262,33
9263,19
9264,45
9265,16
9266,93
9267,29
9268,58
9269,69
9270,29
9271,36
9272,10
9273,19
9274,30
9275,25
9276,12
9277,33
9278,38
9279,37
9280,28
9281,45
9282,18
9283,20
9284,39
9285,38
9286,19
9287,21
9288,25
9289,21
9290,14
9291,34
9292,31
9293,20
9294,27
9295,21
9296,30
9297,16
9298,22
9299,38
9300,99
9301,37
9302,29
9303,49
9304,25
9305,13
9306,27
9307,16
9308,23
9309,69
9310,18
9311,32
9312,30
9313,22
9314,25
9315,21
9316,31
9317,22
9318,19
9319,36
9320,32
9321,22
9322,30
9323,16
9324,33
9325,28
9326,25
9327,44
9328,20
9329,17
9330,20
9331,18
9332,32
9333,41
9334,37
9335,16
9336,40
9337,29
9338,45
9339,40
9340,24
9341,55
9342,24
9343,85
9344,38
9345,37
9346,35
9347,51
9348,20
9349,47
9350,26
9351,21
9352,24
9353,44
9354,29
9355,27
9356,24
9357,32
9358,13
9359,30
9360,21
9361,63
9362,10
9363,41
9364,38
9365,26
9366,25
9367,27
9368,18
9369,40
9370,32
9371,52
9372,26
9373,22
9374,73
9375,75
9376,17
9377,49
9378,23
9379,16
9380,31
9381,22
9382,46
9383,16
9384,56
9385,36
9386,26
9387,25
9388,19
9389,38
9390,14
9391,43
9392,14
9393,63
9394,24
9395,63
9396,26
9397,41
9398,27
9399,25
9400,52
9401,63
9402,19
9403,20
9404,64
9405,33
9406,20
9407,10
9408,34
9409,26
9410,38
9411,19
9412,40
9413,18
9414,14
9415,19
9416,31
9417,51
9418,37
9419,12
9420,33
9421,28
9422,16
9423,17
9424,47
9425,24
9426,24
9427,20
9428,21
9429,24
9430,26
9431,28
9432,18
9433,45
9434,18
9435,66
9436,20
9437,19
9438,19
9439,44
9440,49
9441,20
9442,10
9443,32
9444,20
9445,49
9446,41
9447,32
9448,69
9449,35
9450,28
9451,7
9452,36
9453,16
9454,23
9455,8
9456,37
9457,33
9458,18
9459,31
9460,26
9461,32
9462,24
9463,16
9464,42
9465,23
9466,40
9467,19
9468,55
9469,13
9470,11
9471,25
9472,19
9473,16
9474,21
9475,22
9476,19
9477,20
9478,24
9479,29
9480,24
9481,34
9482,14
9483,38
9484,36
9485,26
9486,32
9487,6
9488,27
9489,34
9490,25
9491,20
9492,37
9493,49
9494,20
9495,19
9496,46
9497,14
9498,10
9499,46
9500,47
9501,21
9502,40
9503,32
9504,29
9505,23
9506,30
9507,17
9508,17
9509,32
9510,49
9511,22
9512,42
9513,27
9514,11
9515,24
9516,27
9517,39
9518,16
9519,19
9520,23
9521,24
9522,34
9523,35
9524,41
9525,17
9526,28
9527,39
9528,25
9529,26
9530,33
9531,21
9532,23
9533,23
9534,15
9535,29
9536,20
9537,13
9538,22
9539,21
9540,26
9541,24
9542,41
9543,52
9544,56
9545,26
9546,21
9547,30
9548,68
9549,16
9550,27
9551,48
9552,37
9553,19
9554,16
9555,45
9556,15
9557,37
9558,12
9559,21
9560,25
9561,15
9562,21
9563,14
9564,24
9565,28
9566,18
9567,30
9568,48
9569,32
9570,15
9571,28
9572,18
9573,22
9574,71
9575,25
9576,17
9577,28
9578,39
9579,25
9580,31
9581,35
9582,36
9583,19
9584,26
9585,59
9586,24
9587,14
9588,25
9589,40
9590,20
9591,14
9592,13
9593,42
9594,18
9595,21
9596,46
9597,24
9598,21
9599,19
9600,29
9601,27
9602,32
9603,18
9604,40
9605,30
9606,24
9607,41
9608,23
9609,48
9610,42
9611,30
9612,25
9613,31
9614,19
9615,14
9616,100
9617,51
9618,29
9619,28
9620,53
9621,9
9622,47
9623,36
9624,43
9625,33
9626,21
9627,12
9628,29
9629,27
9630,28
9631,32
9632,45
9633,27
9634,19
9635,20
9636,41
9637,63
9638,23
9639,35
9640,10
9641,13
9642,13
9643,36
9644,46
9645,56
9646,26
9647,33
9648,29
9649,21
9650,41
9651,16
9652,16
9653,18
9654,32
9655,16
9656,47
9657,27
9658,31
9659,29
9660,37
9661,35
9662,14
9663,52
9664,31
9665,26
9666,32
9667,23
9668,25
9669,31
9670,22
9671,9
9672,43
9673,29
9674,13
9675,28
9676,33
9677,34
9678,48
9679,42
9680,40
9681,19
9682,32
9683,28
9684,49
9685,26
9686,21
9687,60
9688,53
9689,34
9690,37
9691,16
9692,38
9693,29
9694,26
9695,21
9696,18
9697,23
9698,34
9699,19
9700,23
9701,11
9702,20
9703,34
9704,13
9705,11
9706,15
9707,51
9708,21
9709,22
9710,81
9711,17
9712,17
9713,24
9714,25
9715,33
9716,30
9717,42
9718,20
9719,16
9720,32
9721,25
9722,66
9723,18
9724,19
9725,23
9726,11
9727,15
9728,18
9729,31
9730,17
9731,30
9732,72
9733,56
9734,17
9735,34
9736,36
9737,27
9738,31
9739,52
9740,19
9741,20
9742,16
9743,28
9744,36
9745,20
9746,23
9747,17
9748,23
9749,29
9750,25
9751,30
9752,19
9753,27
9754,42
9755,69
9756,17
9757,35
9758,77
9759,20
9760,25
9761,18
9762,22
9763,76
9764,83
9765,34
9766,18
9767,29
9768,55
9769,24
9770,41
9771,43
9772,14
9773,28
9774,29
9775,17
9776,56
9777,74
9778,32
9779,28
9780,13
9781,66
9782,24
9783,28
9784,28
9785,33
9786,40
9787,23
9788,33
9789,28
9790,26
9791,33
9792,31
9793,44
9794,20
9795,18
9796,50
9797,12
9798,15
9799,19
9800,44
9801,49
9802,32
9803,19
9804,14
9805,19
9806,65
9807,22
9808,25
9809,42
9810,27
9811,25
9812,20
9813,24
9814,10
9815,15
9816,50
9817,35
9818,55
9819,27
9820,32
9821,27
9822,36
9823,20
9824,12
9825,17
9826,39
9827,20
9828,45
9829,31
9830,24
9831,28
9832,23
9833,21
9834,37
9835,30
9836,18
9837,19
9838,21
9839,20
9840,100
9841,24
9842,28
9843,21
9844,31
9845,20
9846,48
9847,22
9848,42
9849,19
9850,21
9851,16
9852,29
9853,37
9854,25
9855,28
9856,15
9857,27
9858,41
9859,34
9860,24
9861,24
9862,34
9863,40
9864,20
9865,37
9866,29
9867,29
9868,34
9869,26
9870,23
9871,39
9872,47
9873,17
9874,33
9875,50
9876,88
9877,21
9878,54
9879,36
9880,32
9881,21
9882,28
9883,31
9884,46
9885,13
9886,24
9887,16
9888,48
9889,11
9890,26
9891,39
9892,42
9893,19
9894,18
9895,41
9896,22
9897,17
9898,60
9899,28
9900,43
9901,18
9902,22
9903,39
9904,22
9905,31
9906,23
9907,14
9908,28
9909,22
9910,17
9911,24
9912,23
9913,11
9914,22
9915,43
9916,35
9917,28
9918,22
9919,25
9920,25
9921,39
9922,18
9923,29
9924,20
9925,28
9926,46
9927,34
9928,42
9929,39
9930,31
9931,21
9932,32
9933,30
9934,34
9935,42
9936,56
9937,58
9938,36
9939,36
9940,39
9941,14
9942,25
9943,39
9944,38
9945,29
9946,14
9947,19
9948,11
9949,29
9950,31
9951,54
9952,33
9953,26
9954,44
9955,21
9956,7
9957,25
9958,29
9959,26
9960,39
9961,100
9962,24
9963,22
9964,34
9965,26
9966,32
9967,30
9968,34
9969,29
9970,63
9971,18
9972,47
9973,46
9974,57
9975,33
9976,24
9977,12
9978,20
9979,12
9980,33
9981,40
9982,31
9983,61
9984,22
9985,27
9986,21
9987,11
9988,51
9989,35
9990,14
9991,23
9992,23
9993,21
9994,36
9995,20
9996,22
9997,35
9998,25
9999,61
10000,26
10001,21
10002,29
10003,29
10004,19
10005,44
10006,61
10007,24
10008,17
10009,31
10010,8
10011,38
10012,20
10013,14
10014,36
10015,33
10016,38
10017,38
10018,28
10019,36
10020,17
10021,32
10022,21
10023,17
10024,40
10025,41
10026,33
10027,26
10028,30
10029,24
10030,11
10031,20
10032,21
10033,15
10034,49
10035,22
10036,28
10037,31
10038,34
10039,26
10040,36
10041,40
10042,21
10043,31
10044,34
10045,52
10046,17
10047,18
10048,52
10049,26
10050,21
10051,34
10052,9
10053,29
10054,29
10055,16
10056,16
10057,20
10058,69
10059,28
10060,17
10061,36
10062,24
10063,27
10064,49
10065,28
10066,24
10067,14
10068,17
10069,31
10070,10
10071,22
10072,20
10073,22
10074,25
10075,19
10076,28
10077,70
10078,85
10079,31
10080,23
10081,34
10082,51
10083,33
10084,15
10085,25
10086,32
10087,22
10088,39
10089,22
10090,47
10091,25
10092,26
10093,29
10094,41
10095,16
10096,37
10097,17
10098,42
10099,21
10100,34
10101,66
10102,20
10103,32
10104,45
10105,13
10106,37
10107,40
10108,11
10109,19
10110,34
10111,39
10112,64
10113,25
10114,28
10115,25
10116,45
10117,40
10118,43
10119,18
10120,15
10121,30
10122,14
10123,30
10124,24
10125,52
10126,13
10127,39
10128,52
10129,12
10130,32
10131,22
10132,9
10133,12
10134,31
10135,20
10136,34
10137,28
10138,28
10139,14
10140,43
10141,55
10142,34
10143,24
10144,37
10145,22
10146,38
10147,47
10148,67
10149,38
10150,20
10151,28
10152,21
10153,30
10154,14
10155,32
10156,22
10157,20
10158,69
10159,23
10160,52
10161,39
10162,34
10163,22
10164,7
10165,34
10166,58
10167,15
10168,19
10169,39
10170,39
10171,24
10172,20
10173,14
10174,18
10175,26
10176,35
10177,15
10178,31
10179,38
10180,16
10181,19
10182,34
10183,23
10184,16
10185,34
10186,24
10187,26
10188,33
10189,12
10190,14
10191,18
10192,27
10193,38
10194,23
10195,15
10196,26
10197,25
10198,35
10199,35
10200,15
10201,15
10202,12
10203,25
10204,21
10205,12
10206,20
10207,38
10208,23
10209,22
10210,20
10211,39
10212,23
10213,21
10214,24
10215,27
10216,38
10217,36
10218,17
10219,30
10220,29
10221,41
10222,21
10223,36
10224,29
10225,32
10226,29
10227,24
10228,32
10229,12
10230,20
10231,14
10232,27
10233,19
10234,49
10235,49
10236,52
10237,34
10238,30
10239,38
10240,27
10241,13
10242,50
10243,34
10244,20
10245,17
10246,30
10247,36
10248,21
10249,56
10250,24
10251,17
10252,24
10253,27
10254,35
10255,17
10256,22
10257,14
10258,38
10259,13
10260,17
10261,25
10262,19
10263,41
10264,21
10265,33
10266,21
10267,26
10268,32
10269,17
10270,28
10271,30
10272,17
10273,48
10274,35
10275,17
10276,15
10277,39
10278,24
10279,23
10280,55
10281,14
10282,21
10283,9
10284,18
10285,33
10286,12
10287,14
10288,28
10289,15
10290,19
10291,26
10292,33
10293,19
10294,29
10295,25
10296,42
10297,23
10298,31
10299,14
10300,18
10301,23
10302,25
10303,42
10304,32
10305,21
10306,41
10307,39
10308,63
10309,23
10310,30
10311,35
10312,37
10313,21
10314,38
10315,32
10316,20
10317,20
10318,40
10319,23
10320,30
10321,25
10322,57
10323,53
10324,25
10325,28
10326,79
10327,25
10328,16
10329,15
10330,28
10331,17
10332,28
10333,39
10334,24
10335,16
10336,20
10337,31
10338,26
10339,24
10340,17
10341,29
10342,10
10343,20
10344,13
10345,24
10346,28
10347,21
10348,9
10349,24
10350,24
10351,40
10352,21
10353,55
10354,40
10355,30
10356,26
10357,73
10358,36
10359,35
10360,19
10361,26
10362,25
10363,27
10364,39
10365,17
10366,49
10367,53
10368,34
10369,29
10370,26
10371,23
10372,26
10373,17
10374,13
10375,33
10376,51
10377,34
10378,30
10379,51
10380,22
10381,31
10382,38
10383,51
10384,36
10385,51
10386,33
10387,23
10388,24
10389,12
10390,22
10391,18
10392,55
10393,22
10394,20
10395,44
10396,12
10397,13
10398,26
10399,30
10400,25
10401,34
10402,33
10403,28
10404,23
10405,64
10406,20
10407,28
10408,26
10409,31
10410,62
10411,35
10412,27
10413,37
10414,24
10415,18
10416,56
10417,34
10418,23
10419,34
10420,18
10421,23
10422,13
10423,28
10424,35
10425,16
10426,25
10427,36
10428,26
10429,37
10430,32
10431,15
10432,11
10433,37
10434,22
10435,14
10436,25
10437,22
10438,21
10439,36
10440,49
10441,18
10442,49
10443,43
10444,19
10445,22
10446,52
10447,49
10448,16
10449,17
10450,26
10451,16
10452,59
10453,47
10454,32
10455,43
10456,31
10457,18
10458,43
10459,16
10460,22
10461,12
10462,30
10463,33
10464,31
10465,25
10466,25
10467,33
10468,11
10469,33
10470,19
10471,27
10472,29
10473,34
10474,62
10475,38
10476,19
10477,21
10478,47
10479,18
10480,38
10481,25
10482,33
10483,17
10484,21
10485,33
10486,39
10487,44
10488,27
10489,31
10490,11
10491,18
10492,34
10493,31
10494,25
10495,11
10496,31
10497,34
10498,34
10499,31
10500,19
10501,50
10502,34
10503,18
10504,53
10505,26
10506,31
10507,17
10508,35
10509,47
10510,13
10511,19
10512,15
10513,20
10514,36
10515,46
10516,11
10517,14
10518,17
10519,20
10520,34
10521,51
10522,22
10523,41
10524,19
10525,36
10526,27
10527,18
10528,47
10529,25
10530,20
10531,36
10532,33
10533,18
10534,13
10535,23
10536,13
10537,28
10538,23
10539,36
10540,14
10541,76
10542,32
10543,22
10544,37
10545,26
10546,33
10547,46
10548,14
10549,28
10550,21
10551,59
10552,20
10553,13
10554,18
10555,37
10556,45
10557,18
10558,12
10559,26
10560,76
10561,19
10562,58
10563,55
10564,37
10565,30
10566,34
10567,23
10568,22
10569,37
10570,35
10571,26
10572,11
10573,28
10574,13
10575,42
10576,15
10577,21
10578,36
10579,29
10580,16
10581,38
10582,36
10583,20
10584,83
10585,27
10586,40
10587,30
10588,37
10589,23
10590,9
10591,10
10592,53
10593,10
10594,24
10595,54
10596,27
10597,31
10598,19
10599,21
10600,23
10601,20
10602,29
10603,43
10604,23
10605,18
10606,24
10607,25
10608,17
10609,20
10610,22
10611,25
10612,47
10613,13
10614,18
10615,28
10616,22
10617,32
10618,23
10619,39
10620,18
10621,19
10622,39
10623,41
10624,24
10625,16
10626,19
10627,30
10628,26
10629,19
10630,9
10631,20
10632,40
10633,30
10634,36
10635,30
10636,45
10637,28
10638,22
10639,19
10640,21
10641,32
10642,27
10643,40
10644,49
10645,23
10646,38
10647,23
10648,71
10649,34
10650,25
10651,14
10652,20
10653,36
10654,34
10655,19
10656,16
10657,20
10658,19
10659,43
10660,46
10661,31
10662,60
10663,17
10664,12
10665,35
10666,22
10667,77
10668,12
10669,70
10670,14
10671,73
10672,20
10673,16
10674,26
10675,24
10676,25
10677,20
10678,32
10679,14
10680,28
10681,18
10682,25
10683,32
10684,13
10685,27
10686,30
10687,15
10688,12
10689,42
10690,30
10691,18
10692,36
10693,38
10694,12
10695,61
10696,23
10697,55
10698,28
10699,23
10700,32
10701,34
10702,19
10703,55
10704,24
10705,15
10706,32
10707,37
10708,75
10709,17
10710,28
10711,41
10712,22
10713,61
10714,42
10715,59
10716,44
10717,28
10718,22
10719,35
10720,39
10721,18
10722,14
10723,8
10724,40
10725,25
10726,21
10727,12
10728,20
10729,26
10730,19
10731,19
10732,21
10733,42
10734,43
10735,42
10736,24
10737,12
10738,34
10739,14
10740,20
10741,24
10742,24
10743,33
10744,43
10745,44
10746,47
10747,41
10748,27
10749,28
10750,19
10751,36
10752,38
10753,32
10754,35
10755,70
10756,51
10757,13
10758,29
10759,11
10760,40
10761,32
10762,20
10763,19
10764,16
10765,27
10766,42
10767,21
10768,29
10769,40
10770,32
10771,61
10772,25
10773,10
10774,23
10775,37
10776,20
10777,28
10778,30
10779,21
10780,42
10781,24
10782,28
10783,12
10784,9
10785,34
10786,28
10787,13
10788,30
10789,33
10790,53
10791,33
10792,14
10793,29
10794,38
10795,27
10796,31
10797,17
10798,20
10799,28
10800,16
10801,20
10802,17
10803,15
10804,19
10805,33
10806,43
10807,16
10808,16
10809,24
10810,33
10811,27
10812,42
10813,14
10814,12
10815,10
10816,34
10817,72
10818,11
10819,19
10820,22
10821,52
10822,18
10823,29
10824,22
10825,54
10826,18
10827,49
10828,31
10829,26
10830,79
10831,30
10832,21
10833,13
10834,50
10835,18
10836,77
10837,36
10838,19
10839,19
10840,28
10841,33
10842,22
10843,16
10844,24
10845,55
10846,19
10847,21
10848,28
10849,27
10850,33
10851,18
10852,31
10853,33
10854,8
10855,22
10856,30
10857,34
10858,45
10859,13
10860,16
10861,18
10862,12
10863,19
10864,25
10865,42
10866,75
10867,25
10868,17
10869,32
10870,29
10871,28
10872,13
10873,30
10874,36
10875,28
10876,21
10877,31
10878,45
10879,38
10880,12
10881,17
10882,21
10883,13
10884,16
10885,31
10886,19
10887,29
10888,19
10889,12
10890,20
10891,45
10892,42
10893,31
10894,15
10895,31
10896,30
10897,60
10898,58
10899,46
10900,25
10901,16
10902,14
10903,21
10904,36
10905,52
10906,28
10907,17
10908,29
10909,53
10910,100
10911,24
10912,28
10913,35
10914,68
10915,12
10916,31
10917,66
10918,41
10919,19
10920,49
10921,27
10922,17
10923,20
10924,17
10925,32
10926,44
10927,42
10928,30
10929,82
10930,23
10931,17
10932,24
10933,25
10934,28
10935,11
10936,25
10937,28
10938,68
10939,10
10940,29
10941,25
10942,15
10943,39
10944,80
10945,62
10946,26
10947,24
10948,40
10949,44
10950,34
10951,30
10952,32
10953,60
10954,40
10955,62
10956,31
10957,24
10958,12
10959,24
10960,15
10961,22
10962,50
10963,26
10964,32
10965,19
10966,29
10967,37
10968,28
10969,33
10970,39
10971,31
10972,24
10973,27
10974,31
10975,16
10976,12
10977,20
10978,20
10979,25
10980,29
10981,28
10982,51
10983,26
10984,18
10985,21
10986,28
10987,25
10988,22
10989,10
10990,40
10991,13
10992,63
10993,15
10994,37
10995,51
10996,13
10997,36
10998,44
10999,51
11000,30
11001,15
11002,15
11003,51
11004,27
11005,29
11006,22
11007,64
11008,25
11009,21
11010,26
11011,46
11012,19
11013,37
11014,36
11015,15
11016,18
11017,24
11018,26
11019,29
11020,20
11021,12
11022,25
11023,23
11024,29
11025,17
11026,27
11027,31
11028,26
11029,60
11030,36
11031,24
11032,18
11033,20
11034,31
11035,67
11036,43
11037,31
11038,35
11039,45
11040,46
11041,24
11042,34
11043,41
11044,33
11045,25
11046,34
11047,21
11048,18
11049,25
11050,44
11051,67
11052,22
11053,32
11054,41
11055,21
11056,25
11057,28
11058,45
11059,7
11060,17
11061,31
11062,19
11063,29
11064,41
11065,20
11066,41
11067,50
11068,25
11069,21
11070,19
11071,26
11072,38
11073,24
11074,48
11075,33
11076,51
11077,14
11078,28
11079,29
11080,69
11081,19
11082,47
11083,13
11084,25
11085,17
11086,23
11087,20
11088,41
11089,14
11090,29
11091,28
11092,44
11093,24
11094,28
11095,32
11096,19
11097,33
11098,16
11099,22
11100,30
11101,6
11102,14
11103,27
11104,41
11105,38
11106,34
11107,27
11108,26
11109,26
11110,9
11111,25
11112,34
11113,17
11114,30
11115,47
11116,36
11117,15
11118,37
11119,18
11120,18
11121,46
11122,20
11123,56
11124,28
11125,39
11126,63
11127,29
11128,55
11129,37
11130,21
11131,30
11132,19
11133,25
11134,20
11135,19
11136,31
11137,27
11138,32
11139,45
11140,8
11141,26
11142,41
11143,18
11144,32
11145,65
11146,51
11147,21
11148,81
11149,35
11150,29
11151,19
11152,29
11153,25
11154,60
11155,25
11156,27
11157,17
11158,58
11159,22
11160,40
11161,22
11162,37
11163,17
11164,20
11165,16
11166,40
11167,20
11168,21
11169,12
11170,18
11171,47
11172,44
11173,23
11174,31
11175,14
11176,38
11177,58
11178,22
11179,17
11180,59
11181,15
11182,17
11183,15
11184,21
11185,39
11186,61
11187,40
11188,18
11189,17
11190,32
11191,20
11192,24
11193,23
11194,24
11195,37
11196,26
11197,30
11198,13
11199,57
11200,36
11201,18
11202,27
11203,35
11204,42
11205,26
11206,20
11207,25
11208,20
11209,42
11210,37
11211,44
11212,17
11213,31
11214,15
11215,28
11216,33
11217,44
11218,19
11219,25
11220,21
11221,17
11222,20
11223,28
11224,42
11225,20
11226,27
11227,52
11228,56
11229,40
11230,31
11231,14
11232,26
11233,29
11234,23
11235,27
11236,41
11237,23
11238,77
11239,58
11240,26
11241,30
11242,51
11243,38
11244,33
11245,50
11246,36
11247,47
11248,53
11249,93
11250,32
11251,22
11252,30
11253,34
11254,56
11255,59
11256,33
11257,24
11258,19
11259,42
11260,19
11261,31
11262,15
11263,32
11264,20
11265,58
11266,24
11267,47
11268,43
11269,21
11270,33
11271,28
11272,51
11273,56
11274,29
11275,15
11276,32
11277,28
11278,49
11279,25
11280,17
11281,52
11282,11
11283,22
11284,24
11285,29
11286,22
11287,28
11288,89
11289,49
11290,19
11291,21
11292,13
11293,41
11294,14
11295,39
11296,19
11297,25
11298,20
11299,20
11300,30
11301,47
11302,23
11303,29
11304,28
11305,34
11306,37
11307,39
11308,27
11309,12
11310,12
11311,19
11312,21
11313,71
11314,17
11315,30
11316,17
11317,22
11318,17
11319,15
11320,16
11321,16
11322,52
11323,27
11324,24
11325,39
11326,14
11327,16
11328,56
11329,34
11330,21
11331,12
11332,19
11333,17
11334,21
11335,38
11336,31
11337,24
11338,41
11339,44
11340,28
11341,38
11342,33
11343,27
11344,26
11345,21
11346,23
11347,34
11348,29
11349,40
11350,47
11351,34
11352,41
11353,30
11354,17
11355,30
11356,17
11357,25
11358,30
11359,32
11360,16
11361,17
11362,32
11363,30
11364,13
11365,60
11366,33
11367,29
11368,24
11369,20
11370,9
11371,18
11372,17
11373,37
11374,22
11375,37
11376,25
11377,65
11378,45
11379,25
11380,33
11381,28
11382,29
11383,39
11384,29
11385,29
11386,22
11387,33
11388,39
11389,25
11390,13
11391,17
11392,23
11393,12
11394,32
11395,29
11396,41
11397,18
11398,29
11399,14
11400,27
11401,50
11402,21
11403,17
11404,20
11405,15
11406,39
11407,50
11408,17
11409,27
11410,12
11411,17
11412,47
11413,21
11414,30
11415,25
11416,26
11417,10
11418,36
11419,58
11420,25
11421,17
11422,16
11423,30
11424,47
11425,22
11426,18
11427,52
11428,22
11429,20
11430,39
11431,26
11432,33
11433,62
11434,32
11435,22
11436,49
11437,16
11438,19
11439,58
11440,37
11441,30
11442,14
11443,8
11444,36
11445,51
11446,19
11447,58
11448,23
11449,33
11450,30
11451,23
11452,12
11453,18
11454,20
11455,23
11456,18
11457,36
11458,25
11459,38
11460,21
11461,24
11462,28
11463,16
11464,23
11465,26
11466,17
11467,33
11468,15
11469,43
11470,91
11471,35
11472,27
11473,12
11474,16
11475,55
11476,16
11477,29
11478,33
11479,32
11480,30
11481,44
11482,27
11483,25
11484,28
11485,20
11486,13
11487,49
11488,47
11489,29
11490,22
11491,28
11492,12
11493,18
11494,24
11495,20
11496,35
11497,20
11498,19
11499,24
11500,22
11501,39
11502,41
11503,31
11504,65
11505,30
11506,21
11507,28
11508,17
11509,26
11510,32
11511,36
11512,34
11513,16
11514,15
11515,16
11516,35
11517,33
11518,21
11519,65
11520,16
11521,43
11522,23
11523,44
11524,64
11525,29
11526,23
11527,37
11528,38
11529,20
11530,48
11531,30
11532,42
11533,51
11534,17
11535,37
11536,15
11537,11
11538,36
11539,13
11540,41
11541,23
11542,25
11543,28
11544,13
11545,23
11546,27
11547,19
11548,18
11549,36
11550,15
11551,24
11552,63
11553,47
11554,24
11555,22
11556,36
11557,26
11558,19
11559,57
11560,31
11561,32
11562,28
11563,33
11564,34
11565,18
11566,24
11567,23
11568,19
11569,32
11570,27
11571,22
11572,38
11573,20
11574,22
11575,20
11576,49
11577,43
11578,27
11579,29
11580,53
11581,21
11582,25
11583,20
11584,29
11585,34
11586,46
11587,15
11588,41
11589,48
11590,36
11591,25
11592,17
11593,22
11594,22
11595,27
11596,17
11597,12
11598,14
11599,28
11600,15
11601,45
11602,22
11603,40
11604,21
11605,35
11606,45
11607,22
11608,35
11609,11
11610,26
11611,26
11612,13
11613,43
11614,58
11615,100
11616,31
11617,31
11618,12
11619,20
11620,27
11621,17
11622,27
11623,21
11624,51
11625,20
11626,40
11627,22
11628,23
11629,20
11630,13
11631,29
11632,24
11633,19
11634,38
11635,45
11636,100
11637,12
11638,34
11639,21
11640,12
11641,18
11642,40
11643,33
11644,24
11645,23
11646,42
11647,13
11648,25
11649,36
11650,52
11651,24
11652,43
11653,30
11654,33
11655,48
11656,59
11657,18
11658,50
11659,22
11660,22
11661,21
11662,43
11663,14
11664,39
11665,33
11666,22
11667,33
11668,49
11669,23
11670,13
11671,17
11672,30
11673,12
11674,19
11675,16
11676,20
11677,82
11678,23
11679,16
11680,40
11681,20
11682,7
11683,27
11684,11
11685,8
11686,35
11687,19
11688,27
11689,47
11690,45
11691,37
11692,31
11693,89
11694,25
11695,26
11696,35
11697,47
11698,31
11699,16
11700,100
11701,24
11702,59
11703,54
11704,25
11705,20
11706,47
11707,19
11708,46
11709,30
11710,23
11711,54
11712,30
11713,16
11714,14
11715,43
11716,18
11717,13
11718,29
11719,7
11720,36
11721,28
11722,29
11723,15
11724,29
11725,18
11726,14
11727,35
11728,27
11729,47
11730,55
11731,37
11732,39
11733,40
11734,27
11735,20
11736,21
11737,47
11738,35
11739,30
11740,24
11741,19
11742,13
11743,31
11744,19
11745,25
11746,20
11747,45
11748,20
11749,73
11750,41
11751,37
11752,34
11753,29
11754,54
11755,12
11756,46
11757,40
11758,21
11759,27
11760,17
11761,38
11762,15
11763,69
11764,30
11765,45
11766,27
11767,34
11768,15
11769,16
11770,13
11771,33
11772,22
11773,10
11774,18
11775,22
11776,44
11777,38
11778,14
11779,23
11780,16
11781,21
11782,22
11783,42
11784,10
11785,32
11786,18
11787,32
11788,16
11789,57
11790,48
11791,31
11792,27
11793,25
11794,14
11795,26
11796,48
11797,18
11798,31
11799,20
11800,16
11801,30
11802,37
11803,28
11804,46
11805,38
11806,14
11807,36
11808,60
11809,38
11810,27
11811,23
11812,34
11813,28
11814,42
11815,51
11816,44
11817,24
11818,23
11819,24
11820,16
11821,25
11822,13
11823,19
11824,23
11825,20
11826,14
11827,35
11828,37
11829,55
11830,47
11831,80
11832,38
11833,12
11834,36
11835,34
11836,19
11837,21
11838,22
11839,21
11840,26
11841,21
11842,11
11843,18
11844,26
11845,24
11846,21
11847,26
11848,21
11849,20
11850,23
11851,63
11852,10
11853,48
11854,30
11855,37
11856,24
11857,29
11858,37
11859,26
11860,28
11861,16
11862,10
11863,35
11864,35
11865,24
11866,21
11867,36
11868,33
11869,26
11870,33
11871,31
11872,16
11873,64
11874,31
11875,38
11876,33
11877,33
11878,24
11879,22
11880,34
11881,36
11882,42
11883,38
11884,16
11885,22
11886,32
11887,23
11888,25
11889,32
11890,28
11891,43
11892,20
11893,16
11894,41
11895,28
11896,60
11897,16
11898,27
11899,27
11900,39
11901,44
11902,15
11903,27
11904,29
11905,29
11906,20
11907,41
11908,46
11909,28
11910,38
11911,27
11912,45
11913,61
11914,22
11915,18
11916,39
11917,18
11918,16
11919,13
11920,29
11921,12
11922,27
11923,51
11924,19
11925,31
11926,43
11927,30
11928,33
11929,43
11930,51
11931,29
11932,48
11933,42
11934,56
11935,35
11936,48
11937,36
11938,50
11939,11
11940,38
11941,67
11942,26
11943,43
11944,49
11945,31
11946,23
11947,42
11948,45
11949,44
11950,24
11951,29
11952,10
11953,17
11954,39
11955,22
11956,14
11957,24
11958,22
11959,13
11960,11
11961,24
11962,16
11963,44
11964,23
11965,34
11966,14
11967,40
11968,35
11969,10
11970,27
11971,30
11972,15
11973,49
11974,23
11975,16
11976,28
11977,42
11978,63
11979,28
11980,24
11981,35
11982,22
11983,33
11984,22
11985,17
11986,41
11987,38
11988,16
11989,28
11990,100
11991,26
11992,19
11993,14
11994,32
11995,34
11996,37
11997,34
11998,29
11999,23
12000,43
12001,45
12002,36
12003,19
12004,25
12005,28
12006,34
12007,17
12008,37
12009,20
12010,22
12011,8
12012,47
12013,52
12014,54
12015,45
12016,29
12017,57
12018,24
12019,18
12020,24
12021,46
12022,15
12023,17
12024,36
12025,18
12026,44
12027,19
12028,28
12029,53
12030,14
12031,20
12032,30
12033,14
12034,25
12035,35
12036,10
12037,19
12038,25
12039,36
12040,18
12041,33
12042,38
12043,37
12044,31
12045,41
12046,41
12047,31
12048,28
12049,43
12050,58
12051,13
12052,27
12053,18
12054,18
12055,46
12056,21
12057,24
12058,54
12059,23
12060,36
12061,35
12062,22
12063,24
12064,19
12065,27
12066,16
12067,60
12068,13
12069,32
12070,20
12071,18
12072,20
12073,30
12074,29
12075,23
12076,12
12077,12
12078,27
12079,38
12080,38
12081,35
12082,21
12083,30
12084,47
12085,20
12086,26
12087,34
12088,65
12089,14
12090,26
12091,29
12092,27
12093,19
12094,30
12095,16
12096,18
12097,28
12098,31
12099,22
12100,17
12101,37
12102,35
12103,33
12104,31
12105,18
12106,37
12107,17
12108,40
12109,38
12110,40
12111,15
12112,27
12113,28
12114,18
12115,18
12116,23
12117,24
12118,19
12119,15
12120,31
12121,34
12122,18
12123,32
12124,67
12125,33
12126,38
12127,19
12128,28
12129,47
12130,34
12131,33
12132,20
12133,33
12134,37
12135,15
12136,24
12137,53
12138,24
12139,50
12140,52
12141,37
12142,52
12143,79
12144,35
12145,75
12146,36
12147,36
12148,23
12149,10
12150,21
12151,15
12152,24
12153,31
12154,22
12155,32
12156,63
12157,28
12158,95
12159,28
12160,35
12161,80
12162,34
12163,32
12164,13
12165,20
12166,26
12167,27
12168,20
12169,25
12170,26
12171,20
12172,15
12173,25
12174,40
12175,10
12176,34
12177,19
12178,31
12179,35
12180,25
12181,49
12182,58
12183,28
12184,43
12185,36
12186,33
12187,14
12188,13
12189,17
12190,32
12191,37
12192,31
12193,22
12194,35
12195,82
12196,35
12197,22
12198,14
12199,24
12200,21
12201,83
12202,25
12203,11
12204,33
12205,49
12206,27
12207,26
12208,74
12209,21
12210,10
12211,53
12212,32
12213,47
12214,37
12215,41
12216,23
12217,26
12218,21
12219,16
12220,52
12221,13
12222,40
12223,69
12224,17
12225,11
12226,17
12227,25
12228,18
12229,80
12230,27
12231,21
12232,15
12233,21
12234,22
12235,21
12236,34
12237,30
12238,21
12239,21
12240,65
12241,38
12242,31
12243,25
12244,25
12245,35
12246,29
12247,18
12248,20
12249,31
12250,45
12251,28
12252,56
12253,53
12254,29
12255,20
12256,25
12257,27
12258,24
12259,30
12260,19
12261,12
12262,18
12263,28
12264,24
12265,39
12266,38
12267,17
12268,44
12269,31
12270,42
12271,30
12272,37
12273,26
12274,32
12275,64
12276,51
12277,17
12278,44
12279,36
12280,43
12281,27
12282,59
12283,54
12284,96
12285,22
12286,22
12287,25
12288,32
12289,15
12290,51
12291,28
12292,29
12293,26
12294,52
12295,36
12296,49
12297,42
12298,15
12299,14
12300,24
12301,42
12302,54
12303,42
12304,28
12305,27
12306,13
12307,25
12308,37
12309,24
12310,39
12311,34
12312,32
12313,33
12314,13
12315,47
12316,11
12317,28
12318,50
12319,24
12320,20
12321,26
12322,25
12323,26
12324,43
12325,30
12326,31
12327,15
12328,31
12329,21
12330,21
12331,33
12332,38
12333,18
12334,24
12335,31
12336,19
12337,15
12338,23
12339,34
12340,27
12341,33
12342,26
12343,24
12344,30
12345,22
12346,28
12347,38
12348,14
12349,20
12350,16
12351,24
12352,30
12353,16
12354,20
12355,27
12356,26
12357,27
12358,25
12359,41
12360,33
12361,56
12362,21
12363,17
12364,20
12365,13
12366,30
12367,11
12368,24
12369,20
12370,19
12371,30
12372,23
12373,25
12374,62
12375,25
12376,21
12377,42
12378,25
12379,25
12380,31
12381,43
12382,31
12383,34
12384,18
12385,54
12386,22
12387,40
12388,17
12389,30
12390,20
12391,13
12392,35
12393,26
12394,46
12395,35
12396,19
12397,23
12398,20
12399,24
12400,23
12401,13
12402,21
12403,37
12404,28
12405,38
12406,27
12407,26
12408,12
12409,30
12410,37
12411,27
12412,15
12413,30
12414,22
12415,16
12416,30
12417,36
12418,32
12419,22
12420,37
12421,26
12422,54
12423,21
12424,25
12425,43
12426,20
12427,17
12428,25
12429,21
12430,51
12431,20
12432,24
12433,21
12434,35
12435,67
12436,22
12437,22
12438,15
12439,18
12440,19
12441,26
12442,34
12443,31
12444,14
12445,22
12446,17
12447,20
12448,51
12449,47
12450,19
12451,24
12452,31
12453,26
12454,35
12455,37
12456,28
12457,44
12458,18
12459,37
12460,36
12461,12
12462,20
12463,21
12464,19
12465,33
12466,41
12467,26
12468,41
12469,20
12470,17
12471,24
12472,42
12473,49
12474,21
12475,61
12476,38
12477,60
12478,32
12479,22
12480,39
12481,13
12482,23
12483,35
12484,65
12485,31
12486,15
12487,41
12488,38
12489,26
12490,22
12491,27
12492,37
12493,22
12494,18
12495,11
12496,75
12497,41
12498,26
12499,26
12500,40
12501,20
12502,21
12503,32
12504,32
12505,41
12506,25
12507,33
12508,24
12509,16
12510,9
12511,14
12512,30
12513,35
12514,50
12515,20
12516,20
12517,13
12518,21
12519,33
12520,39
12521,23
12522,29
12523,30
12524,25
12525,19
12526,11
12527,13
12528,36
12529,34
12530,40
12531,10
12532,39
12533,13
12534,29
12535,25
12536,31
12537,27
12538,20
12539,26
12540,62
12541,33
12542,48
12543,24
12544,29
12545,18
12546,28
12547,26
12548,22
12549,29
12550,19
12551,29
12552,40
12553,34
12554,33
12555,24
12556,19
12557,26
12558,19
12559,17
12560,21
12561,25
12562,32
12563,21
12564,18
12565,20
12566,57
12567,32
12568,44
12569,18
12570,24
12571,28
12572,20
12573,23
12574,39
12575,26
12576,19
12577,51
12578,9
12579,40
12580,41
12581,48
12582,23
12583,30
12584,17
12585,39
12586,18
12587,13
12588,30
12589,39
12590,20
12591,71
12592,13
12593,47
12594,32
12595,15
12596,23
12597,36
12598,43
12599,46
12600,35
12601,11
12602,50
12603,21
12604,20
12605,21
12606,20
12607,27
12608,26
12609,24
12610,42
12611,52
12612,18
12613,48
12614,43
12615,30
12616,55
12617,22
12618,20
12619,17
12620,24
12621,48
12622,27
12623,42
12624,26
12625,50
12626,11
12627,45
12628,38
12629,13
12630,24
12631,15
12632,23
12633,26
12634,45
12635,8
12636,17
12637,25
12638,15
12639,29
12640,32
12641,43
12642,23
12643,19
12644,48
12645,32
12646,14
12647,21
12648,28
12649,16
12650,28
12651,17
12652,17
12653,60
12654,16
12655,30
12656,23
12657,21
12658,32
12659,42
12660,32
12661,40
12662,30
12663,21
12664,27
12665,30
12666,33
12667,38
12668,54
12669,31
12670,28
12671,53
12672,16
12673,20
12674,27
12675,35
12676,19
12677,29
12678,21
12679,18
12680,27
12681,13
12682,30
12683,24
12684,29
12685,19
12686,25
12687,18
12688,22
12689,32
12690,26
12691,34
12692,31
12693,33
12694,39
12695,20
12696,34
12697,35
12698,36
12699,33
12700,22
12701,15
12702,63
12703,35
12704,34
12705,32
12706,53
12707,14
12708,41
12709,19
12710,24
12711,23
12712,18
12713,18
12714,30
12715,39
12716,45
12717,23
12718,42
12719,19
12720,51
12721,11
12722,46
12723,26
12724,30
12725,81
12726,20
12727,27
12728,26
12729,54
12730,23
12731,40
12732,28
12733,16
12734,32
12735,29
12736,31
12737,23
12738,13
12739,24
12740,25
12741,98
12742,40
12743,58
12744,41
12745,35
12746,30
12747,12
12748,69
12749,21
12750,41
12751,20
12752,17
12753,41
12754,16
12755,40
12756,16
12757,22
12758,26
12759,60
12760,43
12761,61
12762,25
12763,11
12764,15
12765,29
12766,29
12767,53
12768,30
12769,43
12770,19
12771,25
12772,31
12773,41
12774,49
12775,35
12776,34
12777,33
12778,52
12779,27
12780,10
12781,20
12782,20
12783,24
12784,30
12785,15
12786,41
12787,27
12788,21
12789,16
12790,18
12791,27
12792,24
12793,23
12794,14
12795,49
12796,34
12797,19
12798,35
12799,20
12800,20
12801,37
12802,30
12803,30
12804,14
12805,47
12806,18
12807,24
12808,38
12809,41
12810,24
12811,32
12812,23
12813,43
12814,15
12815,31
12816,42
12817,34
12818,36
12819,29
12820,24
12821,50
12822,47
12823,29
12824,17
12825,31
12826,19
12827,14
12828,29
12829,37
12830,26
12831,24
12832,29
12833,26
12834,23
12835,23
12836,36
12837,44
12838,15
12839,21
12840,27
12841,47
12842,38
12843,47
12844,26
12845,27
12846,13
12847,14
12848,23
12849,26
12850,32
12851,34
12852,19
12853,39
12854,18
12855,30
12856,21
12857,37
12858,12
12859,46
12860,47
12861,44
12862,61
12863,37
12864,34
12865,26
12866,15
12867,20
12868,15
12869,11
12870,19
12871,33
12872,27
12873,25
12874,40
12875,44
12876,73
12877,45
12878,16
12879,38
12880,40
12881,23
12882,42
12883,26
12884,16
12885,37
12886,19
12887,80
12888,14
12889,49
12890,46
12891,45
12892,20
12893,25
12894,51
12895,25
12896,13
12897,15
12898,13
12899,33
12900,28
12901,38
12902,17
12903,27
12904,24
12905,28
12906,29
12907,42
12908,43
12909,21
12910,52
12911,25
12912,74
12913,35
12914,47
12915,27
12916,31
12917,10
12918,22
12919,16
12920,43
12921,18
12922,21
12923,37
12924,51
12925,16
12926,49
12927,15
12928,32
12929,22
12930,21
12931,24
12932,40
12933,14
12934,21
12935,42
12936,27
12937,32
12938,32
12939,20
12940,58
12941,23
12942,28
12943,91
12944,43
12945,34
12946,26
12947,60
12948,56
12949,36
12950,25
12951,18
12952,32
12953,53
12954,23
12955,15
12956,27
12957,21
12958,11
12959,42
12960,30
12961,92
12962,49
12963,31
12964,13
12965,16
12966,24
12967,20
12968,41
12969,15
12970,37
12971,33
12972,35
12973,28
12974,43
12975,35
12976,29
12977,32
12978,28
12979,41
12980,25
12981,16
12982,44
12983,16
12984,21
12985,18
12986,19
12987,25
12988,27
12989,45
12990,24
12991,33
12992,10
12993,58
12994,15
12995,22
12996,31
12997,50
12998,16
12999,35
13000,67
13001,33
13002,16
13003,45
13004,26
13005,21
13006,29
13007,20
13008,21
13009,27
13010,48
13011,35
13012,20
13013,21
13014,17
13015,58
13016,22
13017,30
13018,17
13019,15
13020,12
13021,54
13022,30
13023,19
13024,34
13025,15
13026,37
13027,49
13028,35
13029,66
13030,42
13031,37
13032,23
13033,26
13034,48
13035,21
13036,24
13037,55
13038,28
13039,21
13040,20
13041,23
13042,28
13043,8
13044,18
13045,43
13046,37
13047,17
13048,25
13049,18
13050,33
13051,24
13052,31
13053,21
13054,25
13055,47
13056,20
13057,34
13058,60
13059,29
13060,23
13061,19
13062,22
13063,25
13064,20
13065,41
13066,28
13067,56
13068,13
13069,30
13070,27
13071,25
13072,28
13073,11
13074,19
13075,21
13076,28
13077,16
13078,31
13079,28
13080,32
13081,32
13082,32
13083,35
13084,39
13085,32
13086,36
13087,40
13088,28
13089,23
13090,27
13091,87
13092,14
13093,39
13094,35
13095,38
13096,17
13097,37
13098,35
13099,40
13100,31
13101,10
13102,28
13103,36
13104,26
13105,40
13106,34
13107,27
13108,23
13109,14
13110,28
13111,65
13112,15
13113,40
13114,12
13115,38
13116,36
13117,18
13118,33
13119,18
13120,24
13121,27
13122,54
13123,45
13124,16
13125,36
13126,19
13127,25
13128,30
13129,20
13130,33
13131,37
13132,44
13133,18
13134,22
13135,30
13136,21
13137,19
13138,23
13139,39
13140,39
13141,26
13142,32
13143,47
13144,25
13145,15
13146,47
13147,54
13148,63
13149,23
13150,45
13151,31
13152,36
13153,35
13154,29
13155,21
13156,49
13157,33
13158,40
13159,23
13160,17
13161,29
13162,22
13163,24
13164,47
13165,23
13166,37
13167,19
13168,60
13169,29
13170,30
13171,40
13172,26
13173,32
13174,23
13175,26
13176,36
13177,34
13178,39
13179,40
13180,24
13181,53
13182,10
13183,28
13184,25
13185,20
13186,38
13187,32
13188,11
13189,10
13190,11
13191,23
13192,40
13193,32
13194,33
13195,29
13196,44
13197,64
13198,12
13199,59
13200,52
13201,19
13202,25
13203,44
13204,40
13205,29
13206,42
13207,50
13208,43
13209,19
13210,45
13211,49
13212,18
13213,15
13214,25
13215,31
13216,44
13217,25
13218,25
13219,27
13220,46
13221,39
13222,25
13223,23
13224,46
13225,36
13226,45
13227,15
13228,19
13229,37
13230,47
13231,38
13232,26
13233,27
13234,51
13235,34
13236,23
13237,13
13238,39
13239,14
13240,20
13241,18
13242,19
13243,46
13244,18
13245,18
13246,42
13247,27
13248,23
13249,16
13250,27
13251,28
13252,100
13253,61
13254,26
13255,54
13256,19
13257,25
13258,24
13259,8
13260,25
13261,24
13262,17
13263,10
13264,26
13265,18
13266,34
13267,36
13268,47
13269,31
13270,18
13271,48
13272,29
13273,19
13274,21
13275,61
13276,40
13277,15
13278,76
13279,70
13280,24
13281,39
13282,31
13283,19
13284,27
13285,26
13286,18
13287,33
13288,58
13289,47
13290,20
13291,20
13292,40
13293,40
13294,19
13295,23
13296,28
13297,21
13298,22
13299,30
13300,40
13301,72
13302,21
13303,43
13304,32
13305,22
13306,31
13307,23
13308,92
13309,60
13310,19
13311,12
13312,21
13313,70
13314,37
13315,49
13316,30
13317,29
13318,28
13319,52
13320,18
13321,32
13322,17
13323,32
13324,35
13325,26
13326,26
13327,29
13328,36
13329,38
13330,39
13331,67
13332,33
13333,30
13334,30
13335,37
13336,24
13337,22
13338,23
13339,35
13340,24
13341,54
13342,27
13343,20
13344,22
13345,18
13346,30
13347,46
13348,25
13349,18
13350,20
13351,40
13352,45
13353,51
13354,41
13355,27
13356,42
13357,27
13358,40
13359,30
13360,26
13361,37
13362,16
13363,49
13364,31
13365,20
13366,32
13367,35
13368,39
13369,34
13370,38
13371,23
13372,37
13373,24
13374,22
13375,27
13376,59
13377,32
13378,41
13379,20
13380,22
13381,24
13382,56
13383,19
13384,29
13385,51
13386,24
13387,16
13388,50
13389,31
13390,34
13391,14
13392,17
13393,14
13394,55
13395,31
13396,32
13397,29
13398,26
13399,22
13400,36
13401,7
13402,19
13403,44
13404,33
13405,44
13406,11
13407,37
13408,15
13409,25
13410,12
13411,39
13412,22
13413,48
13414,14
13415,19
13416,22
13417,15
13418,49
13419,29
13420,19
13421,70
13422,21
13423,26
13424,47
13425,36
13426,39
13427,28
13428,11
13429,8
13430,32
13431,48
13432,63
13433,27
13434,33
13435,26
13436,28
13437,33
13438,47
13439,26
13440,24
13441,37
13442,32
13443,55
13444,34
13445,39
13446,19
13447,18
13448,30
13449,29
13450,19
13451,32
13452,9
13453,23
13454,25
13455,62
13456,38
13457,68
13458,23
13459,27
13460,49
13461,21
13462,23
13463,29
13464,25
13465,14
13466,56
13467,21
13468,5
13469,25
13470,30
13471,23
13472,29
13473,19
13474,18
13475,28
13476,26
13477,49
13478,19
13479,24
13480,12
13481,53
13482,11
13483,31
13484,42
13485,29
13486,26
13487,27
13488,31
13489,20
13490,26
13491,56
13492,44
13493,21
13494,64
13495,12
13496,14
13497,25
13498,29
13499,20
13500,29
13501,43
13502,12
13503,13
13504,25
13505,17
13506,43
13507,45
13508,58
13509,29
13510,12
13511,65
13512,28
13513,37
13514,25
13515,32
13516,17
13517,17
13518,26
13519,34
13520,19
13521,25
13522,27
13523,27
13524,67
13525,33
13526,26
13527,7
13528,26
13529,25
13530,28
13531,25
13532,36
13533,37
13534,16
13535,19
13536,50
13537,17
13538,31
13539,43
13540,31
13541,20
13542,54
13543,58
13544,18
13545,19
13546,15
13547,14
13548,18
13549,26
13550,24
13551,26
13552,52
13553,17
13554,78
13555,33
13556,15
13557,27
13558,70
13559,37
13560,28
13561,36
13562,51
13563,54
13564,16
13565,19
13566,22
13567,51
13568,30
13569,37
13570,39
13571,46
13572,48
13573,33
13574,13
13575,47
13576,41
13577,22
13578,26
13579,27
13580,22
13581,15
13582,17
13583,22
13584,25
13585,34
13586,32
13587,22
13588,23
13589,20
13590,36
13591,31
13592,23
13593,59
13594,13
13595,32
13596,46
13597,31
13598,19
13599,18
13600,15
13601,20
13602,23
13603,18
13604,34
13605,18
13606,19
13607,44
13608,38
13609,25
13610,39
13611,34
13612,92
13613,31
13614,27
13615,22
13616,34
13617,33
13618,83
13619,17
13620,40
13621,31
13622,35
13623,29
13624,18
13625,20
13626,50
13627,21
13628,22
13629,17
13630,27
13631,35
13632,22
13633,43
13634,22
13635,30
13636,35
13637,66
13638,17
13639,26
13640,17
13641,40
13642,43
13643,39
13644,19
13645,36
13646,35
13647,64
13648,16
13649,19
13650,38
13651,27
13652,28
13653,20
13654,23
13655,37
13656,33
13657,13
13658,11
13659,26
13660,23
13661,22
13662,18
13663,42
13664,41
13665,42
13666,32
13667,24
13668,27
13669,23
13670,34
13671,25
13672,20
13673,17
13674,14
13675,24
13676,34
13677,25
13678,22
13679,24
13680,48
13681,21
13682,27
13683,31
13684,33
13685,16
13686,45
13687,30
13688,15
13689,10
13690,25
13691,15
13692,64
13693,21
13694,18
13695,21
13696,26
13697,13
13698,21
13699,48
13700,83
13701,24
13702,36
13703,24
13704,17
13705,32
13706,21
13707,54
13708,28
13709,27
13710,17
13711,23
13712,27
13713,20
13714,15
13715,49
13716,27
13717,23
13718,23
13719,49
13720,33
13721,13
13722,35
13723,28
13724,17
13725,43
13726,52
13727,17
13728,22
13729,75
13730,24
13731,13
13732,22
13733,25
13734,29
13735,20
13736,25
13737,21
13738,24
13739,46
13740,16
13741,41
13742,60
13743,49
13744,41
13745,34
13746,24
13747,31
13748,14
13749,49
13750,35
13751,23
13752,28
13753,38
13754,29
13755,57
13756,26
13757,30
13758,20
13759,31
13760,22
13761,37
13762,22
13763,16
13764,12
13765,21
13766,44
13767,20
13768,34
13769,16
13770,21
13771,28
13772,15
13773,33
13774,20
13775,11
13776,29
13777,36
13778,76
13779,20
13780,23
13781,26
13782,23
13783,20
13784,54
13785,40
13786,16
13787,22
13788,15
13789,48
13790,25
13791,17
13792,14
13793,27
13794,15
13795,46
13796,72
13797,21
13798,63
13799,35
13800,21
13801,46
13802,14
13803,18
13804,38
13805,23
13806,25
13807,15
13808,23
13809,33
13810,23
13811,35
13812,25
13813,15
13814,31
13815,20
13816,36
13817,26
13818,20
13819,30
13820,39
13821,64
13822,23
13823,25
13824,47
13825,36
13826,23
13827,39
13828,35
13829,22
13830,24
13831,13
13832,19
13833,57
13834,22
13835,36
13836,30
13837,31
13838,19
13839,34
13840,27
13841,15
13842,35
13843,16
13844,36
13845,33
13846,18
13847,39
13848,66
13849,41
13850,34
13851,34
13852,33
13853,16
13854,12
13855,35
13856,39
13857,26
13858,21
13859,26
13860,29
13861,35
13862,14
13863,24
13864,61
13865,25
13866,36
13867,17
13868,23
13869,24
13870,36
13871,29
13872,16
13873,17
13874,36
13875,27
13876,57
13877,20
13878,30
13879,23
13880,64
13881,66
13882,46
13883,40
13884,59
13885,28
13886,46
13887,18
13888,25
13889,52
13890,19
13891,17
13892,27
13893,46
13894,17
13895,25
13896,44
13897,44
13898,27
13899,20
13900,32
13901,27
13902,41
13903,22
13904,21
13905,87
13906,52
13907,13
13908,36
13909,31
13910,32
13911,16
13912,26
13913,33
13914,12
13915,17
13916,22
13917,44
13918,100
13919,20
13920,34
13921,33
13922,28
13923,61
13924,44
13925,15
13926,30
13927,28
13928,20
13929,52
13930,59
13931,12
13932,28
13933,37
13934,40
13935,39
13936,84
13937,28
13938,23
13939,21
13940,21
13941,17
13942,22
13943,40
13944,23
13945,20
13946,27
13947,20
13948,45
13949,29
13950,32
13951,29
13952,32
13953,18
13954,27
13955,25
13956,11
13957,42
13958,23
13959,13
13960,23
13961,31
13962,81
13963,22
13964,26
13965,53
13966,31
13967,19
13968,45
13969,42
13970,53
13971,19
13972,22
13973,53
13974,20
13975,38
13976,50
13977,31
13978,44
13979,48
13980,31
13981,16
13982,30
13983,46
13984,29
13985,69
13986,49
13987,21
13988,17
13989,58
13990,43
13991,22
13992,44
13993,67
13994,34
13995,37
13996,29
13997,17
13998,27
13999,48
14000,42
14001,30
14002,30
14003,17
14004,22
14005,16
14006,20
14007,32
14008,37
14009,23
14010,30
14011,43
14012,16
14013,29
14014,37
14015,14
14016,39
14017,13
14018,23
14019,24
14020,14
14021,15
14022,26
14023,36
14024,10
14025,52
14026,35
14027,17
14028,25
14029,14
14030,42
14031,30
14032,48
14033,38
14034,21
14035,57
14036,37
14037,26
14038,19
14039,66
14040,15
14041,36
14042,33
14043,9
14044,29
14045,55
14046,22
14047,42
14048,40
14049,32
14050,69
14051,27
14052,26
14053,35
14054,26
14055,28
14056,22
14057,28
14058,15
14059,25
14060,41
14061,35
14062,32
14063,39
14064,37
14065,32
14066,18
14067,47
14068,40
14069,41
14070,12
14071,43
14072,80
14073,45
14074,42
14075,16
14076,20
14077,22
14078,34
14079,44
14080,17
14081,55
14082,42
14083,36
14084,22
14085,24
14086,13
14087,21
14088,19
14089,19
14090,54
14091,26
14092,55
14093,26
14094,82
14095,26
14096,45
14097,25
14098,46
14099,36
14100,25
14101,20
14102,44
14103,16
14104,31
14105,17
14106,24
14107,26
14108,16
14109,25
14110,25
14111,65
14112,39
14113,25
14114,24
14115,18
14116,40
14117,10
14118,23
14119,54
14120,21
14121,28
14122,22
14123,20
14124,12
14125,25
14126,29
14127,29
14128,45
14129,31
14130,25
14131,29
14132,59
14133,48
14134,18
14135,67
14136,41
14137,16
14138,23
14139,27
14140,32
14141,17
14142,67
14143,47
14144,41
14145,23
14146,23
14147,32
14148,42
14149,32
14150,40
14151,50
14152,28
14153,16
14154,11
14155,21
14156,13
14157,47
14158,24
14159,34
14160,23
14161,31
14162,26
14163,12
14164,37
14165,35
14166,22
14167,12
14168,19
14169,10
14170,31
14171,18
14172,21
14173,18
14174,32
14175,34
14176,29
14177,47
14178,26
14179,41
14180,20
14181,30
14182,33
14183,51
14184,19
14185,15
14186,25
14187,13
14188,21
14189,76
14190,65
14191,46
14192,17
14193,22
14194,71
14195,18
14196,17
14197,79
14198,34
14199,18
14200,19
14201,44
14202,22
14203,37
14204,9
14205,37
14206,64
14207,35
14208,26
14209,36
14210,14
14211,38
14212,16
14213,35
14214,24
14215,21
14216,22
14217,44
14218,17
14219,30
14220,37
14221,40
14222,25
14223,31
14224,31
14225,31
14226,36
14227,19
14228,25
14229,12
14230,39
14231,48
14232,23
14233,26
14234,26
14235,43
14236,34
14237,14
14238,26
14239,33
14240,22
14241,28
14242,25
14243,25
14244,39
14245,29
14246,29
14247,29
14248,22
14249,18
14250,27
14251,19
14252,42
14253,32
14254,32
14255,39
14256,58
14257,42
14258,43
14259,9
14260,21
14261,16
14262,16
14263,41
14264,37
14265,22
14266,60
14267,31
14268,12
14269,38
14270,19
14271,12
14272,17
14273,49
14274,24
14275,51
14276,16
14277,24
14278,33
14279,47
14280,65
14281,23
14282,15
14283,29
14284,14
14285,47
14286,23
14287,34
14288,33
14289,41
14290,56
14291,44
14292,38
14293,20
14294,37
14295,25
14296,20
14297,21
14298,13
14299,28
14300,43
14301,12
14302,44
14303,27
14304,17
14305,43
14306,19
14307,23
14308,27
14309,25
14310,23
14311,24
14312,20
14313,26
14314,25
14315,18
14316,37
14317,60
14318,79
14319,69
14320,27
14321,17
14322,24
14323,38
14324,40
14325,32
14326,44
14327,56
14328,25
14329,38
14330,29
14331,14
14332,31
14333,15
14334,25
14335,17
14336,36
14337,26
14338,23
14339,34
14340,47
14341,45
14342,22
14343,19
14344,17
14345,35
14346,28
14347,12
14348,23
14349,16
14350,16
14351,29
14352,25
14353,21
14354,28
14355,15
14356,19
14357,19
14358,33
14359,36
14360,48
14361,23
14362,27
14363,16
14364,17
14365,27
14366,29
14367,28
14368,27
14369,26
14370,35
14371,14
14372,73
14373,91
14374,42
14375,100
14376,13
14377,15
14378,48
14379,28
14380,27
14381,33
14382,13
14383,22
14384,15
14385,13
14386,12
14387,26
14388,16
14389,28
14390,20
14391,39
14392,24
14393,24
14394,35
14395,18
14396,48
14397,33
14398,13
14399,36
14400,17
14401,67
14402,22
14403,16
14404,28
14405,22
14406,12
14407,23
14408,22
14409,34
14410,16
14411,21
14412,19
14413,39
14414,46
14415,26
14416,52
14417,36
14418,21
14419,24
14420,13
14421,26
14422,41
14423,32
14424,18
14425,24
14426,33
14427,14
14428,10
14429,26
14430,26
14431,14
14432,14
14433,15
14434,19
14435,28
14436,21
14437,17
14438,41
14439,18
14440,45
14441,27
14442,43
14443,23
14444,18
14445,29
14446,25
14447,70
14448,30
14449,26
14450,14
14451,41
14452,21
14453,50
14454,25
14455,45
14456,31
14457,19
14458,41
14459,22
14460,26
14461,20
14462,67
14463,31
14464,12
14465,12
14466,29
14467,71
14468,35
14469,18
14470,14
14471,14
14472,37
14473,12
14474,16
14475,25
14476,41
14477,19
14478,17
14479,17
14480,17
14481,26
14482,96
14483,54
14484,35
14485,58
14486,27
14487,22
14488,23
14489,85
14490,19
14491,35
14492,42
14493,26
14494,32
14495,13
14496,11
14497,22
14498,14
14499,27
14500,15
14501,9
14502,26
14503,16
14504,24
14505,30
14506,28
14507,19
14508,14
14509,67
14510,31
14511,22
14512,28
14513,20
14514,22
14515,27
14516,30
14517,24
14518,16
14519,16
14520,21
14521,29
14522,48
14523,21
14524,24
14525,15
14526,26
14527,39
14528,31
14529,42
14530,31
14531,21
14532,47
14533,21
14534,13
14535,15
14536,16
14537,30
14538,31
14539,12
14540,57
14541,18
14542,24
14543,24
14544,26
14545,16
14546,18
14547,27
14548,19
14549,26
14550,16
14551,28
14552,17
14553,37
14554,48
14555,16
14556,15
14557,23
14558,28
14559,27
14560,20
14561,68
14562,14
14563,33
14564,22
14565,47
14566,23
14567,35
14568,34
14569,39
14570,39
14571,25
14572,75
14573,42
14574,31
14575,35
14576,28
14577,33
14578,46
14579,18
14580,28
14581,15
14582,22
14583,15
14584,82
14585,44
14586,52
14587,52
14588,35
14589,27
14590,19
14591,44
14592,12
14593,25
14594,21
14595,40
14596,32
14597,35
14598,35
14599,38
14600,37
14601,28
14602,63
14603,24
14604,44
14605,25
14606,31
14607,98
14608,28
14609,30
14610,41
14611,15
14612,44
14613,47
14614,32
14615,21
14616,50
14617,23
14618,36
14619,23
14620,22
14621,21
14622,34
14623,14
14624,22
14625,55
14626,22
14627,22
14628,59
14629,46
14630,41
14631,27
14632,50
14633,19
14634,23
14635,43
14636,13
14637,26
14638,22
14639,38
14640,25
14641,15
14642,51
14643,25
14644,25
14645,27
14646,35
14647,28
14648,25
14649,27
14650,21
14651,22
14652,28
14653,26
14654,28
14655,60
14656,17
14657,10
14658,30
14659,18
14660,12
14661,17
14662,23
14663,45
14664,36
14665,19
14666,39
14667,44
14668,33
14669,25
14670,32
14671,21
14672,46
14673,18
14674,49
14675,22
14676,16
14677,26
14678,25
14679,29
14680,15
14681,46
14682,50
14683,29
14684,57
14685,28
14686,50
14687,23
14688,51
14689,32
14690,39
14691,22
14692,15
14693,26
14694,30
14695,26
14696,36
14697,26
14698,34
14699,33
14700,21
14701,22
14702,39
14703,33
14704,33
14705,21
14706,21
14707,30
14708,26
14709,16
14710,17
14711,25
14712,39
14713,35
14714,33
14715,35
14716,28
14717,12
14718,22
14719,22
14720,12
14721,37
14722,27
14723,45
14724,19
14725,20
14726,22
14727,42
14728,42
14729,30
14730,25
14731,52
14732,32
14733,29
14734,11
14735,29
14736,42
14737,22
14738,32
14739,27
14740,16
14741,11
14742,21
14743,25
14744,18
14745,20
14746,26
14747,20
14748,28
14749,18
14750,19
14751,32
14752,21
14753,29
14754,33
14755,20
14756,36
14757,37
14758,38
14759,34
14760,14
14761,39
14762,39
14763,18
14764,6
14765,15
14766,39
14767,20
14768,21
14769,34
14770,41
14771,36
14772,30
14773,15
14774,38
14775,42
14776,24
14777,17
14778,58
14779,25
14780,15
14781,23
14782,32
14783,18
14784,16
14785,36
14786,59
14787,41
14788,25
14789,30
14790,25
14791,32
14792,37
14793,43
14794,38
14795,27
14796,32
14797,20
14798,22
14799,30
14800,48
14801,34
14802,26
14803,35
14804,33
14805,19
14806,28
14807,36
14808,89
14809,27
14810,28
14811,17
14812,17
14813,38
14814,23
14815,29
14816,24
14817,43
14818,31
14819,23
14820,38
14821,14
14822,59
14823,37
14824,39
14825,17
14826,26
14827,27
14828,36
14829,39
14830,29
14831,38
14832,94
14833,24
14834,25
14835,30
14836,18
14837,43
14838,23
14839,31
14840,25
14841,27
14842,40
14843,32
14844,23
14845,47
14846,22
14847,17
14848,27
14849,23
14850,17
14851,28
14852,21
14853,20
14854,42
14855,50
14856,48
14857,46
14858,14
14859,15
14860,20
14861,30
14862,25
14863,44
14864,25
14865,37
14866,16
14867,20
14868,34
14869,47
14870,21
14871,45
14872,55
14873,35
14874,38
14875,21
14876,22
14877,60
14878,51
14879,24
14880,19
14881,71
14882,22
14883,51
14884,26
14885,20
14886,33
14887,43
14888,13
14889,20
14890,23
14891,42
14892,26
14893,15
14894,18
14895,7
14896,14
14897,11
14898,26
14899,29
14900,16
14901,32
14902,31
14903,30
14904,29
14905,30
14906,77
14907,70
14908,15
14909,26
14910,81
14911,44
14912,20
14913,52
14914,18
14915,24
14916,54
14917,40
14918,16
14919,50
14920,19
14921,23
14922,38
14923,32
14924,22
14925,29
14926,36
14927,34
14928,30
14929,77
14930,25
14931,30
14932,33
14933,25
14934,32
14935,37
14936,27
14937,25
14938,46
14939,43
14940,43
14941,52
14942,20
14943,42
14944,29
14945,10
14946,41
14947,22
14948,33
14949,26
14950,19
14951,13
14952,53
14953,30
14954,31
14955,20
14956,42
14957,33
14958,14
14959,30
14960,14
14961,27
14962,32
14963,32
14964,34
14965,27
14966,32
14967,12
14968,23
14969,20
14970,19
14971,63
14972,34
14973,26
14974,35
14975,56
14976,22
14977,40
14978,16
14979,29
14980,25
14981,30
14982,30
14983,41
14984,28
14985,17
14986,25
14987,45
14988,28
14989,50
14990,39
14991,33
14992,16
14993,13
14994,28
14995,13
14996,37
14997,44
14998,11
14999,15
15000,52
15001,35
15002,21
15003,34
15004,13
15005,19
15006,20
15007,45
15008,39
15009,26
15010,30
15011,10
15012,32
15013,37
15014,17
15015,22
15016,20
15017,50
15018,28
15019,16
15020,29
15021,37
15022,16
15023,24
15024,16
15025,16
15026,15
15027,19
15028,11
15029,13
15030,17
15031,25
15032,30
15033,45
15034,34
15035,24
15036,41
15037,17
15038,40
15039,28
15040,30
15041,32
15042,33
15043,14
15044,22
15045,100
15046,26
15047,16
15048,21
15049,35
15050,24
15051,17
15052,22
15053,16
15054,30
15055,50
15056,42
15057,13
15058,42
15059,22
15060,26
15061,27
15062,32
15063,21
15064,22
15065,28
15066,25
15067,15
15068,18
15069,15
15070,46
15071,26
15072,42
15073,31
15074,16
15075,13
15076,21
15077,22
15078,20
15079,32
15080,53
15081,10
15082,14
15083,55
15084,65
15085,38
15086,31
15087,23
15088,26
15089,21
15090,24
15091,22
15092,28
15093,27
15094,28
15095,44
15096,15
15097,63
15098,31
15099,25
15100,36
15101,21
15102,35
15103,11
15104,22
15105,37
15106,39
15107,9
15108,33
15109,17
15110,25
15111,80
15112,47
15113,28
15114,28
15115,12
15116,55
15117,22
15118,40
15119,56
15120,38
15121,44
15122,56
15123,33
15124,9
15125,12
15126,33
15127,50
15128,22
15129,23
15130,46
15131,26
15132,32
15133,37
15134,18
15135,27
15136,27
15137,33
15138,21
15139,44
15140,32
15141,26
15142,26
15143,31
15144,29
15145,28
15146,30
15147,22
15148,34
15149,18
15150,24
15151,50
15152,49
15153,26
15154,29
15155,34
15156,35
15157,54
15158,21
15159,26
15160,23
15161,38
15162,25
15163,21
15164,35
15165,23
15166,23
15167,34
15168,46
15169,14
15170,15
15171,40
15172,7
15173,30
15174,55
15175,35
15176,27
15177,35
15178,13
15179,32
15180,51
15181,50
15182,25
15183,82
15184,35
15185,16
15186,21
15187,91
15188,24
15189,21
15190,29
15191,28
15192,35
15193,39
15194,26
15195,20
15196,38
15197,27
15198,21
15199,21
15200,29
15201,26
15202,66
15203,66
15204,56
15205,20
15206,24
15207,25
15208,62
15209,39
15210,37
15211,18
15212,32
15213,25
15214,58
15215,17
15216,39
15217,37
15218,42
15219,40
15220,11
15221,9
15222,15
15223,18
15224,28
15225,70
15226,27
15227,18
15228,37
15229,33
15230,14
15231,12
15232,31
15233,22
15234,25
15235,37
15236,28
15237,70
15238,14
15239,22
15240,20
15241,33
15242,53
15243,21
15244,15
15245,12
15246,40
15247,22
15248,41
15249,12
15250,38
15251,13
15252,33
15253,15
15254,35
15255,31
15256,42
15257,20
15258,18
15259,14
15260,20
15261,21
15262,42
15263,33
15264,34
15265,60
15266,23
15267,47
15268,35
15269,14
15270,38
15271,70
15272,38
15273,42
15274,27
15275,28
15276,17
15277,23
15278,30
15279,56
15280,22
15281,15
15282,43
15283,64
15284,30
15285,76
15286,19
15287,13
15288,12
15289,25
15290,59
15291,33
15292,47
15293,78
15294,36
15295,23
15296,34
15297,21
15298,48
15299,27
15300,26
15301,45
15302,25
15303,31
15304,11
15305,29
15306,26
15307,32
15308,20
15309,13
15310,16
15311,22
15312,24
15313,43
15314,11
15315,16
15316,37
15317,16
15318,21
15319,23
15320,21
15321,22
15322,28
15323,21
15324,15
15325,27
15326,34
15327,58
15328,16
15329,31
15330,15
15331,11
15332,21
15333,17
15334,25
15335,27
15336,29
15337,14
15338,27
15339,28
15340,16
15341,23
15342,45
15343,19
15344,26
15345,51
15346,37
15347,58
15348,19
15349,35
15350,27
15351,76
15352,40
15353,39
15354,56
15355,33
15356,23
15357,23
15358,22
15359,10
15360,26
15361,26
15362,41
15363,83
15364,16
15365,28
15366,20
15367,44
15368,18
15369,20
15370,56
15371,50
15372,23
15373,27
15374,33
15375,24
15376,44
15377,27
15378,25
15379,45
15380,25
15381,26
15382,26
15383,24
15384,32
15385,15
15386,43
15387,29
15388,9
15389,23
15390,25
15391,31
15392,46
15393,37
15394,41
15395,11
15396,43
15397,17
15398,20
15399,15
15400,31
15401,44
15402,44
15403,21
15404,34
15405,27
15406,29
15407,11
15408,19
15409,39
15410,70
15411,51
15412,11
15413,27
15414,35
15415,55
15416,24
15417,28
15418,20
15419,26
15420,24
15421,22
15422,41
15423,36
15424,27
15425,15
15426,27
15427,31
15428,29
15429,28
15430,43
15431,30
15432,25
15433,32
15434,22
15435,39
15436,16
15437,16
15438,24
15439,21
15440,16
15441,40
15442,50
15443,23
15444,37
15445,42
15446,13
15447,16
15448,26
15449,32
15450,29
15451,30
15452,31
15453,32
15454,40
15455,21
15456,15
15457,21
15458,22
15459,31
15460,26
15461,28
15462,23
15463,23
15464,28
15465,24
15466,16
15467,39
15468,18
15469,31
15470,11
15471,26
15472,38
15473,38
15474,10
15475,28
15476,32
15477,27
15478,25
15479,17
15480,33
15481,24
15482,44
15483,15
15484,15
15485,51
15486,37
15487,33
15488,25
15489,54
15490,95
15491,35
15492,23
15493,29
15494,30
15495,15
15496,28
15497,23
15498,29
15499,23
15500,27
15501,84
15502,38
15503,22
15504,42
15505,37
15506,48
15507,18
15508,12
15509,30
15510,61
15511,30
15512,50
15513,34
15514,16
15515,17
15516,35
15517,33
15518,34
15519,32
15520,19
15521,36
15522,20
15523,28
15524,37
15525,28
15526,25
15527,28
15528,31
15529,60
15530,24
15531,35
15532,37
15533,21
15534,31
15535,24
15536,28
15537,33
15538,26
15539,12
15540,15
15541,21
15542,50
15543,20
15544,52
15545,20
15546,27
15547,30
15548,26
15549,30
15550,24
15551,37
15552,45
15553,10
15554,19
15555,24
15556,34
15557,39
15558,54
15559,21
15560,26
15561,54
15562,43
15563,27
15564,20
15565,21
15566,56
15567,23
15568,28
15569,52
15570,31
15571,35
15572,19
15573,37
15574,28
15575,32
15576,40
15577,26
15578,40
15579,31
15580,17
15581,27
15582,24
15583,23
15584,25
15585,22
15586,36
15587,54
15588,18
15589,49
15590,16
15591,16
15592,23
15593,18
15594,21
15595,20
15596,23
15597,35
15598,16
15599,21
15600,24
15601,25
15602,28
15603,63
15604,21
15605,15
15606,34
15607,52
15608,14
15609,71
15610,20
15611,16
15612,17
15613,23
15614,18
15615,38
15616,21
15617,20
15618,37
15619,34
15620,24
15621,50
15622,28
15623,26
15624,39
15625,17
15626,12
15627,31
15628,72
15629,30
15630,18
15631,17
15632,20
15633,27
15634,38
15635,64
15636,68
15637,24
15638,13
15639,19
15640,28
15641,27
15642,29
15643,17
15644,32
15645,36
15646,21
15647,24
15648,22
15649,37
15650,27
15651,18
15652,15
15653,16
15654,22
15655,12
15656,25
15657,25
15658,54
15659,27
15660,24
15661,17
15662,19
15663,23
15664,38
15665,23
15666,41
15667,19
15668,20
15669,16
15670,36
15671,37
15672,22
15673,32
15674,37
15675,19
15676,15
15677,44
15678,23
15679,29
15680,43
15681,58
15682,37
15683,46
15684,38
15685,33
15686,24
15687,18
15688,23
15689,33
15690,23
15691,22
15692,33
15693,20
15694,21
15695,42
15696,23
15697,35
15698,37
15699,28
15700,37
15701,31
15702,15
15703,18
15704,23
15705,17
15706,19
15707,11
15708,14
15709,13
15710,13
15711,19
15712,49
15713,34
15714,21
15715,22
15716,33
15717,23
15718,14
15719,37
15720,53
15721,46
15722,42
15723,17
15724,25
15725,12
15726,27
15727,19
15728,20
15729,18
15730,32
15731,26
15732,25
15733,49
15734,17
15735,15
15736,30
15737,38
15738,33
15739,27
15740,20
15741,23
15742,33
15743,23
15744,20
15745,26
15746,39
15747,13
15748,23
15749,30
15750,33
15751,50
15752,39
15753,28
15754,46
15755,39
15756,50
15757,16
15758,34
15759,21
15760,29
15761,33
15762,43
15763,12
15764,26
15765,21
15766,27
15767,33
15768,54
15769,14
15770,21
15771,20
15772,32
15773,16
15774,34
15775,55
15776,17
15777,66
15778,18
15779,19
15780,15
15781,24
15782,30
15783,35
15784,22
15785,21
15786,27
15787,25
15788,23
15789,11
15790,33
15791,25
15792,44
15793,9
15794,33
15795,13
15796,12
15797,25
15798,62
15799,44
15800,34
15801,43
15802,30
15803,28
15804,24
15805,24
15806,27
15807,26
15808,28
15809,22
15810,39
15811,44
15812,23
15813,46
15814,29
15815,36
15816,17
15817,32
15818,16
15819,36
15820,22
15821,26
15822,25
15823,5
15824,24
15825,15
15826,24
15827,23
15828,51
15829,32
15830,43
15831,33
15832,83
15833,13
15834,31
15835,37
15836,46
15837,10
15838,27
15839,25
15840,12
15841,36
15842,13
15843,35
15844,21
15845,59
15846,36
15847,29
15848,34
15849,45
15850,33
15851,57
15852,28
15853,20
15854,62
15855,37
15856,12
15857,36
15858,23
15859,26
15860,42
15861,53
15862,33
15863,36
15864,37
15865,39
15866,27
15867,34
15868,27
15869,27
15870,30
15871,100
15872,10
15873,54
15874,15
15875,51
15876,16
15877,24
15878,59
15879,34
15880,42
15881,53
15882,25
15883,32
15884,23
15885,28
15886,37
15887,33
15888,22
15889,42
15890,27
15891,35
15892,28
15893,28
15894,31
15895,88
15896,23
15897,12
15898,35
15899,20
15900,24
15901,40
15902,43
15903,52
15904,30
15905,42
15906,39
15907,27
15908,51
15909,10
15910,39
15911,24
15912,42
15913,27
15914,22
15915,38
15916,19
15917,17
15918,17
15919,29
15920,27
15921,25
15922,23
15923,22
15924,18
15925,31
15926,33
15927,34
15928,18
15929,28
15930,22
15931,26
15932,29
15933,10
15934,23
15935,27
15936,17
15937,36
15938,36
15939,31
15940,17
15941,43
15942,26
15943,16
15944,48
15945,13
15946,23
15947,28
15948,32
15949,69
15950,61
15951,26
15952,15
15953,20
15954,26
15955,32
15956,13
15957,14
15958,26
15959,49
15960,49
15961,28
15962,12
15963,31
15964,34
15965,44
15966,15
15967,33
15968,31
15969,19
15970,27
15971,25
15972,11
15973,49
15974,33
15975,19
15976,89
15977,24
15978,31
15979,17
15980,64
15981,22
15982,18
15983,52
15984,20
15985,29
15986,18
15987,31
15988,24
15989,14
15990,33
15991,17
15992,25
15993,59
15994,37
15995,31
15996,21
15997,16
15998,34
15999,21
16000,18
16001,44
16002,11
16003,53
16004,18
16005,19
16006,19
16007,49
16008,25
16009,26
16010,10
16011,24
16012,72
16013,25
16014,21
16015,16
16016,16
16017,23
16018,34
16019,75
16020,11
16021,33
16022,28
16023,29
16024,47
16025,27
16026,24
16027,27
16028,16
16029,17
16030,27
16031,40
16032,72
16033,43
16034,10
16035,30
16036,24
16037,18
16038,22
16039,20
16040,30
16041,25
16042,78
16043,14
16044,26
16045,23
16046,14
16047,19
16048,31
16049,24
16050,12
16051,25
16052,49
16053,23
16054,33
16055,46
16056,24
16057,38
16058,26
16059,18
16060,46
16061,41
16062,33
16063,38
16064,52
16065,93
16066,20
16067,9
16068,36
16069,24
16070,30
16071,36
16072,17
16073,26
16074,25
16075,21
16076,10
16077,38
16078,28
16079,31
16080,16
16081,74
16082,25
16083,34
16084,39
16085,34
16086,22
16087,10
16088,27
16089,10
16090,30
16091,27
16092,53
16093,26
16094,24
16095,28
16096,26
16097,26
16098,36
16099,35
16100,26
16101,24
16102,23
16103,59
16104,40
16105,22
16106,52
16107,14
16108,43
16109,22
16110,18
16111,21
16112,43
16113,48
16114,33
16115,36
16116,45
16117,18
16118,46
16119,62
16120,26
16121,37
16122,22
16123,36
16124,20
16125,10
16126,18
16127,26
16128,18
16129,16
16130,22
16131,44
16132,15
16133,43
16134,32
16135,18
16136,21
16137,11
16138,30
16139,32
16140,29
16141,24
16142,21
16143,31
16144,39
16145,42
16146,16
16147,27
16148,25
16149,20
16150,41
16151,25
16152,75
16153,13
16154,27
16155,21
16156,36
16157,34
16158,40
16159,33
16160,20
16161,27
16162,61
16163,21
16164,28
16165,12
16166,52
16167,28
16168,37
16169,24
16170,18
16171,49
16172,29
16173,19
16174,15
16175,10
16176,22
16177,19
16178,41
16179,34
16180,19
16181,15
16182,31
16183,16
16184,34
16185,9
16186,62
16187,23
16188,44
16189,11
16190,20
16191,28
16192,16
16193,41
16194,40
16195,34
16196,14
16197,60
16198,42
16199,33
16200,17
16201,36
16202,47
16203,54
16204,33
16205,48
16206,46
16207,26
16208,22
16209,22
16210,36
16211,37
16212,18
16213,19
16214,32
16215,57
16216,18
16217,20
16218,35
16219,22
16220,24
16221,24
16222,42
16223,47
16224,30
16225,35
16226,19
16227,19
16228,26
16229,42
16230,24
16231,25
16232,21
16233,23
16234,42
16235,33
16236,32
16237,22
16238,22
16239,40
16240,30
16241,27
16242,21
16243,39
16244,28
16245,17
16246,60
16247,21
16248,19
16249,13
16250,24
16251,26
16252,13
16253,19
16254,41
16255,22
16256,48
16257,23
16258,30
16259,60
16260,17
16261,20
16262,16
16263,18
16264,19
16265,29
16266,35
16267,26
16268,23
16269,41
16270,18
16271,21
16272,21
16273,17
16274,19
16275,19
16276,26
16277,41
16278,48
16279,38
16280,34
16281,41
16282,8
16283,26
16284,34
16285,34
16286,34
16287,25
16288,18
16289,24
16290,33
16291,30
16292,50
16293,62
16294,21
16295,47
16296,31
16297,33
16298,47
16299,29
16300,97
16301,17
16302,37
16303,50
16304,16
16305,47
16306,24
16307,27
16308,49
16309,35
16310,26
16311,14
16312,51
16313,22
16314,47
16315,19
16316,35
16317,44
16318,22
16319,25
16320,24
16321,33
16322,40
16323,48
16324,31
16325,30
16326,22
16327,30
16328,19
16329,26
16330,28
16331,29
16332,43
16333,20
16334,21
16335,24
16336,16
16337,14
16338,44
16339,21
16340,37
16341,19
16342,59
16343,19
16344,33
16345,14
16346,63
16347,54
16348,27
16349,15
16350,29
16351,14
16352,22
16353,17
16354,25
16355,23
16356,47
16357,35
16358,20
16359,19
16360,15
16361,46
16362,26
16363,61
16364,39
16365,23
16366,26
16367,18
16368,18
16369,22
16370,48
16371,21
16372,15
16373,17
16374,30
16375,84
16376,31
16377,30
16378,36
16379,49
16380,21
16381,36
16382,53
16383,17
16384,30
16385,29
16386,28
16387,17
16388,37
16389,10
16390,14
16391,20
16392,25
16393,56
16394,39
16395,19
16396,25
16397,36
16398,45
16399,17
16400,16
16401,38
16402,56
16403,16
16404,23
16405,24
16406,19
16407,34
16408,36
16409,20
16410,22
16411,26
16412,36
16413,66
16414,16
16415,77
16416,18
16417,31
16418,48
16419,23
16420,29
16421,36
16422,26
16423,32
16424,16
16425,19
16426,10
16427,24
16428,24
16429,61
16430,22
16431,35
16432,44
16433,17
16434,45
16435,12
16436,18
16437,28
16438,22
16439,21
16440,16
16441,32
16442,70
16443,51
16444,39
16445,24
16446,29
16447,31
16448,17
16449,22
16450,20
16451,18
16452,28
16453,28
16454,25
16455,19
16456,33
16457,21
16458,37
16459,32
16460,26
16461,21
16462,17
16463,38
16464,18
16465,19
16466,16
16467,37
16468,27
16469,17
16470,52
16471,25
16472,27
16473,28
16474,32
16475,19
16476,20
16477,21
16478,37
16479,23
16480,24
16481,10
16482,33
16483,22
16484,12
16485,36
16486,25
16487,18
16488,34
16489,14
16490,37
16491,30
16492,19
16493,20
16494,22
16495,57
16496,20
16497,49
16498,10
16499,80
16500,22
16501,15
16502,16
16503,35
16504,53
16505,37
16506,42
16507,39
16508,16
16509,30
16510,34
16511,31
16512,56
16513,38
16514,44
16515,13
16516,46
16517,16
16518,26
16519,24
16520,34
16521,21
16522,19
16523,41
16524,15
16525,47
16526,42
16527,18
16528,11
16529,30
16530,17
16531,18
16532,16
16533,35
16534,46
16535,25
16536,33
16537,14
16538,44
16539,41
16540,22
16541,17
16542,16
16543,28
16544,23
16545,45
16546,17
16547,29
16548,85
16549,12
16550,32
16551,28
16552,25
16553,7
16554,35
16555,24
16556,30
16557,22
16558,25
16559,17
16560,21
16561,22
16562,23
16563,26
16564,69
16565,41
16566,14
16567,70
16568,24
16569,45
16570,33
16571,35
16572,31
16573,16
16574,30
16575,34
16576,23
16577,66
16578,17
16579,31
16580,27
16581,30
16582,24
16583,25
16584,31
16585,31
16586,45
16587,20
16588,53
16589,29
16590,45
16591,24
16592,34
16593,22
16594,27
16595,13
16596,24
16597,19
16598,43
16599,30
16600,54
16601,26
16602,43
16603,18
16604,14
16605,18
16606,27
16607,26
16608,40
16609,15
16610,30
16611,24
16612,32
16613,37
16614,28
16615,49
16616,49
16617,28
16618,30
16619,33
16620,36
16621,20
16622,29
16623,14
16624,17
16625,61
16626,27
16627,12
16628,26
16629,20
16630,26
16631,14
16632,31
16633,18
16634,35
16635,31
16636,26
16637,45
16638,35
16639,34
16640,32
16641,18
16642,35
16643,32
16644,34
16645,17
16646,43
16647,30
16648,23
16649,16
16650,14
16651,27
16652,37
16653,43
16654,17
16655,34
16656,16
16657,25
16658,41
16659,22
16660,25
16661,49
16662,44
16663,18
16664,27
16665,12
16666,32
16667,90
16668,33
16669,28
16670,25
16671,25
16672,20
16673,28
16674,56
16675,35
16676,20
16677,20
16678,18
16679,60
16680,34
16681,48
16682,18
16683,32
16684,24
16685,27
16686,30
16687,31
16688,37
16689,31
16690,26
16691,24
16692,20
16693,46
16694,18
16695,44
16696,69
16697,38
16698,22
16699,33
16700,30
16701,53
16702,33
16703,10
16704,27
16705,26
16706,75
16707,10
16708,32
16709,37
16710,19
16711,45
16712,56
16713,29
16714,32
16715,44
16716,19
16717,40
16718,19
16719,39
16720,13
16721,36
16722,17
16723,24
16724,30
16725,19
16726,19
16727,43
16728,14
16729,23
16730,24
16731,29
16732,45
16733,33
16734,35
16735,15
16736,27
16737,39
16738,18
16739,31
16740,40
16741,25
16742,28
16743,24
16744,43
16745,27
16746,20
16747,14
16748,41
16749,16
16750,32
16751,21
16752,25
16753,34
16754,35
16755,23
16756,27
16757,21
16758,37
16759,57
16760,13
16761,18
16762,47
16763,34
16764,38
16765,27
16766,49
16767,8
16768,31
16769,11
16770,44
16771,42
16772,27
16773,31
16774,33
16775,38
16776,30
16777,10
16778,32
16779,32
16780,39
16781,34
16782,18
16783,19
16784,16
16785,30
16786,89
16787,41
16788,26
16789,49
16790,34
16791,16
16792,23
16793,28
16794,47
16795,26
16796,24
16797,24
16798,23
16799,26
16800,43
16801,31
16802,43
16803,47
16804,22
16805,24
16806,38
16807,39
16808,40
16809,38
16810,47
16811,17
16812,15
16813,30
16814,14
16815,53
16816,21
16817,57
16818,26
16819,28
16820,26
16821,20
16822,55
16823,42
16824,37
16825,30
16826,36
16827,21
16828,19
16829,32
16830,19
16831,68
16832,15
16833,18
16834,25
16835,27
16836,29
16837,55
16838,32
16839,34
16840,26
16841,32
16842,20
16843,24
16844,15
16845,26
16846,12
16847,26
16848,55
16849,34
16850,13
16851,20
16852,42
16853,26
16854,34
16855,55
16856,25
16857,16
16858,33
16859,19
16860,15
16861,15
16862,32
16863,38
16864,11
16865,34
16866,28
16867,27
16868,23
16869,33
16870,52
16871,16
16872,25
16873,25
16874,58
16875,23
16876,37
16877,21
16878,29
16879,19
16880,18
16881,17
16882,30
16883,20
16884,38
16885,21
16886,58
16887,37
16888,22
16889,14
16890,37
16891,42
16892,31
16893,9
16894,22
16895,34
16896,23
16897,21
16898,17
16899,28
16900,34
16901,14
16902,58
16903,41
16904,55
16905,29
16906,16
16907,19
16908,21
16909,32
16910,22
16911,22
16912,15
16913,61
16914,63
16915,22
16916,22
16917,26
16918,17
16919,30
16920,69
16921,21
16922,61
16923,36
16924,27
16925,19
16926,21
16927,53
16928,40
16929,38
16930,29
16931,32
16932,28
16933,30
16934,34
16935,12
16936,25
16937,36
16938,14
16939,20
16940,44
16941,39
16942,31
16943,32
16944,22
16945,15
16946,56
16947,35
16948,24
16949,22
16950,39
16951,47
16952,19
16953,27
16954,19
16955,40
16956,27
16957,49
16958,29
16959,30
16960,36
16961,18
16962,22
16963,39
16964,46
16965,30
16966,29
16967,16
16968,28
16969,39
16970,25
16971,39
16972,24
16973,26
16974,23
16975,29
16976,19
16977,51
16978,35
16979,45
16980,46
16981,41
16982,39
16983,16
16984,13
16985,27
16986,36
16987,32
16988,16
16989,37
16990,30
16991,14
16992,34
16993,16
16994,26
16995,10
16996,24
16997,39
16998,49
16999,18
17000,34
17001,22
17002,23
17003,35
17004,21
17005,36
17006,52
17007,17
17008,21
17009,28
17010,22
17011,32
17012,40
17013,22
17014,15
17015,17
17016,9
17017,29
17018,54
17019,33
17020,19
17021,9
17022,9
17023,13
17024,37
17025,29
17026,25
17027,33
17028,39
17029,33
17030,27
17031,36
17032,21
17033,17
17034,25
17035,28
17036,28
17037,21
17038,12
17039,14
17040,29
17041,23
17042,61
17043,24
17044,19
17045,26
17046,36
17047,18
17048,48
17049,31
17050,13
17051,30
17052,26
17053,36
17054,15
17055,17
17056,19
17057,15
17058,45
17059,32
17060,27
17061,33
17062,59
17063,28
17064,22
17065,53
17066,30
17067,9
17068,32
17069,26
17070,14
17071,16
17072,29
17073,24
17074,22
17075,33
17076,32
17077,27
17078,37
17079,20
17080,14
17081,23
17082,26
17083,10
17084,18
17085,28
17086,24
17087,18
17088,15
17089,25
17090,21
17091,39
17092,49
17093,36
17094,29
17095,30
17096,30
17097,26
17098,49
17099,38
17100,11
17101,47
17102,23
17103,19
17104,14
17105,14
17106,30
17107,31
17108,21
17109,26
17110,27
17111,11
17112,9
17113,19
17114,39
17115,22
17116,38
17117,28
17118,28
17119,30
17120,39
17121,26
17122,30
17123,23
17124,37
17125,21
17126,19
17127,19
17128,23
17129,39
17130,27
17131,21
17132,25
17133,11
17134,47
17135,23
17136,24
17137,30
17138,35
17139,35
17140,26
17141,44
17142,44
17143,67
17144,20
17145,18
17146,31
17147,51
17148,21
17149,11
17150,45
17151,40
17152,11
17153,23
17154,22
17155,42
17156,78
17157,33
17158,13
17159,28
17160,15
17161,30
17162,64
17163,35
17164,29
17165,38
17166,20
17167,22
17168,36
17169,11
17170,24
17171,51
17172,35
17173,43
17174,28
17175,22
17176,14
17177,12
17178,33
17179,29
17180,36
17181,35
17182,28
17183,21
17184,23
17185,49
17186,17
17187,11
17188,28
17189,21
17190,34
17191,29
17192,20
17193,27
17194,51
17195,37
17196,16
17197,46
17198,42
17199,20
17200,11
17201,7
17202,15
17203,38
17204,19
17205,43
17206,64
17207,28
17208,38
17209,32
17210,19
17211,25
17212,44
17213,30
17214,22
17215,18
17216,29
17217,44
17218,16
17219,45
17220,18
17221,24
17222,19
17223,42
17224,36
17225,57
17226,21
17227,23
17228,31
17229,36
17230,16
17231,19
17232,16
17233,14
17234,54
17235,25
17236,18
17237,28
17238,42
17239,41
17240,14
17241,31
17242,48
17243,18
17244,16
17245,21
17246,36
17247,48
17248,30
17249,26
17250,35
17251,22
17252,24
17253,11
17254,12
17255,22
17256,10
17257,24
17258,40
17259,19
17260,22
17261,21
17262,28
17263,15
17264,21
17265,24
17266,23
17267,29
17268,41
17269,72
17270,16
17271,35
17272,9
17273,14
17274,21
17275,100
17276,25
17277,72
17278,27
17279,12
17280,40
17281,33
17282,17
17283,26
17284,13
17285,26
17286,23
17287,60
17288,9
17289,23
17290,14
17291,33
17292,36
17293,22
17294,32
17295,35
17296,30
17297,28
17298,36
17299,27
17300,19
17301,39
17302,13
17303,46
17304,34
17305,17
17306,52
17307,23
17308,51
17309,20
17310,34
17311,13
17312,28
17313,30
17314,51
17315,21
17316,20
17317,26
17318,21
17319,48
17320,25
17321,39
17322,19
17323,31
17324,16
17325,21
17326,19
17327,19
17328,17
17329,28
17330,21
17331,22
17332,23
17333,23
17334,27
17335,15
17336,25
17337,38
17338,46
17339,33
17340,10
17341,31
17342,44
17343,23
17344,38
17345,22
17346,85
17347,33
17348,27
17349,26
17350,22
17351,23
17352,16
17353,21
17354,18
17355,58
17356,40
17357,52
17358,35
17359,23
17360,33
17361,53
17362,61
17363,82
17364,16
17365,11
17366,11
17367,15
17368,20
17369,14
17370,27
17371,28
17372,43
17373,26
17374,48
17375,27
17376,26
17377,19
17378,27
17379,61
17380,23
17381,20
17382,35
17383,24
17384,52
17385,21
17386,27
17387,23
17388,45
17389,22
17390,25
17391,20
17392,39
17393,23
17394,38
17395,31
17396,11
17397,26
17398,20
17399,24
17400,30
17401,24
17402,57
17403,19
17404,25
17405,22
17406,41
17407,14
17408,27
17409,53
17410,50
17411,44
17412,13
17413,11
17414,15
17415,62
17416,21
17417,36
17418,21
17419,30
17420,37
17421,14
17422,57
17423,35
17424,30
17425,44
17426,27
17427,34
17428,24
17429,27
17430,35
17431,42
17432,34
17433,25
17434,46
17435,31
17436,27
17437,9
17438,17
17439,47
17440,27
17441,25
17442,39
17443,60
17444,30
17445,19
17446,19
17447,61
17448,23
17449,28
17450,29
17451,38
17452,37
17453,43
17454,33
17455,29
17456,79
17457,32
17458,40
17459,20
17460,16
17461,15
17462,53
17463,26
17464,30
17465,20
17466,35
17467,25
17468,19
17469,49
17470,22
17471,25
17472,10
17473,18
17474,31
17475,19
17476,34
17477,19
17478,12
17479,27
17480,18
17481,48
17482,36
17483,36
17484,16
17485,23
17486,49
17487,45
17488,17
17489,39
17490,47
17491,12
17492,23
17493,28
17494,16
17495,32
17496,35
17497,51
17498,31
17499,29
17500,36
17501,13
17502,22
17503,59
17504,15
17505,11
17506,22
17507,21
17508,15
17509,5
17510,45
17511,24
17512,47
17513,26
17514,12
17515,21
17516,20
17517,61
17518,29
17519,19
17520,16
17521,19
17522,25
17523,21
17524,27
17525,14
17526,35
17527,28
17528,24
17529,29
17530,20
17531,26
17532,25
17533,29
17534,17
17535,34
17536,46
17537,35
17538,75
17539,31
17540,23
17541,33
17542,33
17543,17
17544,13
17545,26
17546,38
17547,9
17548,45
17549,32
17550,38
17551,40
17552,33
17553,20
17554,18
17555,20
17556,36
17557,26
17558,22
17559,24
17560,66
17561,12
17562,22
17563,30
17564,16
17565,39
17566,30
17567,21
17568,16
17569,68
17570,40
17571,22
17572,20
17573,29
17574,23
17575,41
17576,32
17577,46
17578,30
17579,13
17580,19
17581,29
17582,34
17583,24
17584,31
17585,16
17586,27
17587,26
17588,15
17589,36
17590,28
17591,20
17592,35
17593,45
17594,30
17595,11
17596,19
17597,24
17598,23
17599,51
17600,21
17601,11
17602,31
17603,28
17604,51
17605,49
17606,54
17607,30
17608,27
17609,19
17610,28
17611,25
17612,77
17613,32
17614,58
17615,13
17616,72
17617,20
17618,23
17619,44
17620,47
17621,58
17622,35
17623,24
17624,9
17625,65
17626,22
17627,21
17628,60
17629,17
17630,42
17631,22
17632,31
17633,29
17634,44
17635,16
17636,14
17637,33
17638,28
17639,18
17640,22
17641,28
17642,18
17643,45
17644,33
17645,28
17646,30
17647,29
17648,23
17649,30
17650,39
17651,29
17652,14
17653,77
17654,50
17655,33
17656,19
17657,29
17658,17
17659,44
17660,18
17661,26
17662,33
17663,19
17664,24
17665,23
17666,13
17667,22
17668,49
17669,23
17670,41
17671,20
17672,20
17673,20
17674,13
17675,36
17676,18
17677,57
17678,18
17679,28
17680,8
17681,28
17682,20
17683,35
17684,31
17685,13
17686,18
17687,39
17688,27
17689,20
17690,23
17691,16
17692,35
17693,34
17694,86
17695,39
17696,21
17697,35
17698,31
17699,41
17700,44
17701,20
17702,22
17703,38
17704,26
17705,21
17706,23
17707,26
17708,42
17709,27
17710,22
17711,15
17712,30
17713,19
17714,28
17715,22
17716,15
17717,51
17718,32
17719,43
17720,23
17721,40
17722,16
17723,34
17724,22
17725,18
17726,45
17727,33
17728,17
17729,27
17730,21
17731,32
17732,23
17733,23
17734,60
17735,15
17736,34
17737,25
17738,38
17739,20
17740,47
17741,28
17742,31
17743,22
17744,32
17745,31
17746,29
17747,36
17748,32
17749,33
17750,30
17751,14
17752,14
17753,20
17754,20
17755,27
17756,31
17757,22
17758,46
17759,21
17760,9
17761,33
17762,29
17763,70
17764,42
17765,20
17766,26
17767,16
17768,32
17769,19
17770,16
17771,15
17772,13
17773,48
17774,36
17775,22
17776,18
17777,11
17778,26
17779,29
17780,20
17781,22
17782,40
17783,32
17784,30
17785,55
17786,25
17787,19
17788,32
17789,24
17790,56
17791,31
17792,24
17793,25
17794,22
17795,12
17796,18
17797,53
17798,28
17799,10
17800,35
17801,15
17802,9
17803,13
17804,15
17805,20
17806,34
17807,24
17808,13
17809,23
17810,23
17811,22
17812,33
17813,48
17814,34
17815,39
17816,53
17817,8
17818,21
17819,14
17820,30
17821,16
17822,25
17823,34
17824,22
17825,26
17826,16
17827,41
17828,29
17829,33
17830,40
17831,34
17832,16
17833,35
17834,15
17835,22
17836,12
17837,48
17838,42
17839,15
17840,12
17841,18
17842,22
17843,25
17844,18
17845,23
17846,32
17847,30
17848,35
17849,31
17850,17
17851,13
17852,73
17853,31
17854,26
17855,17
17856,26
17857,28
17858,26
17859,13
17860,50
17861,24
17862,17
17863,31
17864,39
17865,16
17866,34
17867,18
17868,38
17869,31
17870,16
17871,33
17872,22
17873,31
17874,22
17875,31
17876,30
17877,41
17878,22
17879,13
17880,35
17881,17
17882,25
17883,43
17884,16
17885,43
17886,21
17887,16
17888,42
17889,35
17890,22
17891,31
17892,19
17893,18
17894,38
17895,11
17896,44
17897,34
17898,20
17899,22
17900,28
17901,17
17902,12
17903,22
17904,34
17905,19
17906,31
17907,38
17908,43
17909,32
17910,14
17911,51
17912,14
17913,23
17914,25
17915,19
17916,40
17917,24
17918,34
17919,26
17920,24
17921,21
17922,11
17923,23
17924,42
17925,10
17926,24
17927,16
17928,20
17929,31
17930,23
17931,32
17932,11
17933,37
17934,19
17935,20
17936,24
17937,70
17938,26
17939,24
17940,40
17941,23
17942,34
17943,18
17944,20
17945,42
17946,50
17947,43
17948,41
17949,25
17950,13
17951,24
17952,26
17953,13
17954,50
17955,24
17956,27
17957,15
17958,13
17959,29
17960,65
17961,31
17962,34
17963,21
17964,21
17965,23
17966,46
17967,23
17968,22
17969,46
17970,28
17971,33
17972,13
17973,34
17974,17
17975,14
17976,23
17977,28
17978,36
17979,67
17980,29
17981,18
17982,18
17983,28
17984,16
17985,32
17986,42
17987,25
17988,65
17989,30
17990,25
17991,51
17992,29
17993,12
17994,33
17995,14
17996,19
17997,31
17998,21
17999,10
18000,30
18001,52
18002,19
18003,29
18004,32
18005,24
18006,18
18007,46
18008,27
18009,42
18010,43
18011,15
18012,8
18013,29
18014,73
18015,40
18016,17
18017,39
18018,26
18019,39
18020,12
18021,17
18022,56
18023,50
18024,15
18025,26
18026,47
18027,41
18028,18
18029,41
18030,30
18031,15
18032,36
18033,22
18034,45
18035,50
18036,44
18037,52
18038,44
18039,16
18040,14
18041,25
18042,46
18043,28
18044,33
18045,15
18046,43
18047,34
18048,14
18049,41
18050,14
18051,36
18052,15
18053,18
18054,20
18055,20
18056,38
18057,25
18058,56
18059,55
18060,66
18061,48
18062,34
18063,23
18064,11
18065,20
18066,28
18067,58
18068,65
18069,23
18070,14
18071,25
18072,26
18073,31
18074,54
18075,20
18076,73
18077,59
18078,38
18079,43
18080,27
18081,36
18082,11
18083,55
18084,16
18085,42
18086,46
18087,37
18088,54
18089,39
18090,20
18091,21
18092,25
18093,13
18094,29
18095,39
18096,15
18097,29
18098,20
18099,30
18100,12
18101,18
18102,24
18103,26
18104,47
18105,40
18106,20
18107,44
18108,28
18109,20
18110,17
18111,25
18112,36
18113,21
18114,20
18115,15
18116,39
18117,11
18118,30
18119,62
18120,53
18121,85
18122,11
18123,41
18124,19
18125,14
18126,21
18127,19
18128,38
18129,22
18130,39
18131,48
18132,42
18133,33
18134,23
18135,16
18136,36
18137,29
18138,40
18139,35
18140,23
18141,46
18142,11
18143,22
18144,25
18145,14
18146,43
18147,22
18148,27
18149,22
18150,37
18151,37
18152,34
18153,27
18154,33
18155,31
18156,16
18157,23
18158,26
18159,24
18160,39
18161,16
18162,43
18163,26
18164,50
18165,34
18166,41
18167,22
18168,30
18169,32
18170,39
18171,13
18172,21
18173,100
18174,23
18175,24
18176,19
18177,46
18178,55
18179,31
18180,19
18181,88
18182,28
18183,30
18184,18
18185,17
18186,13
18187,47
18188,23
18189,19
18190,69
18191,53
18192,29
18193,48
18194,31
18195,38
18196,32
18197,15
18198,20
18199,32
18200,22
18201,35
18202,35
18203,14
18204,18
18205,30
18206,32
18207,15
18208,33
18209,41
18210,59
18211,32
18212,46
18213,20
18214,29
18215,35
18216,42
18217,46
18218,32
18219,30
18220,28
18221,47
18222,36
18223,15
18224,31
18225,50
18226,21
18227,40
18228,17
18229,28
18230,41
18231,34
18232,26
18233,18
18234,20
18235,13
18236,9
18237,18
18238,24
18239,22
18240,21
18241,27
18242,35
18243,28
18244,14
18245,12
18246,49
18247,23
18248,42
18249,24
18250,20
18251,29
18252,28
18253,39
18254,23
18255,53
18256,21
18257,29
18258,24
18259,31
18260,30
18261,27
18262,33
18263,33
18264,17
18265,30
18266,15
18267,31
18268,34
18269,34
18270,18
18271,60
18272,13
18273,25
18274,18
18275,37
18276,28
18277,23
18278,21
18279,23
18280,71
18281,13
18282,34
18283,46
18284,21
18285,42
18286,35
18287,23
18288,25
18289,18
18290,18
18291,24
18292,43
18293,22
18294,23
18295,14
18296,26
18297,21
18298,44
18299,46
18300,41
18301,33
18302,33
18303,29
18304,30
18305,32
18306,34
18307,19
18308,22
18309,41
18310,27
18311,53
18312,22
18313,23
18314,12
18315,25
18316,21
18317,48
18318,21
18319,30
18320,15
18321,48
18322,26
18323,15
18324,48
18325,27
18326,30
18327,19
18328,38
18329,43
18330,15
18331,22
18332,59
18333,19
18334,17
18335,13
18336,32
18337,27
18338,24
18339,12
18340,45
18341,19
18342,45
18343,27
18344,25
18345,8
18346,27
18347,17
18348,18
18349,10
18350,30
18351,23
18352,25
18353,40
18354,41
18355,28
18356,22
18357,45
18358,33
18359,19
18360,38
18361,47
18362,27
18363,15
18364,28
18365,14
18366,22
18367,48
18368,68
18369,14
18370,17
18371,45
18372,31
18373,18
18374,38
18375,32
18376,16
18377,25
18378,28
18379,21
18380,19
18381,36
18382,26
18383,43
18384,27
18385,14
18386,31
18387,10
18388,16
18389,26
18390,29
18391,25
18392,61
18393,35
18394,27
18395,31
18396,44
18397,29
18398,31
18399,19
18400,19
18401,53
18402,20
18403,17
18404,32
18405,12
18406,14
18407,15
18408,15
18409,28
18410,26
18411,32
18412,24
18413,39
18414,33
18415,26
18416,14
18417,24
18418,9
18419,23
18420,32
18421,30
18422,60
18423,25
18424,28
18425,22
18426,42
18427,17
18428,19
18429,27
18430,26
18431,28
18432,9
18433,20
18434,17
18435,36
18436,18
18437,31
18438,23
18439,24
18440,27
18441,29
18442,32
18443,15
18444,28
18445,32
18446,30
18447,55
18448,30
18449,32
18450,41
18451,23
18452,29
18453,27
18454,40
18455,13
18456,19
18457,22
18458,29
18459,30
18460,28
18461,42
18462,20
18463,54
18464,8
18465,27
18466,16
18467,24
18468,27
18469,29
18470,21
18471,27
18472,35
18473,38
18474,20
18475,14
18476,38
18477,42
18478,21
18479,17
18480,17
18481,33
18482,32
18483,31
18484,22
18485,22
18486,25
18487,22
18488,30
18489,16
18490,18
18491,49
18492,49
18493,22
18494,29
18495,56
18496,21
18497,43
18498,23
18499,30
18500,19
18501,43
18502,47
18503,22
18504,20
18505,54
18506,28
18507,26
18508,27
18509,17
18510,12
18511,17
18512,28
18513,32
18514,30
18515,38
18516,50
18517,18
18518,59
18519,54
18520,26
18521,19
18522,40
18523,45
18524,24
18525,41
18526,25
18527,28
18528,39
18529,40
18530,23
18531,30
18532,47
18533,28
18534,23
18535,30
18536,41
18537,29
18538,37
18539,26
18540,21
18541,7
18542,36
18543,31
18544,50
18545,26
18546,50
18547,16
18548,25
18549,32
18550,24
18551,21
18552,26
18553,11
18554,17
18555,27
18556,25
18557,35
18558,43
18559,20
18560,34
18561,14
18562,38
18563,43
18564,62
18565,39
18566,78
18567,20
18568,13
18569,29
18570,40
18571,37
18572,13
18573,20
18574,34
18575,26
18576,25
18577,45
18578,39
18579,16
18580,36
18581,28
18582,30
18583,19
18584,60
18585,43
18586,30
18587,31
18588,40
18589,42
18590,43
18591,33
18592,21
18593,42
18594,27
18595,28
18596,14
18597,31
18598,14
18599,33
18600,26
18601,42
18602,40
18603,23
18604,20
18605,18
18606,22
18607,13
18608,24
18609,25
18610,25
18611,26
18612,21
18613,16
18614,23
18615,53
18616,47
18617,37
18618,26
18619,37
18620,18
18621,33
18622,24
18623,14
18624,63
18625,30
18626,36
18627,36
18628,44
18629,8
18630,42
18631,19
18632,32
18633,24
18634,33
18635,19
18636,48
18637,14
18638,18
18639,55
18640,34
18641,18
18642,34
18643,31
18644,23
18645,30
18646,21
18647,29
18648,30
18649,26
18650,23
18651,36
18652,16
18653,24
18654,49
18655,43
18656,38
18657,31
18658,48
18659,29
18660,16
18661,18
18662,33
18663,18
18664,16
18665,18
18666,37
18667,38
18668,38
18669,34
18670,20
18671,17
18672,21
18673,36
18674,34
18675,21
18676,29
18677,31
18678,25
18679,25
18680,22
18681,20
18682,31
18683,32
18684,24
18685,22
18686,22
18687,28
18688,33
18689,47
18690,36
18691,23
18692,22
18693,28
18694,21
18695,47
18696,18
18697,16
18698,26
18699,31
18700,28
18701,16
18702,20
18703,25
18704,47
18705,13
18706,27
18707,27
18708,40
18709,40
18710,35
18711,23
18712,29
18713,38
18714,35
18715,51
18716,17
18717,34
18718,35
18719,11
18720,48
18721,21
18722,26
18723,20
18724,34
18725,34
18726,17
18727,53
18728,18
18729,28
18730,30
18731,36
18732,36
18733,17
18734,35
18735,44
18736,25
18737,22
18738,40
18739,34
18740,18
18741,40
18742,19
18743,27
18744,11
18745,30
18746,30
18747,31
18748,55
18749,35
18750,30
18751,48
18752,30
18753,42
18754,16
18755,62
18756,19
18757,17
18758,33
18759,36
18760,24
18761,65
18762,46
18763,23
18764,33
18765,11
18766,20
18767,19
18768,24
18769,23
18770,21
18771,26
18772,39
18773,22
18774,21
18775,18
18776,39
18777,38
18778,31
18779,31
18780,66
18781,15
18782,18
18783,17
18784,31
18785,19
18786,29
18787,30
18788,30
18789,29
18790,33
18791,15
18792,37
18793,23
18794,48
18795,33
18796,24
18797,30
18798,24
18799,44
18800,15
18801,18
18802,30
18803,21
18804,29
18805,14
18806,22
18807,9
18808,44
18809,26
18810,72
18811,23
18812,44
18813,32
18814,15
18815,31
18816,26
18817,19
18818,28
18819,40
18820,30
18821,38
18822,17
18823,22
18824,24
18825,16
18826,55
18827,23
18828,23
18829,23
18830,48
18831,29
18832,48
18833,15
18834,29
18835,18
18836,19
18837,10
18838,15
18839,25
18840,61
18841,67
18842,35
18843,20
18844,26
18845,57
18846,40
18847,29
18848,45
18849,29
18850,17
18851,14
18852,29
18853,18
18854,39
18855,20
18856,25
18857,66
18858,9
18859,32
18860,41
18861,28
18862,9
18863,26
18864,32
18865,16
18866,37
18867,10
18868,13
18869,65
18870,44
18871,25
18872,57
18873,24
18874,37
18875,20
18876,22
18877,29
18878,21
18879,28
18880,42
18881,22
18882,19
18883,24
18884,29
18885,24
18886,37
18887,21
18888,33
18889,29
18890,23
18891,57
18892,34
18893,14
18894,9
18895,13
18896,15
18897,22
18898,26
18899,22
18900,33
18901,18
18902,15
18903,21
18904,25
18905,33
18906,18
18907,20
18908,47
18909,12
18910,35
18911,49
18912,32
18913,25
18914,32
18915,41
18916,52
18917,12
18918,38
18919,16
18920,31
18921,40
18922,52
18923,24
18924,30
18925,32
18926,24
18927,31
18928,15
18929,20
18930,28
18931,52
18932,37
18933,24
18934,23
18935,20
18936,15
18937,21
18938,37
18939,19
18940,33
18941,28
18942,25
18943,19
18944,13
18945,21
18946,29
18947,23
18948,44
18949,30
18950,22
18951,41
18952,22
18953,24
18954,33
18955,10
18956,27
18957,35
18958,17
18959,22
18960,31
18961,35
18962,30
18963,7
18964,31
18965,20
18966,19
18967,20
18968,52
18969,30
18970,24
18971,14
18972,35
18973,28
18974,58
18975,21
18976,31
18977,32
18978,27
18979,33
18980,16
18981,31
18982,19
18983,80
18984,20
18985,27
18986,41
18987,12
18988,39
18989,31
18990,31
18991,13
18992,21
18993,22
18994,36
18995,41
18996,23
18997,17
18998,29
18999,14
19000,29
19001,23
19002,32
19003,11
19004,26
19005,27
19006,33
19007,32
19008,37
19009,35
19010,19
19011,23
19012,17
19013,25
19014,25
19015,14
19016,21
19017,22
19018,14
19019,33
19020,43
19021,23
19022,29
19023,39
19024,39
19025,66
19026,45
19027,34
19028,36
19029,22
19030,32
19031,19
19032,18
19033,19
19034,26
19035,32
19036,14
19037,60
19038,23
19039,27
19040,53
19041,79
19042,23
19043,41
19044,41
19045,31
19046,41
19047,28
19048,41
19049,74
19050,35
19051,29
19052,80
19053,14
19054,32
19055,23
19056,33
19057,26
19058,31
19059,31
19060,17
19061,20
19062,47
19063,43
19064,17
19065,37
19066,24
19067,60
19068,37
19069,25
19070,22
19071,16
19072,14
19073,24
19074,27
19075,25
19076,34
19077,50
19078,29
19079,18
19080,31
19081,15
19082,22
19083,38
19084,13
19085,17
19086,11
19087,28
19088,64
19089,27
19090,27
19091,25
19092,23
19093,13
19094,19
19095,41
19096,30
19097,14
19098,21
19099,30
19100,47
19101,39
19102,55
19103,39
19104,26
19105,9
19106,15
19107,21
19108,17
19109,51
19110,47
19111,60
19112,16
19113,25
19114,34
19115,42
19116,17
19117,22
19118,62
19119,35
19120,32
19121,32
19122,27
19123,40
19124,30
19125,23
19126,15
19127,15
19128,12
19129,33
19130,20
19131,23
19132,25
19133,17
19134,31
19135,44
19136,32
19137,12
19138,20
19139,44
19140,13
19141,26
19142,54
19143,25
19144,33
19145,36
19146,18
19147,55
19148,22
19149,26
19150,75
19151,20
19152,19
19153,26
19154,27
19155,53
19156,30
19157,25
19158,12
19159,51
19160,28
19161,53
19162,19
19163,47
19164,32
19165,43
19166,38
19167,23
19168,11
19169,29
19170,13
19171,15
19172,47
19173,24
19174,48
19175,31
19176,35
19177,39
19178,13
19179,36
19180,16
19181,65
19182,24
19183,22
19184,26
19185,22
19186,47
19187,22
19188,55
19189,45
19190,27
19191,28
19192,11
19193,15
19194,56
19195,50
19196,9
19197,24
19198,38
19199,33
19200,59
19201,43
19202,29
19203,54
19204,43
19205,39
19206,55
19207,19
19208,45
19209,27
19210,57
19211,10
19212,60
19213,14
19214,19
19215,25
19216,25
19217,16
19218,12
19219,20
19220,38
19221,23
19222,28
19223,18
19224,19
19225,26
19226,15
19227,14
19228,23
19229,10
19230,12
19231,37
19232,68
19233,32
19234,69
19235,22
19236,21
19237,24
19238,41
19239,26
19240,35
19241,14
19242,16
19243,28
19244,46
19245,27
19246,48
19247,34
19248,27
19249,37
19250,44
19251,45
19252,14
19253,13
19254,31
19255,40
19256,13
19257,31
19258,32
19259,21
19260,33
19261,16
19262,72
19263,12
19264,67
19265,23
19266,26
19267,57
19268,23
19269,34
19270,16
19271,32
19272,17
19273,13
19274,16
19275,26
19276,27
19277,14
19278,9
19279,16
19280,39
19281,52
19282,43
19283,18
19284,74
19285,40
19286,27
19287,36
19288,27
19289,19
19290,17
19291,16
19292,34
19293,24
19294,27
19295,55
19296,30
19297,30
19298,49
19299,19
19300,52
19301,45
19302,18
19303,50
19304,27
19305,21
19306,34
19307,32
19308,18
19309,13
19310,31
19311,15
19312,29
19313,24
19314,22
19315,32
19316,15
19317,32
19318,19
19319,64
19320,55
19321,39
19322,26
19323,67
19324,30
19325,35
19326,23
19327,19
19328,32
19329,27
19330,14
19331,45
19332,29
19333,10
19334,31
19335,33
19336,12
19337,17
19338,28
19339,37
19340,63
19341,31
19342,35
19343,22
19344,19
19345,22
19346,33
19347,27
19348,54
19349,24
19350,18
19351,13
19352,25
19353,38
19354,31
19355,24
19356,25
19357,20
19358,46
19359,30
19360,39
19361,13
19362,32
19363,8
19364,33
19365,43
19366,23
19367,31
19368,14
19369,40
19370,24
19371,33
19372,17
19373,25
19374,22
19375,20
19376,64
19377,29
19378,16
19379,23
19380,54
19381,34
19382,42
19383,17
19384,23
19385,60
19386,29
19387,36
19388,21
19389,50
19390,14
19391,39
19392,18
19393,29
19394,22
19395,32
19396,23
19397,20
19398,23
19399,17
19400,24
19401,13
19402,37
19403,45
19404,18
19405,38
19406,10
19407,47
19408,19
19409,26
19410,25
19411,20
19412,34
19413,28
19414,47
19415,26
19416,16
19417,43
19418,23
19419,19
19420,22
19421,27
19422,24
19423,19
19424,18
19425,33
19426,27
19427,39
19428,53
19429,23
19430,22
19431,49
19432,29
19433,32
19434,39
19435,33
19436,25
19437,29
19438,15
19439,23
19440,12
19441,37
19442,32
19443,19
19444,56
19445,38
19446,14
19447,31
19448,15
19449,29
19450,15
19451,31
19452,29
19453,30
19454,55
19455,16
19456,20
19457,29
19458,24
19459,52
19460,29
19461,13
19462,22
19463,35
19464,20
19465,23
19466,42
19467,24
19468,43
19469,60
19470,23
19471,38
19472,28
19473,35
19474,30
19475,60
19476,45
19477,60
19478,14
19479,16
19480,48
19481,26
19482,18
19483,29
19484,34
19485,14
19486,18
19487,41
19488,21
19489,22
19490,12
19491,19
19492,22
19493,30
19494,30
19495,12
19496,44
19497,12
19498,40
19499,15
19500,64
19501,13
19502,19
19503,27
19504,24
19505,32
19506,13
19507,25
19508,26
19509,22
19510,31
19511,24
19512,9
19513,17
19514,24
19515,19
19516,22
19517,39
19518,27
19519,19
19520,17
19521,55
19522,43
19523,25
19524,30
19525,21
19526,20
19527,48
19528,44
19529,23
19530,25
19531,31
19532,24
19533,45
19534,32
19535,48
19536,34
19537,27
19538,39
19539,81
19540,9
19541,56
19542,36
19543,26
19544,16
19545,23
19546,45
19547,38
19548,15
19549,19
19550,29
19551,20
19552,13
19553,30
19554,14
19555,51
19556,28
19557,23
19558,32
19559,39
19560,40
19561,31
19562,12
19563,62
19564,46
19565,42
19566,12
19567,26
19568,22
19569,30
19570,42
19571,48
19572,36
19573,15
19574,10
19575,22
19576,57
19577,19
19578,50
19579,36
19580,25
19581,24
19582,28
19583,17
19584,60
19585,15
19586,46
19587,39
19588,55
19589,25
19590,29
19591,28
19592,36
19593,46
19594,42
19595,28
19596,66
19597,28
19598,23
19599,11
19600,14
19601,38
19602,15
19603,55
19604,40
19605,24
19606,30
19607,21
19608,10
19609,27
19610,32
19611,10
19612,20
19613,48
19614,38
19615,6
19616,52
19617,33
19618,18
19619,23
19620,52
19621,24
19622,21
19623,39
19624,27
19625,28
19626,36
19627,23
19628,67
19629,16
19630,31
19631,27
19632,41
19633,11
19634,23
19635,24
19636,14
19637,24
19638,21
19639,23
19640,31
19641,19
19642,32
19643,63
19644,22
19645,23
19646,27
19647,7
19648,28
19649,34
19650,24
19651,25
19652,36
19653,27
19654,17
19655,36
19656,14
19657,26
19658,31
19659,43
19660,19
19661,48
19662,56
19663,47
19664,39
19665,20
19666,48
19667,37
19668,19
19669,25
19670,21
19671,39
19672,24
19673,25
19674,36
19675,34
19676,33
19677,42
19678,20
19679,30
19680,60
19681,27
19682,65
19683,18
19684,73
19685,37
19686,33
19687,11
19688,16
19689,34
19690,97
19691,10
19692,28
19693,28
19694,16
19695,74
19696,25
19697,59
19698,50
19699,100
19700,35
19701,52
19702,35
19703,40
19704,15
19705,73
19706,34
19707,38
19708,14
19709,21
19710,23
19711,26
19712,47
19713,12
19714,46
19715,36
19716,25
19717,17
19718,26
19719,55
19720,9
19721,42
19722,29
19723,37
19724,26
19725,36
19726,31
19727,13
19728,20
19729,16
19730,14
19731,43
19732,23
19733,39
19734,40
19735,19
19736,39
19737,36
19738,22
19739,18
19740,29
19741,34
19742,23
19743,21
19744,21
19745,31
19746,25
19747,22
19748,20
19749,27
19750,24
19751,27
19752,46
19753,22
19754,21
19755,54
19756,32
19757,15
19758,25
19759,47
19760,52
19761,30
19762,13
19763,75
19764,30
19765,53
19766,19
19767,25
19768,23
19769,74
19770,50
19771,25
19772,35
19773,26
19774,9
19775,16
19776,25
19777,19
19778,25
19779,23
19780,19
19781,37
19782,35
19783,43
19784,14
19785,18
19786,36
19787,42
19788,29
19789,34
19790,18
19791,22
19792,62
19793,56
19794,38
19795,20
19796,53
19797,61
19798,18
19799,44
19800,38
19801,18
19802,21
19803,24
19804,22
19805,29
19806,31
19807,33
19808,21
19809,19
19810,23
19811,24
19812,44
19813,31
19814,21
19815,33
19816,16
19817,31
19818,42
19819,44
19820,14
19821,32
19822,20
19823,53
19824,67
19825,38
19826,40
19827,35
19828,42
19829,15
19830,28
19831,43
19832,21
19833,14
19834,12
19835,27
19836,26
19837,14
19838,28
19839,12
19840,9
19841,29
19842,22
19843,37
19844,33
19845,34
19846,37
19847,25
19848,24
19849,23
19850,32
19851,26
19852,36
19853,22
19854,66
19855,26
19856,41
19857,41
19858,45
19859,100
19860,40
19861,20
19862,24
19863,25
19864,23
19865,43
19866,31
19867,15
19868,25
19869,46
19870,35
19871,22
19872,17
19873,28
19874,29
19875,46
19876,28
19877,18
19878,16
19879,26
19880,17
19881,44
19882,25
19883,82
19884,10
19885,50
19886,39
19887,24
19888,23
19889,38
19890,34
19891,18
19892,23
19893,45
19894,39
19895,20
19896,16
19897,27
19898,28
19899,12
19900,24
19901,14
19902,44
19903,33
19904,45
19905,40
19906,20
19907,30
19908,30
19909,41
19910,37
19911,63
19912,28
19913,28
19914,27
19915,80
19916,14
19917,25
19918,19
19919,24
19920,14
19921,53
19922,30
19923,60
19924,44
19925,8
19926,37
19927,18
19928,11
19929,41
19930,40
19931,64
19932,30
19933,83
19934,18
19935,16
19936,37
19937,21
19938,22
19939,22
19940,31
19941,33
19942,26
19943,35
19944,72
19945,21
19946,21
19947,26
19948,14
19949,20
19950,51
19951,18
19952,66
19953,24
19954,11
19955,34
19956,21
19957,37
19958,22
19959,30
19960,81
19961,21
19962,18
19963,27
19964,31
19965,26
19966,25
19967,28
19968,42
19969,18
19970,33
19971,22
19972,35
19973,21
19974,34
19975,30
19976,29
19977,36
19978,27
19979,20
19980,18
19981,57
19982,28
19983,20
19984,20
19985,11
19986,26
19987,15
19988,23
19989,18
19990,34
19991,23
19992,28
19993,18
19994,18
19995,28
19996,26
19997,36
19998,31
19999,21
