x,actual_cdf,predicted_cdf
0,0.0,0.5845213136079301
1,0.0,0.585070500959505
2,0.0,0.5856194795331927
3,0.0,0.5861682480354877
4,0.0,0.5867168051749563
5,0.0,0.587265149662247
6,0.0,0.5878132802101024
7,0.0,0.5883611955333706
8,0.0,0.5889088943490165
9,0.0,0.5894563753761335
10,0.0,0.5900036373359537
11,0.0,0.5905506789518611
12,0.0,0.5910974989494002
13,0.0,0.5916440960562901
14,0.0,0.5921904690024332
15,0.0,0.5927366165199275
16,0.0,0.5932825373430771
17,0.0,0.5938282302084039
18,0.0,0.5943736938546578
19,0.0,0.5949189270228277
20,0.0,0.5954639284561529
21,0.0,0.5960086969001333
22,0.0,0.5965532311025402
23,0.0,0.5970975298134276
24,0.0,0.5976415917851422
25,0.0,0.5981854157723343
26,0.0,0.5987290005319684
27,0.0,0.5992723448233337
28,0.0,0.5998154474080545
29,0.0,0.6003583070501007
30,0.0,0.6009009225157985
31,0.0,0.6014432925738395
32,0.0,0.6019854159952932
33,0.0,0.602527291553615
34,0.0,0.6030689180246575
35,0.0,0.6036102941866807
36,0.0,0.6041514188203617
37,0.0,0.6046922907088053
38,0.0,0.6052329086375529
39,0.0,0.6057732713945939
40,0.0,0.6063133777703746
41,0.0,0.6068532265578086
42,0.0,0.6073928165522859
43,0.0,0.6079321465516833
44,0.0,0.6084712153563738
45,0.0,0.6090100217692372
46,1e-05,0.6095485645956675
47,1e-05,0.610086842643585
48,4e-05,0.610624854723444
49,6e-05,0.6111625996482428
50,7e-05,0.6117000762335338
51,8e-05,0.6122372832974321
52,0.0001,0.6127742196606245
53,0.00013,0.6133108841463799
54,0.00015,0.6138472755805571
55,0.0002,0.6143833927916151
56,0.00022,0.614919234610622
57,0.00026,0.6154547998712634
58,0.00029,0.6159900874098521
59,0.00031,0.6165250960653366
60,0.0004,0.6170598246793104
61,0.00043,0.6175942720960206
62,0.0005,0.6181284371623763
63,0.00058,0.6186623187279585
64,0.00065,0.6191959156450275
65,0.00072,0.6197292267685321
66,0.00082,0.6202622509561186
67,0.00093,0.6207949870681388
68,0.00103,0.621327433967658
69,0.00116,0.6218595905204648
70,0.00124,0.6223914555950781
71,0.00144,0.6229230280627569
72,0.00161,0.6234543067975064
73,0.0019,0.6239852906760885
74,0.00213,0.624515978578029
75,0.00227,0.6250463693856247
76,0.00245,0.625576461983954
77,0.00259,0.6261062552608817
78,0.00281,0.62663574810707
79,0.00309,0.627164939415984
80,0.00334,0.6276938280839011
81,0.00357,0.6282224130099181
82,0.00392,0.6287506930959593
83,0.00421,0.6292786672467836
84,0.00461,0.6298063343699926
85,0.00499,0.6303336933760383
86,0.00542,0.6308607431782302
87,0.0058,0.6313874826927428
88,0.00628,0.6319139108386237
89,0.00668,0.6324400265377997
90,0.00722,0.6329658287150857
91,0.00766,0.6334913162981908
92,0.00813,0.6340164882177254
93,0.00857,0.634541343407209
94,0.00924,0.6350658808030772
95,0.01004,0.6355900993446884
96,0.01069,0.6361139979743311
97,0.01136,0.6366375756372306
98,0.01211,0.6371608312815557
99,0.01302,0.6376837638584261
100,0.01381,0.6382063723219188
101,0.01467,0.6387286556290744
102,0.01557,0.6392506127399049
103,0.01629,0.6397722426173988
104,0.01712,0.6402935442275294
105,0.01813,0.640814516539259
106,0.01913,0.6413351585245479
107,0.02008,0.6418554691583588
108,0.02118,0.6423754474186638
109,0.0222,0.6428950922864513
110,0.02312,0.6434144027457309
111,0.0243,0.6439333777835405
112,0.02557,0.6444520163899528
113,0.02666,0.6449703175580795
114,0.02779,0.6454882802840796
115,0.0291,0.6460059035671637
116,0.03049,0.6465231864096006
117,0.03186,0.6470401278167228
118,0.03322,0.6475567267969325
119,0.03473,0.6480729823617074
120,0.03615,0.6485888935256058
121,0.0378,0.6491044593062726
122,0.03919,0.6496196787244455
123,0.04066,0.6501345508039591
124,0.04222,0.6506490745717513
125,0.04382,0.6511632490578684
126,0.04544,0.6516770732954705
127,0.04727,0.652190546320837
128,0.04882,0.6527036671733709
129,0.05057,0.6532164348956052
130,0.05227,0.6537288485332073
131,0.05426,0.654240907134984
132,0.05606,0.6547526097528867
133,0.05798,0.6552639554420161
134,0.05997,0.6557749432606278
135,0.06193,0.6562855722701361
136,0.06369,0.6567958415351193
137,0.06581,0.6573057501233246
138,0.06774,0.6578152971056725
139,0.07017,0.6583244815562612
140,0.0721,0.6588333025523718
141,0.07447,0.659341759174472
142,0.07668,0.6598498505062208
143,0.07891,0.6603575756344736
144,0.08118,0.6608649336492856
145,0.08361,0.661371923643916
146,0.08608,0.6618785447148331
147,0.08845,0.6623847959617181
148,0.09088,0.6628906764874685
149,0.0931,0.6633961853982032
150,0.09545,0.6639013218032658
151,0.09826,0.664406084815229
152,0.10075,0.6649104735498979
153,0.10321,0.6654144871263143
154,0.1059,0.6659181246667605
155,0.10838,0.6664213852967628
156,0.11089,0.6669242681450952
157,0.11364,0.6674267723437829
158,0.11621,0.6679288970281062
159,0.11911,0.6684306413366038
160,0.12202,0.668932004411076
161,0.12533,0.6694329853965887
162,0.12782,0.669933583441476
163,0.13057,0.670433797697344
164,0.13331,0.670933627319074
165,0.13639,0.6714330714648253
166,0.13907,0.6719321292960387
167,0.14216,0.6724307999774394
168,0.1451,0.6729290826770399
169,0.14813,0.6734269765661434
170,0.15101,0.6739244808193459
171,0.15398,0.6744215946145399
172,0.15679,0.6749183171329166
173,0.16004,0.6754146475589693
174,0.16293,0.675910585080495
175,0.16596,0.6764061288885979
176,0.16919,0.676901278177692
177,0.17247,0.6773960321455028
178,0.1756,0.6778903899930708
179,0.17877,0.6783843509247534
180,0.18171,0.678877914148227
181,0.18463,0.6793710788744897
182,0.18788,0.6798638443178636
183,0.19121,0.6803562096959969
184,0.19429,0.6808481742298654
185,0.19761,0.681339737143776
186,0.20112,0.6818308976653676
187,0.20428,0.6823216550256131
188,0.20782,0.6828120084588221
189,0.21128,0.6833019572026418
190,0.21444,0.6837915004980598
191,0.21728,0.6842806375894054
192,0.22093,0.684769367724351
193,0.22472,0.6852576901539145
194,0.2281,0.68574560413246
195,0.23182,0.6862331089177005
196,0.23503,0.6867202037706984
197,0.23838,0.6872068879558675
198,0.2419,0.6876931607409741
199,0.24548,0.6881790213971385
200,0.24887,0.688664469198837
201,0.25276,0.6891495034239012
202,0.2561,0.6896341233535217
203,0.25947,0.6901183282722471
204,0.2631,0.6906021174679866
205,0.26679,0.6910854902320103
206,0.26995,0.6915684458589499
207,0.27339,0.6920509836468008
208,0.27694,0.6925331028969218
209,0.28044,0.6930148029140367
210,0.28394,0.6934960830062344
211,0.28761,0.6939769424849703
212,0.29132,0.6944573806650667
213,0.29485,0.6949373968647136
214,0.29833,0.6954169904054687
215,0.30186,0.6958961606122589
216,0.30541,0.6963749068133797
217,0.30906,0.6968532283404969
218,0.31267,0.6973311245286457
219,0.31629,0.6978085947162317
220,0.32005,0.6982856382450314
221,0.32411,0.6987622544601916
222,0.32773,0.6992384427102307
223,0.33148,0.699714202347038
224,0.33522,0.7001895327258736
225,0.33881,0.7006644332053698
226,0.34227,0.7011389031475294
227,0.34596,0.7016129419177266
228,0.34917,0.7020865488847068
229,0.35302,0.702559723420586
230,0.35684,0.7030324649008518
231,0.36037,0.7035047727043607
232,0.36392,0.7039766462133409
233,0.36722,0.7044480848133898
234,0.37065,0.7049190878934739
235,0.37395,0.7053896548459291
236,0.37734,0.7058597850664596
237,0.38099,0.7063294779541376
238,0.38454,0.7067987329114023
239,0.38811,0.7072675493440599
240,0.39145,0.7077359266612826
241,0.39502,0.7082038642756078
242,0.39876,0.7086713616029372
243,0.40257,0.7091384180625365
244,0.4061,0.7096050330770336
245,0.40975,0.710071206072419
246,0.4131,0.7105369364780438
247,0.41657,0.7110022237266187
248,0.42023,0.7114670672542135
249,0.42376,0.7119314665002553
250,0.42743,0.7123954209075285
251,0.43096,0.7128589299221723
252,0.43437,0.7133219929936802
253,0.43816,0.7137846095748983
254,0.4417,0.7142467791220247
255,0.44503,0.7147085010946069
256,0.44856,0.7151697749555419
257,0.45201,0.7156306001710732
258,0.45557,0.7160909762107904
259,0.45881,0.7165509025476272
260,0.46215,0.7170103786578599
261,0.4657,0.7174694040211054
262,0.4691,0.7179279781203198
263,0.47259,0.7183861004417975
264,0.47604,0.7188437704751678
265,0.47936,0.7193009877133938
266,0.48274,0.7197577516527709
267,0.48609,0.7202140617929248
268,0.48948,0.7206699176368089
269,0.49289,0.7211253186907031
270,0.49641,0.7215802644642112
271,0.49944,0.7220347544702594
272,0.50275,0.7224887882250931
273,0.50613,0.7229423652482762
274,0.50908,0.7233954850626876
275,0.51241,0.7238481471945198
276,0.51586,0.7243003511732761
277,0.51895,0.7247520965317688
278,0.52211,0.7252033828061161
279,0.52489,0.7256542095357402
280,0.52796,0.7261045762633649
281,0.53125,0.7265544825350125
282,0.53436,0.7270039279000023
283,0.53773,0.7274529119109469
284,0.54108,0.72790143412375
285,0.54413,0.7283494940976042
286,0.54741,0.728797091394988
287,0.55034,0.7292442255816627
288,0.55345,0.7296908962266697
289,0.55634,0.7301371029023282
290,0.55935,0.7305828451842322
291,0.5624,0.731028122651247
292,0.56537,0.7314729348855068
293,0.56835,0.7319172814724116
294,0.57107,0.7323611620006245
295,0.57407,0.732804576062068
296,0.57689,0.7332475232519211
297,0.5797,0.7336900031686169
298,0.58255,0.7341320154138381
299,0.58524,0.7345735595925152
300,0.58816,0.7350146353128223
301,0.59119,0.735455242186174
302,0.59413,0.7358953798272222
303,0.59736,0.736335047853853
304,0.60001,0.7367742458871827
305,0.60259,0.737212973551555
306,0.60571,0.7376512304745373
307,0.60877,0.7380890162869164
308,0.61132,0.7385263306226965
309,0.61427,0.7389631731190945
310,0.61722,0.7393995434165368
311,0.61969,0.7398354411586556
312,0.62244,0.7402708659922844
313,0.625,0.7407058175674567
314,0.62775,0.7411402955373988
315,0.63061,0.7415742995585288
316,0.63338,0.7420078292904517
317,0.63607,0.7424408843959553
318,0.63881,0.7428734645410069
319,0.64125,0.7433055693947489
320,0.64375,0.7437371986294954
321,0.64621,0.7441683519207272
322,0.64907,0.744599028947089
323,0.65157,0.7450292293903842
324,0.65394,0.7454589529355719
325,0.65641,0.7458881992707619
326,0.65913,0.7463169680872107
327,0.66171,0.7467452590793182
328,0.66436,0.7471730719446215
329,0.66684,0.7476004063837927
330,0.66951,0.7480272621006337
331,0.6719,0.7484536388020717
332,0.67426,0.7488795361981553
333,0.67658,0.7493049540020496
334,0.6791,0.7497298919300321
335,0.68164,0.7501543497014886
336,0.68383,0.7505783270389081
337,0.68602,0.7510018236678784
338,0.68819,0.7514248393170816
339,0.69059,0.7518473737182896
340,0.69308,0.75226942660636
341,0.69544,0.75269099771923
342,0.69757,0.7531120867979136
343,0.69967,0.7535326935864954
344,0.70182,0.7539528178321265
345,0.70409,0.7543724592850198
346,0.70616,0.7547916176984455
347,0.70835,0.7552102928287246
348,0.71045,0.7556284844352271
349,0.71269,0.756046192280364
350,0.71502,0.7564634161295841
351,0.71713,0.7568801557513694
352,0.71918,0.7572964109172281
353,0.72131,0.7577121814016924
354,0.72342,0.7581274669823115
355,0.72556,0.7585422674396466
356,0.72767,0.7589565825572672
357,0.72967,0.7593704121217447
358,0.73164,0.7597837559226477
359,0.73356,0.7601966137525371
360,0.73557,0.7606089854069606
361,0.73754,0.7610208706844477
362,0.73945,0.7614322693865039
363,0.74134,0.7618431813176068
364,0.7434,0.7622536062851989
365,0.74509,0.7626635440996838
366,0.74704,0.7630729945744207
367,0.74908,0.7634819575257182
368,0.75097,0.7638904327728294
369,0.75299,0.764298420137947
370,0.75478,0.7647059194461969
371,0.75677,0.7651129305256339
372,0.75912,0.7655194532072345
373,0.7612,0.7659254873248931
374,0.763,0.7663310327154159
375,0.76481,0.766736089218515
376,0.76663,0.7671406566768026
377,0.76833,0.767544734935787
378,0.7699,0.7679483238438648
379,0.7718,0.7683514232523168
380,0.77362,0.7687540330153012
381,0.77574,0.7691561529898493
382,0.77746,0.7695577830358586
383,0.77923,0.769958923016087
384,0.78091,0.7703595727961485
385,0.78265,0.7707597322445052
386,0.78443,0.7711594012324638
387,0.78624,0.7715585796341677
388,0.78792,0.7719572673265925
389,0.78957,0.77235546418954
390,0.79121,0.7727531701056314
391,0.79303,0.7731503849603025
392,0.79461,0.7735471086417973
393,0.79621,0.7739433410411615
394,0.79781,0.7743390820522374
395,0.79952,0.774734331571658
396,0.80111,0.7751290894988395
397,0.80285,0.775523355735977
398,0.80427,0.7759171301880375
399,0.80564,0.7763104127627544
400,0.80724,0.7767032033706204
401,0.80867,0.7770955019248825
402,0.81025,0.7774873083415355
403,0.81155,0.7778786225393154
404,0.81306,0.7782694444396937
405,0.81455,0.778659773966871
406,0.81599,0.7790496110477716
407,0.81753,0.7794389556120355
408,0.81879,0.7798278075920138
409,0.82019,0.7802161669227615
410,0.82157,0.7806040335420324
411,0.82328,0.7809914073902711
412,0.8247,0.7813782884106075
413,0.82607,0.7817646765488514
414,0.82752,0.7821505717534845
415,0.8288,0.7825359739756551
416,0.83024,0.7829208831691715
417,0.83152,0.7833052992904952
418,0.83286,0.7836892222987356
419,0.83437,0.7840726521556419
420,0.83576,0.7844555888255978
421,0.8371,0.7848380322756155
422,0.83838,0.7852199824753273
423,0.83975,0.7856014393969813
424,0.84088,0.7859824030154333
425,0.84214,0.7863628733081418
426,0.8434,0.7867428502551594
427,0.8444,0.787122333839128
428,0.84583,0.7875013240452717
429,0.8471,0.7878798208613903
430,0.84829,0.788257824277852
431,0.84969,0.7886353342875878
432,0.85075,0.7890123508860843
433,0.852,0.7893888740713777
434,0.85324,0.7897649038440459
435,0.85441,0.7901404402072029
436,0.85551,0.7905154831664921
437,0.85681,0.790890032730079
438,0.85803,0.791264088908645
439,0.85926,0.7916376517153806
440,0.86028,0.7920107211659788
441,0.86128,0.7923832972786277
442,0.86237,0.7927553800740044
443,0.86373,0.7931269695752681
444,0.8649,0.7934980658080535
445,0.86594,0.7938686688004639
446,0.86683,0.7942387785830638
447,0.86783,0.7946083951888729
448,0.86881,0.7949775186533593
449,0.86975,0.7953461490144323
450,0.87094,0.7957142863124349
451,0.872,0.7960819305901389
452,0.87291,0.7964490818927358
453,0.87395,0.7968157402678315
454,0.87507,0.7971819057654388
455,0.87612,0.7975475784379709
456,0.87717,0.7979127583402336
457,0.87807,0.7982774455294196
458,0.87898,0.7986416400651004
459,0.87976,0.7990053420092208
460,0.88055,0.7993685514260901
461,0.8815,0.7997312683823771
462,0.88247,0.8000934929471019
463,0.88358,0.8004552251916291
464,0.88458,0.8008164651896612
465,0.88548,0.8011772130172315
466,0.88654,0.8015374687526968
467,0.88737,0.8018972324767311
468,0.88833,0.8022565042723176
469,0.88923,0.8026152842247427
470,0.89031,0.8029735724215883
471,0.89111,0.8033313689527255
472,0.89191,0.8036886739103061
473,0.89291,0.8040454873887575
474,0.89376,0.8044018094847742
475,0.89466,0.8047576402973119
476,0.8955,0.8051129799275787
477,0.8964,0.8054678284790302
478,0.89728,0.8058221860573607
479,0.89792,0.8061760527704971
480,0.89878,0.8065294287285917
481,0.89957,0.8068823140440144
482,0.90028,0.807234708831347
483,0.90114,0.8075866132073741
484,0.90191,0.807938027291078
485,0.90277,0.8082889512036306
486,0.90343,0.8086393850683863
487,0.90417,0.808989329010875
488,0.90494,0.809338783158795
489,0.90566,0.8096877476420061
490,0.90653,0.8100362225925217
491,0.90721,0.810384208144503
492,0.90803,0.8107317044342504
493,0.90878,0.8110787116001968
494,0.90943,0.8114252297829017
495,0.9102,0.8117712591250423
496,0.91093,0.812116799771407
497,0.91159,0.8124618518688883
498,0.91218,0.8128064155664765
499,0.91288,0.8131504910152506
500,0.91344,0.8134940783683727
501,0.91408,0.8138371777810807
502,0.91485,0.8141797894106797
503,0.91568,0.8145219134165373
504,0.91626,0.8148635499600743
505,0.91688,0.8152046992047578
506,0.91765,0.8155453613160956
507,0.91831,0.8158855364616266
508,0.91892,0.8162252248109165
509,0.91956,0.8165644265355474
510,0.92033,0.8169031418091132
511,0.92108,0.8172413708072115
512,0.92167,0.8175791137074353
513,0.92233,0.8179163706893683
514,0.92301,0.8182531419345755
515,0.92369,0.8185894276265966
516,0.92421,0.8189252279509396
517,0.9248,0.8192605430950723
518,0.92549,0.8195953732484166
519,0.92593,0.8199297186023395
520,0.92647,0.8202635793501477
521,0.927,0.8205969556870797
522,0.92758,0.8209298478102974
523,0.92817,0.8212622559188815
524,0.92882,0.8215941802138219
525,0.92941,0.8219256208980115
526,0.92983,0.8222565781762391
527,0.93033,0.822587052255182
528,0.93092,0.822917043343399
529,0.93134,0.8232465516513227
530,0.93185,0.8235755773912529
531,0.93238,0.823904120777349
532,0.93294,0.8242321820256234
533,0.9335,0.8245597613539336
534,0.93397,0.824886858981975
535,0.93455,0.8252134751312745
536,0.9351,0.8255396100251827
537,0.93562,0.8258652638888668
538,0.93609,0.8261904369493036
539,0.93667,0.8265151294352721
540,0.93733,0.8268393415773463
541,0.9377,0.8271630736078884
542,0.93828,0.8274863257610413
543,0.93882,0.8278090982727218
544,0.93936,0.8281313913806125
545,0.93987,0.828453205324156
546,0.94038,0.8287745403445463
547,0.94081,0.8290953966847234
548,0.94137,0.8294157745893642
549,0.94183,0.8297356743048765
550,0.94227,0.8300550960793921
551,0.94266,0.8303740401627588
552,0.94302,0.8306925068065336
553,0.94349,0.8310104962639758
554,0.94398,0.8313280087900395
555,0.94441,0.8316450446413672
556,0.9449,0.8319616040762815
557,0.94532,0.8322776873547786
558,0.94579,0.8325932947385218
559,0.94627,0.8329084264908334
560,0.94665,0.8332230828766881
561,0.94722,0.8335372641627057
562,0.94766,0.8338509706171444
563,0.94804,0.8341642025098925
564,0.94858,0.8344769601124638
565,0.949,0.834789243697987
566,0.94941,0.8351010535412023
567,0.94987,0.8354123899184516
568,0.95019,0.8357232531076727
569,0.95063,0.836033643388392
570,0.95101,0.836343561041717
571,0.95145,0.8366530063503305
572,0.95181,0.8369619795984815
573,0.95229,0.8372704810719808
574,0.95272,0.8375785110581914
575,0.95318,0.8378860698460229
576,0.95347,0.8381931577259244
577,0.95383,0.8384997749898775
578,0.95416,0.8388059219313883
579,0.95449,0.8391115988454817
580,0.95496,0.839416806028694
581,0.95534,0.8397215437790652
582,0.95579,0.8400258123961334
583,0.95609,0.8403296121809264
584,0.95641,0.8406329434359552
585,0.95683,0.8409358064652079
586,0.95725,0.8412382015741416
587,0.9576,0.8415401290696761
588,0.95797,0.8418415892601865
589,0.95828,0.8421425824554967
590,0.95875,0.8424431089668718
591,0.95909,0.8427431691070127
592,0.95939,0.8430427631900475
593,0.95974,0.8433418915315251
594,0.96004,0.8436405544484087
595,0.96032,0.8439387522590688
596,0.96067,0.844236485283276
597,0.96106,0.8445337538421944
598,0.96145,0.8448305582583748
599,0.96185,0.8451268988557474
600,0.96217,0.8454227759596157
601,0.9626,0.8457181898966486
602,0.96292,0.846013140994875
603,0.96327,0.8463076295836752
604,0.96347,0.8466016559937759
605,0.96379,0.846895220557242
606,0.96406,0.8471883236074708
607,0.96441,0.8474809654791843
608,0.96464,0.8477731465084234
609,0.96488,0.8480648670325402
610,0.96525,0.8483561273901917
611,0.96561,0.8486469279213331
612,0.96589,0.8489372689672112
613,0.96614,0.8492271508703568
614,0.96635,0.8495165739745792
615,0.96662,0.8498055386249587
616,0.96693,0.8500940451678399
617,0.96721,0.8503820939508255
618,0.96753,0.8506696853227692
619,0.96773,0.8509568196337688
620,0.96798,0.8512434972351604
621,0.96816,0.8515297184795108
622,0.96848,0.851815483720611
623,0.96873,0.8521007933134708
624,0.9689,0.8523856476143101
625,0.96921,0.8526700469805543
626,0.96944,0.8529539917708259
627,0.96969,0.8532374823449393
628,0.96996,0.8535205190638934
629,0.97013,0.8538031022898658
630,0.97046,0.854085232386205
631,0.97074,0.8543669097174253
632,0.97103,0.8546481346491992
633,0.9712,0.8549289075483508
634,0.97146,0.8552092287828506
635,0.97169,0.855489098721807
636,0.97199,0.8557685177354618
637,0.97217,0.8560474861951827
638,0.97236,0.856326004473456
639,0.97262,0.8566040729438816
640,0.97282,0.8568816919811661
641,0.97303,0.8571588619611166
642,0.97323,0.8574355832606327
643,0.97336,0.8577118562577021
644,0.97366,0.857987681331393
645,0.97386,0.8582630588618487
646,0.97413,0.8585379892302797
647,0.97436,0.8588124728189587
648,0.97455,0.8590865100112132
649,0.97467,0.8593601011914201
650,0.97484,0.859633246744999
651,0.97508,0.8599059470584054
652,0.9753,0.8601782025191246
653,0.97554,0.8604500135156663
654,0.97567,0.8607213804375564
655,0.97581,0.8609923036753332
656,0.97601,0.8612627836205387
657,0.97618,0.8615328206657137
658,0.97633,0.8618024152043914
659,0.97654,0.862071567631091
660,0.97668,0.8623402783413118
661,0.9769,0.8626085477315258
662,0.97713,0.8628763761991733
663,0.97729,0.8631437641426553
664,0.97743,0.8634107119613279
665,0.97767,0.8636772200554963
666,0.97786,0.8639432888264079
667,0.97807,0.8642089186762472
668,0.97827,0.8644741100081288
669,0.97842,0.8647388632260913
670,0.97858,0.8650031787350926
671,0.9787,0.8652670569410017
672,0.97888,0.8655304982505937
673,0.97908,0.8657935030715445
674,0.97927,0.8660560718124231
675,0.97943,0.8663182048826863
676,0.97958,0.8665799026926738
677,0.97973,0.8668411656536001
678,0.97989,0.8671019941775502
679,0.98004,0.8673623886774723
680,0.98019,0.8676223495671732
681,0.98037,0.867881877261311
682,0.98053,0.8681409721753907
683,0.98068,0.868399634725756
684,0.98084,0.8686578653295859
685,0.98103,0.8689156644048871
686,0.98118,0.8691730323704885
687,0.98134,0.8694299696460356
688,0.98146,0.8696864766519846
689,0.98158,0.8699425538095965
690,0.98172,0.8701982015409305
691,0.98186,0.8704534202688395
692,0.98195,0.8707082104169633
693,0.98216,0.8709625724097235
694,0.98229,0.8712165066723165
695,0.98243,0.8714700136307095
696,0.98257,0.8717230937116335
697,0.9827,0.8719757473425772
698,0.98288,0.8722279749517828
699,0.98307,0.8724797769682391
700,0.98319,0.8727311538216757
701,0.98331,0.8729821059425581
702,0.98347,0.8732326337620815
703,0.98356,0.8734827377121653
704,0.98373,0.8737324182254471
705,0.98388,0.8739816757352779
706,0.98412,0.8742305106757151
707,0.98432,0.8744789234815187
708,0.98446,0.8747269145881439
709,0.98463,0.8749744844317369
710,0.98475,0.8752216334491281
711,0.98485,0.875468362077828
712,0.98495,0.8757146707560202
713,0.98509,0.875960559922557
714,0.98519,0.8762060300169533
715,0.98537,0.8764510814793811
716,0.98553,0.8766957147506641
717,0.98561,0.8769399302722723
718,0.9857,0.877183728486317
719,0.98581,0.8774271098355443
720,0.98591,0.8776700747633304
721,0.98601,0.8779126237136758
722,0.98613,0.8781547571312008
723,0.9862,0.8783964754611387
724,0.98631,0.878637779149332
725,0.9864,0.878878668642225
726,0.98648,0.8791191443868609
727,0.98656,0.8793592068308747
728,0.98668,0.8795988564224881
729,0.98674,0.8798380936105055
730,0.98687,0.8800769188443064
731,0.98701,0.880315332573843
732,0.98709,0.880553335249632
733,0.98714,0.8807909273227517
734,0.98722,0.8810281092448354
735,0.9873,0.8812648814680669
736,0.9874,0.8815012444451751
737,0.98748,0.881737198629428
738,0.9876,0.8819727444746295
739,0.98771,0.8822078824351118
740,0.98785,0.8824426129657325
741,0.98795,0.882676936521868
742,0.9881,0.8829108535594086
743,0.98823,0.8831443645347541
744,0.98832,0.8833774699048079
745,0.9884,0.8836101701269727
746,0.98848,0.8838424656591447
747,0.98856,0.8840743569597092
748,0.98872,0.8843058444875346
749,0.98883,0.8845369287019689
750,0.98893,0.8847676100628339
751,0.98903,0.8849978890304191
752,0.98912,0.8852277660654795
753,0.98924,0.8854572416292271
754,0.98937,0.8856863161833294
755,0.98941,0.8859149901899022
756,0.98948,0.8861432641115055
757,0.98953,0.8863711384111385
758,0.98961,0.886598613552235
759,0.98965,0.8868256899986576
760,0.98971,0.8870523682146947
761,0.98979,0.8872786486650533
762,0.98989,0.8875045318148562
763,0.99002,0.8877300181296358
764,0.99013,0.8879551080753303
765,0.99022,0.8881798021182783
766,0.99027,0.8884041007252146
767,0.99036,0.8886280043632645
768,0.99049,0.8888515134999398
769,0.99059,0.889074628603135
770,0.99064,0.8892973501411202
771,0.99073,0.8895196785825384
772,0.99079,0.8897416143964
773,0.99083,0.8899631580520785
774,0.99092,0.8901843100193058
775,0.991,0.8904050707681674
776,0.99104,0.8906254407690977
777,0.99107,0.8908454204928756
778,0.99113,0.89106501041062
779,0.99122,0.8912842109937854
780,0.99126,0.8915030227141566
781,0.99138,0.8917214460438447
782,0.99143,0.8919394814552829
783,0.99149,0.892157129421221
784,0.99157,0.8923743904147218
785,0.99168,0.8925912649091566
786,0.99178,0.8928077533782
787,0.99184,0.8930238562958263
788,0.99192,0.8932395741363043
789,0.99202,0.8934549073741934
790,0.99207,0.8936698564843394
791,0.99212,0.8938844219418691
792,0.99218,0.8940986042221873
793,0.99224,0.8943124038009711
794,0.99227,0.8945258211541666
795,0.99235,0.8947388567579837
796,0.99239,0.8949515110888929
797,0.99247,0.8951637846236199
798,0.9925,0.8953756778391415
799,0.99256,0.8955871912126825
800,0.99268,0.8957983252217093
801,0.99276,0.8960090803439273
802,0.99285,0.8962194570572769
803,0.99288,0.8964294558399282
804,0.99294,0.8966390771702765
805,0.99304,0.8968483215269397
806,0.9931,0.8970571893887537
807,0.99316,0.8972656812347664
808,0.99317,0.897473797544236
809,0.99324,0.8976815387966258
810,0.99329,0.8978889054715998
811,0.99337,0.8980958980490191
812,0.99339,0.898302517008938
813,0.99343,0.8985087628315986
814,0.99346,0.8987146359974292
815,0.99354,0.8989201369870374
816,0.99358,0.8991252662812083
817,0.99363,0.8993300243608996
818,0.99368,0.8995344117072374
819,0.99375,0.8997384288015129
820,0.99378,0.8999420761251776
821,0.99384,0.9001453541598403
822,0.99386,0.9003482633872621
823,0.99394,0.9005508042893533
824,0.99395,0.9007529773481692
825,0.99398,0.9009547830459066
826,0.99404,0.9011562218648986
827,0.99408,0.9013572942876128
828,0.99414,0.9015580007966458
829,0.99417,0.9017583418747197
830,0.99418,0.9019583180046788
831,0.99423,0.9021579296694857
832,0.99429,0.9023571773522169
833,0.99431,0.9025560615360592
834,0.99435,0.902754582704307
835,0.99438,0.902952741340357
836,0.99442,0.903150537927705
837,0.99445,0.9033479729499436
838,0.99448,0.9035450468907557
839,0.99452,0.903741760233913
840,0.99453,0.9039381134632722
841,0.9946,0.90413410706277
842,0.99463,0.904329741516421
843,0.99467,0.9045250173083124
844,0.99469,0.9047199349226023
845,0.99471,0.9049144948435146
846,0.99475,0.9051086975553361
847,0.99478,0.9053025435424126
848,0.99482,0.9054960332891455
849,0.99486,0.9056891672799886
850,0.99489,0.9058819459994436
851,0.99492,0.9060743699320578
852,0.99498,0.9062664395624197
853,0.99502,0.9064581553751554
854,0.99506,0.9066495178549262
855,0.99511,0.9068405274864241
856,0.99515,0.9070311847543688
857,0.99521,0.9072214901435041
858,0.99527,0.9074114441385943
859,0.99531,0.9076010472244216
860,0.99532,0.9077902998857817
861,0.99535,0.9079792026074811
862,0.99537,0.9081677558743334
863,0.99539,0.9083559601711559
864,0.99544,0.9085438159827667
865,0.99547,0.908731323793981
866,0.99553,0.9089184840896074
867,0.99562,0.9091052973544461
868,0.99563,0.9092917640732836
869,0.99568,0.9094778847308909
870,0.99571,0.9096636598120196
871,0.99576,0.909849089801399
872,0.99578,0.9100341751837326
873,0.99581,0.9102189164436953
874,0.99583,0.9104033140659293
875,0.99588,0.9105873685350422
876,0.99592,0.9107710803356022
877,0.99594,0.9109544499521368
878,0.99597,0.9111374778691282
879,0.996,0.9113201645710114
880,0.99601,0.9115025105421691
881,0.99604,0.911684516266931
882,0.99606,0.9118661822295693
883,0.99609,0.9120475089142959
884,0.99613,0.9122284968052587
885,0.99613,0.9124091463865406
886,0.9962,0.9125894581421533
887,0.99625,0.9127694325560377
888,0.99626,0.9129490701120583
889,0.99627,0.9131283712940012
890,0.99629,0.9133073365855708
891,0.9963,0.9134859664703882
892,0.99632,0.913664261431986
893,0.99635,0.9138422219538065
894,0.99639,0.9140198485191993
895,0.99641,0.9141971416114177
896,0.99642,0.9143741017136159
897,0.99645,0.9145507293088456
898,0.99647,0.9147270248800545
899,0.99649,0.9149029889100819
900,0.99652,0.9150786218816571
901,0.99655,0.9152539242773956
902,0.9966,0.9154288965797968
903,0.99662,0.915603539271241
904,0.99662,0.9157778528339867
905,0.99667,0.9159518377501679
906,0.9967,0.9161254945017911
907,0.99674,0.9162988235707327
908,0.99678,0.9164718254387358
909,0.9968,0.9166445005874089
910,0.99684,0.9168168494982211
911,0.99686,0.9169888726525006
912,0.99687,0.9171605705314323
913,0.99692,0.9173319436160544
914,0.99697,0.9175029923872556
915,0.99699,0.9176737173257739
916,0.99703,0.9178441189121915
917,0.99706,0.9180141976269346
918,0.99707,0.9181839539502695
919,0.99708,0.9183533883622996
920,0.99708,0.9185225013429645
921,0.9971,0.9186912933720356
922,0.99711,0.9188597649291141
923,0.99712,0.9190279164936294
924,0.99713,0.9191957485448353
925,0.99715,0.9193632615618079
926,0.99715,0.9195304560234434
927,0.99715,0.9196973324084552
928,0.99718,0.9198638911953713
929,0.99724,0.9200301328625324
930,0.99726,0.9201960578880889
931,0.99726,0.9203616667499988
932,0.99727,0.9205269599260247
933,0.99727,0.9206919378937322
934,0.99728,0.9208566011304867
935,0.9973,0.9210209501134513
936,0.99736,0.9211849853195847
937,0.99739,0.9213487072256383
938,0.9974,0.9215121163081545
939,0.9974,0.9216752130434631
940,0.99743,0.9218379979076804
941,0.99744,0.9220004713767063
942,0.99746,0.9221626339262213
943,0.99747,0.9223244860316852
944,0.9975,0.9224860281683342
945,0.99753,0.9226472608111793
946,0.99756,0.9228081844350033
947,0.99759,0.9229687995143578
948,0.99763,0.9231291065235635
949,0.99765,0.9232891059367055
950,0.99768,0.9234487982276317
951,0.99768,0.9236081838699518
952,0.99768,0.923767263337033
953,0.99769,0.9239260371019995
954,0.99771,0.9240845056377301
955,0.99773,0.9242426694168548
956,0.99775,0.9244005289117546
957,0.99775,0.9245580845945571
958,0.99775,0.9247153369371364
959,0.99775,0.9248722864111099
960,0.99778,0.9250289334878363
961,0.99778,0.9251852786384137
962,0.99779,0.9253413223336775
963,0.99781,0.925497065044198
964,0.99785,0.9256525072402788
965,0.99789,0.9258076493919543
966,0.99791,0.9259624919689885
967,0.99793,0.9261170354408714
968,0.99793,0.9262712802768185
969,0.99794,0.9264252269457683
970,0.99794,0.9265788759163798
971,0.99795,0.9267322276570317
972,0.99796,0.9268852826358185
973,0.99798,0.9270380413205508
974,0.99799,0.9271905041787518
975,0.998,0.9273426716776557
976,0.99801,0.9274945442842057
977,0.99802,0.927646122465053
978,0.99803,0.9277974066865533
979,0.99806,0.9279483974147663
980,0.99806,0.9280990951154531
981,0.99807,0.9282495002540743
982,0.99808,0.9283996132957885
983,0.99809,0.9285494347054499
984,0.99811,0.9286989649476081
985,0.99813,0.928848204486503
986,0.99814,0.9289971537860662
987,0.99815,0.9291458133099181
988,0.99817,0.9292941835213654
989,0.99818,0.9294422648834
990,0.99818,0.9295900578586973
991,0.9982,0.9297375629096137
992,0.99821,0.9298847804981861
993,0.99822,0.9300317110861286
994,0.99824,0.9301783551348324
995,0.99825,0.9303247131053624
996,0.99828,0.930470785458457
997,0.99834,0.9306165726545255
998,0.99837,0.9307620751536464
999,0.99838,0.9309072934155662
1000,0.99838,0.9310522278996974
1001,0.9984,0.9311968790651173
1002,0.99842,0.931341247370565
1003,0.99842,0.9314853332744415
1004,0.99843,0.931629137234807
1005,0.99843,0.9317726597093797
1006,0.99844,0.9319159011555339
1007,0.99849,0.9320588620302984
1008,0.9985,0.9322015427903554
1009,0.99852,0.9323439438920383
1010,0.99853,0.9324860657913305
1011,0.99853,0.9326279089438635
1012,0.99854,0.9327694738049158
1013,0.99855,0.9329107608294116
1014,0.99857,0.9330517704719175
1015,0.99857,0.9331925031866435
1016,0.99858,0.9333329594274398
1017,0.99858,0.9334731396477958
1018,0.99861,0.9336130443008384
1019,0.99865,0.9337526738393307
1020,0.99866,0.9338920287156709
1021,0.99868,0.9340311093818902
1022,0.99868,0.9341699162896512
1023,0.9987,0.9343084498902476
1024,0.9987,0.9344467106346015
1025,0.9987,0.9345846989732628
1026,0.99871,0.9347224153564071
1027,0.99874,0.9348598602338347
1028,0.99875,0.9349970340549696
1029,0.99876,0.9351339372688573
1030,0.99877,0.9352705703241638
1031,0.99878,0.9354069336691746
1032,0.99878,0.9355430277517924
1033,0.99878,0.9356788530195368
1034,0.99878,0.9358144099195426
1035,0.99878,0.9359496988985577
1036,0.99879,0.936084720402943
1037,0.9988,0.9362194748786703
1038,0.99882,0.9363539627713213
1039,0.99883,0.9364881845260863
1040,0.99884,0.9366221405877624
1041,0.99885,0.9367558314007532
1042,0.99885,0.936889257409067
1043,0.99885,0.9370224190563151
1044,0.99885,0.9371553167857114
1045,0.99885,0.9372879510400707
1046,0.99887,0.9374203222618068
1047,0.99887,0.9375524308929335
1048,0.99887,0.9376842773750603
1049,0.99887,0.9378158621493937
1050,0.99888,0.9379471856567354
1051,0.99888,0.9380782483374793
1052,0.99888,0.9382090506316139
1053,0.99889,0.9383395929787173
1054,0.99889,0.9384698758179588
1055,0.99889,0.9385998995880964
1056,0.9989,0.9387296647274758
1057,0.99891,0.9388591716740302
1058,0.99892,0.9389884208652777
1059,0.99892,0.9391174127383212
1060,0.99893,0.939246147729847
1061,0.99895,0.9393746262761243
1062,0.99897,0.9395028488130024
1063,0.99897,0.9396308157759117
1064,0.99897,0.9397585275998613
1065,0.99897,0.9398859847194382
1066,0.99897,0.940013187568807
1067,0.99898,0.9401401365817074
1068,0.99899,0.9402668321914542
1069,0.99899,0.9403932748309366
1070,0.999,0.940519464932616
1071,0.99903,0.9406454029285256
1072,0.99905,0.94077108925027
1073,0.99905,0.9408965243290228
1074,0.99905,0.941021708595527
1075,0.99905,0.9411466424800932
1076,0.99907,0.9412713264125988
1077,0.99908,0.9413957608224873
1078,0.99908,0.941519946138767
1079,0.99908,0.9416438827900101
1080,0.9991,0.9417675712043518
1081,0.9991,0.9418910118094896
1082,0.99913,0.9420142050326821
1083,0.99914,0.9421371513007479
1084,0.99914,0.9422598510400657
1085,0.99915,0.9423823046765717
1086,0.99916,0.9425045126357601
1087,0.99916,0.942626475342682
1088,0.99916,0.9427481932219435
1089,0.99916,0.9428696666977067
1090,0.99917,0.9429908961936868
1091,0.99918,0.9431118821331527
1092,0.99919,0.9432326249389255
1093,0.99921,0.9433531250333778
1094,0.99921,0.943473382838433
1095,0.99921,0.9435933987755637
1096,0.99922,0.943713173265793
1097,0.99922,0.9438327067296907
1098,0.99923,0.9439519995873743
1099,0.99923,0.9440710522585088
1100,0.99923,0.9441898651623041
1101,0.99923,0.9443084387175155
1102,0.99923,0.9444267733424427
1103,0.99923,0.9445448694549285
1104,0.99924,0.9446627274723592
1105,0.99924,0.944780347811662
1106,0.99925,0.9448977308893064
1107,0.99925,0.9450148771213018
1108,0.99925,0.9451317869231977
1109,0.99927,0.9452484607100824
1110,0.99927,0.9453648988965828
1111,0.99927,0.9454811018968632
1112,0.99929,0.9455970701246253
1113,0.9993,0.9457128039931064
1114,0.99931,0.9458283039150799
1115,0.99931,0.9459435703028538
1116,0.99931,0.9460586035682704
1117,0.99932,0.9461734041227056
1118,0.99932,0.9462879723770681
1119,0.99932,0.9464023087417986
1120,0.99932,0.9465164136268699
1121,0.99932,0.9466302874417855
1122,0.99932,0.9467439305955789
1123,0.99933,0.9468573434968138
1124,0.99933,0.9469705265535829
1125,0.99934,0.9470834801735071
1126,0.99936,0.9471962047637352
1127,0.99936,0.9473087007309433
1128,0.99936,0.9474209684813346
1129,0.99936,0.9475330084206375
1130,0.99937,0.9476448209541068
1131,0.99937,0.9477564064865215
1132,0.99938,0.9478677654221858
1133,0.99938,0.9479788981649268
1134,0.99938,0.9480898051180955
1135,0.99938,0.9482004866845652
1136,0.99939,0.9483109432667318
1137,0.99939,0.9484211752665126
1138,0.99939,0.9485311830853463
1139,0.9994,0.9486409671241913
1140,0.9994,0.9487505277835274
1141,0.9994,0.9488598654633529
1142,0.9994,0.948968980563186
1143,0.9994,0.9490778734820627
1144,0.99941,0.9491865446185377
1145,0.99941,0.9492949943706831
1146,0.99942,0.9494032231360882
1147,0.99943,0.9495112313118589
1148,0.99944,0.9496190192946172
1149,0.99944,0.949726587480501
1150,0.99946,0.9498339362651634
1151,0.99947,0.9499410660437728
1152,0.99948,0.9500479772110115
1153,0.99949,0.9501546701610756
1154,0.99949,0.9502611452876756
1155,0.99949,0.9503674029840343
1156,0.9995,0.9504734436428873
1157,0.9995,0.9505792676564834
1158,0.99951,0.9506848754165825
1159,0.99951,0.9507902673144557
1160,0.99951,0.9508954437408864
1161,0.99951,0.9510004050861673
1162,0.99951,0.9511051517401027
1163,0.99951,0.9512096840920063
1164,0.99951,0.9513140025307013
1165,0.99951,0.9514181074445207
1166,0.99952,0.9515219992213054
1167,0.99952,0.9516256782484062
1168,0.99953,0.9517291449126809
1169,0.99954,0.9518323996004956
1170,0.99954,0.9519354426977239
1171,0.99954,0.952038274589747
1172,0.99954,0.9521408956614523
1173,0.99954,0.952243306297234
1174,0.99954,0.9523455068809928
1175,0.99954,0.952447497796135
1176,0.99954,0.9525492794255728
1177,0.99954,0.9526508521517233
1178,0.99955,0.9527522163565092
1179,0.99955,0.9528533724213574
1180,0.99956,0.9529543207272
1181,0.99956,0.9530550616544724
1182,0.99956,0.9531555955831148
1183,0.99956,0.9532559228925702
1184,0.99956,0.9533560439617861
1185,0.99956,0.9534559591692123
1186,0.99956,0.9535556688928015
1187,0.99956,0.9536551735100097
1188,0.99956,0.9537544733977948
1189,0.99956,0.9538535689326172
1190,0.99956,0.9539524604904389
1191,0.99957,0.9540511484467242
1192,0.99958,0.9541496331764381
1193,0.99958,0.954247915054048
1194,0.99958,0.9543459944535216
1195,0.99959,0.9544438717483278
1196,0.99959,0.954541547311436
1197,0.99959,0.9546390215153164
1198,0.99959,0.9547362947319398
1199,0.9996,0.9548333673327758
1200,0.9996,0.9549302396887958
1201,0.9996,0.95502691217047
1202,0.99961,0.9551233851477681
1203,0.99961,0.9552196589901597
1204,0.99961,0.9553157340666133
1205,0.99961,0.9554116107455973
1206,0.99961,0.9555072893950782
1207,0.99962,0.955602770382522
1208,0.99962,0.9556980540748926
1209,0.99962,0.955793140838654
1210,0.99962,0.955888031039767
1211,0.99962,0.955982725043692
1212,0.99963,0.9560772232153867
1213,0.99963,0.9561715259193073
1214,0.99964,0.9562656335194082
1215,0.99964,0.9563595463791412
1216,0.99965,0.9564532648614564
1217,0.99965,0.9565467893288008
1218,0.99965,0.95664012014312
1219,0.99965,0.9567332576658563
1220,0.99965,0.9568262022579495
1221,0.99965,0.9569189542798374
1222,0.99965,0.957011514091454
1223,0.99965,0.9571038820522315
1224,0.99965,0.9571960585210985
1225,0.99965,0.9572880438564811
1226,0.99966,0.9573798384163019
1227,0.99967,0.9574714425579811
1228,0.99967,0.9575628566384351
1229,0.99967,0.9576540810140776
1230,0.99967,0.957745116040819
1231,0.99968,0.9578359620740663
1232,0.9997,0.9579266194687235
1233,0.9997,0.9580170885791912
1234,0.9997,0.9581073697593665
1235,0.9997,0.9581974633626437
1236,0.9997,0.9582873697419126
1237,0.9997,0.9583770892495613
1238,0.9997,0.9584666222374727
1239,0.9997,0.9585559690570279
1240,0.9997,0.9586451300591033
1241,0.99971,0.9587341055940733
1242,0.99972,0.9588228960118077
1243,0.99972,0.9589115016616737
1244,0.99972,0.9589999228925343
1245,0.99972,0.9590881600527502
1246,0.99972,0.9591762134901783
1247,0.99972,0.9592640835521723
1248,0.99973,0.9593517705855825
1249,0.99974,0.9594392749367562
1250,0.99975,0.9595265969515373
1251,0.99975,0.9596137369752668
1252,0.99975,0.9597006953527826
1253,0.99976,0.9597874724284194
1254,0.99976,0.9598740685460091
1255,0.99976,0.9599604840488806
1256,0.99976,0.9600467192798599
1257,0.99976,0.9601327745812703
1258,0.99976,0.9602186502949321
1259,0.99976,0.9603043467621637
1260,0.99976,0.9603898643237796
1261,0.99976,0.9604752033200935
1262,0.99976,0.9605603640909153
1263,0.99976,0.9606453469755531
1264,0.99976,0.9607301523128129
1265,0.99976,0.9608147804409982
1266,0.99976,0.9608992316979106
1267,0.99976,0.9609835064208498
1268,0.99976,0.9610676049466137
1269,0.99977,0.9611515276114987
1270,0.99977,0.9612352747512989
1271,0.99978,0.9613188467013075
1272,0.99978,0.9614022437963161
1273,0.99978,0.961485466370615
1274,0.99979,0.9615685147579931
1275,0.99979,0.9616513892917392
1276,0.99979,0.9617340903046401
1277,0.99979,0.9618166181289826
1278,0.9998,0.9618989730965524
1279,0.9998,0.961981155538635
1280,0.9998,0.9620631657860158
1281,0.9998,0.9621450041689794
1282,0.99981,0.9622266710173113
1283,0.99981,0.962308166660296
1284,0.99981,0.9623894914267189
1285,0.99981,0.962470645644866
1286,0.99981,0.9625516296425238
1287,0.99981,0.9626324437469791
1288,0.99981,0.9627130882850204
1289,0.99981,0.9627935635829368
1290,0.99981,0.9628738699665187
1291,0.99981,0.9629540077610582
1292,0.99981,0.9630339772913492
1293,0.99981,0.9631137788816868
1294,0.99981,0.9631934128558688
1295,0.99981,0.9632728795371951
1296,0.99981,0.9633521792484674
1297,0.99981,0.963431312311991
1298,0.99981,0.9635102790495731
1299,0.99981,0.9635890797825244
1300,0.99981,0.9636677148316587
1301,0.99981,0.9637461845172937
1302,0.99981,0.9638244891592498
1303,0.99981,0.963902629076852
1304,0.99981,0.9639806045889288
1305,0.99981,0.9640584160138138
1306,0.99981,0.9641360636693443
1307,0.99982,0.9642135478728627
1308,0.99982,0.9642908689412166
1309,0.99982,0.9643680271907581
1310,0.99982,0.9644450229373457
1311,0.99983,0.9645218564963428
1312,0.99983,0.9645985281826187
1313,0.99983,0.9646750383105498
1314,0.99983,0.9647513871940172
1315,0.99983,0.9648275751464106
1316,0.99983,0.9649036024806252
1317,0.99984,0.9649794695090642
1318,0.99984,0.965055176543637
1319,0.99984,0.9651307238957622
1320,0.99984,0.9652061118763655
1321,0.99984,0.9652813407958805
1322,0.99984,0.96535641096425
1323,0.99984,0.9654313226909248
1324,0.99984,0.9655060762848651
1325,0.99984,0.9655806720545405
1326,0.99984,0.9656551103079296
1327,0.99984,0.9657293913525214
1328,0.99984,0.9658035154953147
1329,0.99984,0.9658774830428187
1330,0.99984,0.9659512943010532
1331,0.99984,0.9660249495755487
1332,0.99985,0.9660984491713479
1333,0.99985,0.9661717933930043
1334,0.99985,0.9662449825445827
1335,0.99985,0.9663180169296612
1336,0.99985,0.9663908968513295
1337,0.99985,0.9664636226121905
1338,0.99985,0.9665361945143599
1339,0.99985,0.9666086128594666
1340,0.99985,0.9666808779486536
1341,0.99986,0.966752990082577
1342,0.99986,0.9668249495614086
1343,0.99986,0.9668967566848331
1344,0.99986,0.9669684117520515
1345,0.99986,0.9670399150617789
1346,0.99986,0.9671112669122472
1347,0.99986,0.9671824676012029
1348,0.99986,0.9672535174259094
1349,0.99987,0.9673244166831465
1350,0.99987,0.967395165669211
1351,0.99987,0.9674657646799165
1352,0.99987,0.9675362140105944
1353,0.99987,0.9676065139560941
1354,0.99987,0.9676766648107827
1355,0.99987,0.9677466668685462
1356,0.99987,0.9678165204227894
1357,0.99987,0.9678862257664366
1358,0.99987,0.9679557831919313
1359,0.99988,0.9680251929912368
1360,0.99988,0.9680944554558374
1361,0.99988,0.968163570876737
1362,0.99989,0.9682325395444613
1363,0.99989,0.9683013617490571
1364,0.99989,0.9683700377800929
1365,0.99989,0.9684385679266589
1366,0.9999,0.9685069524773685
1367,0.9999,0.9685751917203573
1368,0.9999,0.9686432859432839
1369,0.9999,0.9687112354333309
1370,0.9999,0.9687790404772049
1371,0.9999,0.9688467013611358
1372,0.9999,0.9689142183708794
1373,0.9999,0.9689815917917155
1374,0.9999,0.9690488219084499
1375,0.9999,0.9691159090054138
1376,0.9999,0.9691828533664649
1377,0.9999,0.9692496552749874
1378,0.9999,0.9693163150138918
1379,0.9999,0.9693828328656168
1380,0.9999,0.969449209112128
1381,0.9999,0.9695154440349197
1382,0.9999,0.9695815379150146
1383,0.9999,0.9696474910329639
1384,0.9999,0.9697133036688478
1385,0.9999,0.9697789761022771
1386,0.9999,0.9698445086123926
1387,0.9999,0.969909901477864
1388,0.9999,0.9699751549768939
1389,0.9999,0.9700402693872148
1390,0.9999,0.9701052449860914
1391,0.9999,0.9701700820503206
1392,0.9999,0.9702347808562312
1393,0.9999,0.9702993416796856
1394,0.9999,0.9703637647960786
1395,0.9999,0.9704280504803396
1396,0.9999,0.970492199006932
1397,0.9999,0.9705562106498531
1398,0.9999,0.970620085682636
1399,0.9999,0.9706838243783482
1400,0.9999,0.9707474270095939
1401,0.9999,0.9708108938485133
1402,0.9999,0.970874225166783
1403,0.9999,0.9709374212356164
1404,0.9999,0.9710004823257654
1405,0.9999,0.9710634087075185
1406,0.9999,0.9711262006507039
1407,0.9999,0.9711888584246873
1408,0.9999,0.9712513822983748
1409,0.99991,0.9713137725402109
1410,0.99991,0.9713760294181815
1411,0.99991,0.9714381531998117
1412,0.99991,0.9715001441521689
1413,0.99991,0.9715620025418606
1414,0.99991,0.9716237286350368
1415,0.99991,0.9716853226973898
1416,0.99991,0.9717467849941543
1417,0.99991,0.9718081157901087
1418,0.99991,0.9718693153495742
1419,0.99991,0.9719303839364166
1420,0.99991,0.9719913218140461
1421,0.99991,0.9720521292454176
1422,0.99991,0.9721128064930321
1423,0.99992,0.9721733538189353
1424,0.99992,0.9722337714847201
1425,0.99992,0.9722940597515258
1426,0.99992,0.9723542188800389
1427,0.99992,0.9724142491304937
1428,0.99992,0.9724741507626725
1429,0.99992,0.9725339240359063
1430,0.99992,0.9725935692090747
1431,0.99992,0.9726530865406071
1432,0.99992,0.9727124762884833
1433,0.99992,0.9727717387102328
1434,0.99992,0.972830874062936
1435,0.99992,0.9728898826032254
1436,0.99992,0.9729487645872842
1437,0.99992,0.973007520270849
1438,0.99992,0.9730661499092083
1439,0.99992,0.9731246537572042
1440,0.99992,0.9731830320692324
1441,0.99992,0.9732412850992428
1442,0.99993,0.97329941310074
1443,0.99993,0.9733574163267833
1444,0.99993,0.973415295029988
1445,0.99993,0.9734730494625254
1446,0.99993,0.9735306798761229
1447,0.99993,0.9735881865220655
1448,0.99993,0.9736455696511956
1449,0.99993,0.9737028295139128
1450,0.99994,0.9737599663601765
1451,0.99994,0.9738169804395035
1452,0.99994,0.9738738720009711
1453,0.99995,0.9739306412932162
1454,0.99995,0.9739872885644358
1455,0.99996,0.9740438140623882
1456,0.99996,0.9741002180343924
1457,0.99996,0.97415650072733
1458,0.99996,0.974212662387644
1459,0.99996,0.9742687032613415
1460,0.99996,0.9743246235939919
1461,0.99996,0.9743804236307281
1462,0.99996,0.9744361036162483
1463,0.99996,0.9744916637948149
1464,0.99996,0.9745471044102555
1465,0.99996,0.9746024257059638
1466,0.99996,0.9746576279248991
1467,0.99996,0.9747127113095884
1468,0.99996,0.9747676761021248
1469,0.99996,0.9748225225441702
1470,0.99996,0.9748772508769541
1471,0.99996,0.9749318613412751
1472,0.99996,0.9749863541775003
1473,0.99996,0.9750407296255676
1474,0.99996,0.9750949879249843
1475,0.99996,0.9751491293148288
1476,0.99996,0.9752031540337506
1477,0.99996,0.9752570623199709
1478,0.99996,0.9753108544112833
1479,0.99996,0.9753645305450543
1480,0.99996,0.9754180909582233
1481,0.99996,0.9754715358873032
1482,0.99996,0.9755248655683818
1483,0.99996,0.9755780802371213
1484,0.99996,0.9756311801287597
1485,0.99996,0.9756841654781099
1486,0.99996,0.9757370365195612
1487,0.99996,0.975789793487081
1488,0.99996,0.975842436614212
1489,0.99996,0.9758949661340764
1490,0.99996,0.9759473822793743
1491,0.99996,0.9759996852823836
1492,0.99996,0.976051875374963
1493,0.99996,0.9761039527885504
1494,0.99996,0.9761559177541643
1495,0.99996,0.9762077705024034
1496,0.99996,0.9762595112634489
1497,0.99996,0.976311140267063
1498,0.99996,0.976362657742591
1499,0.99997,0.9764140639189608
1500,0.99998,0.9764653590246837
1501,0.99998,0.9765165432878554
1502,0.99998,0.9765676169361558
1503,0.99998,0.9766185801968496
1504,0.99998,0.9766694332967875
1505,0.99998,0.9767201764624066
1506,0.99998,0.9767708099197295
1507,0.99998,0.9768213338943668
1508,0.99998,0.976871748611516
1509,0.99998,0.9769220542959638
1510,0.99998,0.976972251172085
1511,0.99998,0.9770223394638429
1512,0.99998,0.9770723193947917
1513,0.99998,0.977122191188075
1514,0.99998,0.9771719550664278
1515,0.99998,0.977221611252176
1516,0.99998,0.9772711599672373
1517,0.99998,0.9773206014331219
1518,0.99998,0.9773699358709326
1519,0.99998,0.9774191635013665
1520,0.99998,0.977468284544713
1521,0.99998,0.9775172992208572
1522,0.99998,0.977566207749279
1523,0.99998,0.9776150103490535
1524,0.99998,0.977663707238852
1525,0.99998,0.9777122986369422
1526,0.99998,0.9777607847611889
1527,0.99998,0.9778091658290549
1528,0.99998,0.9778574420576006
1529,0.99998,0.9779056136634853
1530,0.99998,0.9779536808629676
1531,0.99998,0.9780016438719057
1532,0.99998,0.9780495029057581
1533,0.99998,0.978097258179584
1534,0.99998,0.9781449099080441
1535,0.99998,0.9781924583054009
1536,0.99998,0.9782399035855194
1537,0.99998,0.978287245961867
1538,0.99998,0.9783344856475151
1539,0.99998,0.9783816228551386
1540,0.99998,0.9784286577970177
1541,0.99998,0.978475590685037
1542,0.99998,0.9785224217306865
1543,0.99998,0.9785691511450629
1544,0.99998,0.9786157791388694
1545,0.99998,0.978662305922416
1546,0.99998,0.9787087317056211
1547,0.99998,0.9787550566980103
1548,0.99998,0.9788012811087193
1549,0.99998,0.9788474051464922
1550,0.99999,0.978893429019683
1551,0.99999,0.9789393529362563
1552,0.99999,0.9789851771037876
1553,0.99999,0.9790309017294645
1554,0.99999,0.9790765270200852
1555,0.99999,0.9791220531820614
1556,0.99999,0.9791674804214177
1557,0.99999,0.9792128089437926
1558,0.99999,0.9792580389544379
1559,0.99999,0.9793031706582208
1560,0.99999,0.9793482042596234
1561,0.99999,0.9793931399627441
1562,0.99999,0.9794379779712967
1563,0.99999,0.9794827184886125
1564,0.99999,0.9795273617176397
1565,0.99999,0.9795719078609448
1566,0.99999,0.9796163571207126
1567,0.99999,0.979660709698747
1568,0.99999,0.9797049657964708
1569,0.99999,0.9797491256149277
1570,0.99999,0.9797931893547814
1571,0.99999,0.9798371572163171
1572,0.99999,0.9798810293994415
1573,0.99999,0.9799248061036836
1574,0.99999,0.9799684875281949
1575,0.99999,0.98001207387175
1576,1.0,0.9800555653327484
1577,1.0,0.9800989621092127
1578,1.0,0.9801422643987908
1579,1.0,0.9801854723987564
1580,1.0,0.9802285863060091
1581,1.0,0.9802716063170742
1582,1.0,0.9803145326281053
1583,1.0,0.9803573654348827
1584,1.0,0.9804001049328152
1585,1.0,0.98044275131694
1586,1.0,0.9804853047819239
1587,1.0,0.980527765522063
1588,1.0,0.9805701337312841
1589,1.0,0.9806124096031444
1590,1.0,0.980654593330833
1591,1.0,0.9806966851071702
1592,1.0,0.9807386851246094
1593,1.0,0.9807805935752366
1594,1.0,0.9808224106507715
1595,1.0,0.9808641365425678
1596,1.0,0.9809057714416137
1597,1.0,0.9809473155385325
1598,1.0,0.9809887690235835
1599,1.0,0.9810301320866621
1600,1.0,0.9810714049173
1601,1.0,0.9811125877046668
1602,1.0,0.9811536806375694
1603,1.0,0.9811946839044537
1604,1.0,0.9812355976934038
1605,1.0,0.9812764221921438
1606,1.0,0.9813171575880373
1607,1.0,0.9813578040680887
1608,1.0,0.9813983618189438
1609,1.0,0.9814388310268892
1610,1.0,0.9814792118778543
1611,1.0,0.9815195045574109
1612,1.0,0.9815597092507738
1613,1.0,0.981599826142802
1614,1.0,0.9816398554179985
1615,1.0,0.9816797972605112
1616,1.0,0.9817196518541332
1617,1.0,0.9817594193823039
1618,1.0,0.9817991000281087
1619,1.0,0.9818386939742804
1620,1.0,0.9818782014031983
1621,1.0,0.981917622496891
1622,1.0,0.9819569574370354
1623,1.0,0.9819962064049568
1624,1.0,0.9820353695816307
1625,1.0,0.9820744471476831
1626,1.0,0.9821134392833898
1627,1.0,0.982152346168679
1628,1.0,0.9821911679831292
1629,1.0,0.9822299049059728
1630,1.0,0.9822685571160943
1631,1.0,0.9823071247920315
1632,1.0,0.9823456081119766
1633,1.0,0.9823840072537756
1634,1.0,0.9824223223949302
1635,1.0,0.9824605537125968
1636,1.0,0.9824987013835893
1637,1.0,0.9825367655843764
1638,1.0,0.9825747464910852
1639,1.0,0.9826126442795003
1640,1.0,0.9826504591250642
1641,1.0,0.9826881912028781
1642,1.0,0.9827258406877026
1643,1.0,0.9827634077539585
1644,1.0,0.9828008925757264
1645,1.0,0.9828382953267478
1646,1.0,0.9828756161804261
1647,1.0,0.9829128553098258
1648,1.0,0.9829500128876748
1649,1.0,0.9829870890863631
1650,1.0,0.9830240840779451
1651,1.0,0.9830609980341386
1652,1.0,0.9830978311263262
1653,1.0,0.983134583525556
1654,1.0,0.983171255402541
1655,1.0,0.9832078469276608
1656,1.0,0.983244358270962
1657,1.0,0.9832807896021578
1658,1.0,0.9833171410906296
1659,1.0,0.9833534129054271
1660,1.0,0.9833896052152686
1661,1.0,0.983425718188542
1662,1.0,0.9834617519933048
1663,1.0,0.9834977067972848
1664,1.0,0.9835335827678816
1665,1.0,0.9835693800721654
1666,1.0,0.9836050988768785
1667,1.0,0.9836407393484362
1668,1.0,0.9836763016529262
1669,1.0,0.9837117859561102
1670,1.0,0.9837471924234239
1671,1.0,0.9837825212199774
1672,1.0,0.9838177725105566
1673,1.0,0.9838529464596224
1674,1.0,0.9838880432313117
1675,1.0,0.9839230629894393
1676,1.0,0.9839580058974958
1677,1.0,0.9839928721186507
1678,1.0,0.9840276618157513
1679,1.0,0.9840623751513232
1680,1.0,0.9840970122875726
1681,1.0,0.9841315733863848
1682,1.0,0.9841660586093248
1683,1.0,0.9842004681176397
1684,1.0,0.9842348020722577
1685,1.0,0.9842690606337886
1686,1.0,0.984303243962525
1687,1.0,0.984337352218442
1688,1.0,0.984371385561199
1689,1.0,0.9844053441501385
1690,1.0,0.9844392281442883
1691,1.0,0.9844730377023608
1692,1.0,0.9845067729827545
1693,1.0,0.9845404341435531
1694,1.0,0.9845740213425278
1695,1.0,0.9846075347371366
1696,1.0,0.984640974484525
1697,1.0,0.9846743407415269
1698,1.0,0.9847076336646647
1699,1.0,0.9847408534101503
1700,1.0,0.9847740001338852
1701,1.0,0.9848070739914604
1702,1.0,0.984840075138159
1703,1.0,0.984873003728954
1704,1.0,0.9849058599185112
1705,1.0,0.9849386438611882
1706,1.0,0.9849713557110357
1707,1.0,0.9850039956217971
1708,1.0,0.9850365637469104
1709,1.0,0.9850690602395074
1710,1.0,0.9851014852524147
1711,1.0,0.985133838938155
1712,1.0,0.9851661214489458
1713,1.0,0.9851983329367016
1714,1.0,0.9852304735530341
1715,1.0,0.9852625434492515
1716,1.0,0.9852945427763607
1717,1.0,0.985326471685067
1718,1.0,0.9853583303257737
1719,1.0,0.9853901188485846
1720,1.0,0.9854218374033034
1721,1.0,0.9854534861394328
1722,1.0,0.9854850652061786
1723,1.0,0.9855165747524466
1724,1.0,0.9855480149268446
1725,1.0,0.9855793858776837
1726,1.0,0.9856106877529778
1727,1.0,0.9856419207004431
1728,1.0,0.9856730848675015
1729,1.0,0.985704180401278
1730,1.0,0.9857352074486035
1731,1.0,0.985766166156014
1732,1.0,0.9857970566697514
1733,1.0,0.9858278791357644
1734,1.0,0.9858586336997083
1735,1.0,0.9858893205069466
1736,1.0,0.9859199397025501
1737,1.0,0.9859504914312982
1738,1.0,0.9859809758376799
1739,1.0,0.9860113930658928
1740,1.0,0.986041743259845
1741,1.0,0.9860720265631554
1742,1.0,0.9861022431191533
1743,1.0,0.9861323930708797
1744,1.0,0.9861624765610879
1745,1.0,0.9861924937322433
1746,1.0,0.9862224447265242
1747,1.0,0.9862523296858227
1748,1.0,0.9862821487517449
1749,1.0,0.9863119020656111
1750,1.0,0.9863415897684567
1751,1.0,0.9863712120010324
1752,1.0,0.9864007689038052
1753,1.0,0.9864302606169584
1754,1.0,0.9864596872803919
1755,1.0,0.986489049033723
1756,1.0,0.9865183460162881
1757,1.0,0.9865475783671402
1758,1.0,0.9865767462250526
1759,1.0,0.9866058497285174
1760,1.0,0.9866348890157466
1761,1.0,0.9866638642246727
1762,1.0,0.9866927754929485
1763,1.0,0.9867216229579493
1764,1.0,0.9867504067567715
1765,1.0,0.9867791270262335
1766,1.0,0.9868077839028767
1767,1.0,0.9868363775229663
1768,1.0,0.9868649080224909
1769,1.0,0.9868933755371634
1770,1.0,0.986921780202421
1771,1.0,0.9869501221534271
1772,1.0,0.98697840152507
1773,1.0,0.9870066184519645
1774,1.0,0.9870347730684516
1775,1.0,0.9870628655086002
1776,1.0,0.9870908959062067
1777,1.0,0.987118864394795
1778,1.0,0.9871467711076183
1779,1.0,0.9871746161776582
1780,1.0,0.9872023997376267
1781,1.0,0.9872301219199648
1782,1.0,0.9872577828568454
1783,1.0,0.987285382680171
1784,1.0,0.987312921521576
1785,1.0,0.9873403995124274
1786,1.0,0.9873678167838236
1787,1.0,0.987395173466597
1788,1.0,0.9874224696913121
1789,1.0,0.9874497055882683
1790,1.0,0.9874768812874988
1791,1.0,0.9875039969187717
1792,1.0,0.9875310526115906
1793,1.0,0.9875580484951944
1794,1.0,0.9875849846985586
1795,1.0,0.9876118613503949
1796,1.0,0.9876386785791528
1797,1.0,0.9876654365130191
1798,1.0,0.9876921352799185
1799,1.0,0.9877187750075144
1800,1.0,0.9877453558232098
1801,1.0,0.9877718778541457
1802,1.0,0.9877983412272049
1803,1.0,0.9878247460690093
1804,1.0,0.9878510925059224
1805,1.0,0.9878773806640487
1806,1.0,0.9879036106692348
1807,1.0,0.9879297826470692
1808,1.0,0.9879558967228836
1809,1.0,0.9879819530217528
1810,1.0,0.9880079516684952
1811,1.0,0.9880338927876733
1812,1.0,0.9880597765035942
1813,1.0,0.9880856029403104
1814,1.0,0.9881113722216196
1815,1.0,0.9881370844710657
1816,1.0,0.9881627398119386
1817,1.0,0.9881883383672756
1818,1.0,0.9882138802598613
1819,1.0,0.9882393656122285
1820,1.0,0.9882647945466572
1821,1.0,0.9882901671851768
1822,1.0,0.9883154836495665
1823,1.0,0.9883407440613541
1824,1.0,0.988365948541818
1825,1.0,0.9883910972119875
1826,1.0,0.9884161901926422
1827,1.0,0.9884412276043137
1828,1.0,0.9884662095672854
1829,1.0,0.9884911362015933
1830,1.0,0.9885160076270254
1831,1.0,0.9885408239631243
1832,1.0,0.9885655853291851
1833,1.0,0.9885902918442582
1834,1.0,0.9886149436271474
1835,1.0,0.9886395407964127
1836,1.0,0.9886640834703693
1837,1.0,0.9886885717670879
1838,1.0,0.988713005804396
1839,1.0,0.9887373856998787
1840,1.0,0.9887617115708769
1841,1.0,0.9887859835344909
1842,1.0,0.9888102017075776
1843,1.0,0.988834366206754
1844,1.0,0.9888584771483954
1845,1.0,0.9888825346486368
1846,1.0,0.9889065388233734
1847,1.0,0.9889304897882607
1848,1.0,0.9889543876587149
1849,1.0,0.988978232549914
1850,1.0,0.989002024576797
1851,1.0,0.9890257638540662
1852,1.0,0.9890494504961853
1853,1.0,0.9890730846173821
1854,1.0,0.9890966663316473
1855,1.0,0.9891201957527359
1856,1.0,0.9891436729941671
1857,1.0,0.9891670981692251
1858,1.0,0.9891904713909593
1859,1.0,0.9892137927721847
1860,1.0,0.9892370624254824
1861,1.0,0.9892602804632004
1862,1.0,0.9892834469974534
1863,1.0,0.9893065621401241
1864,1.0,0.9893296260028622
1865,1.0,0.9893526386970859
1866,1.0,0.9893756003339831
1867,1.0,0.9893985110245095
1868,1.0,0.9894213708793915
1869,1.0,0.9894441800091247
1870,1.0,0.9894669385239759
1871,1.0,0.9894896465339825
1872,1.0,0.9895123041489529
1873,1.0,0.9895349114784677
1874,1.0,0.9895574686318793
1875,1.0,0.9895799757183131
1876,1.0,0.989602432846667
1877,1.0,0.989624840125613
1878,1.0,0.9896471976635969
1879,1.0,0.9896695055688377
1880,1.0,0.9896917639493306
1881,1.0,0.989713972912845
1882,1.0,0.9897361325669266
1883,1.0,0.9897582430188965
1884,1.0,0.9897803043758522
1885,1.0,0.9898023167446682
1886,1.0,0.9898242802319965
1887,1.0,0.9898461949442666
1888,1.0,0.9898680609876859
1889,1.0,0.9898898784682403
1890,1.0,0.9899116474916952
1891,1.0,0.9899333681635947
1892,1.0,0.9899550405892628
1893,1.0,0.9899766648738036
1894,1.0,0.9899982411221026
1895,1.0,0.9900197694388253
1896,1.0,0.9900412499284188
1897,1.0,0.9900626826951127
1898,1.0,0.9900840678429177
1899,1.0,0.9901054054756286
1900,1.0,0.9901266956968221
1901,1.0,0.990147938609859
1902,1.0,0.9901691343178833
1903,1.0,0.9901902829238247
1904,1.0,0.990211384530396
1905,1.0,0.9902324392400962
1906,1.0,0.9902534471552092
1907,1.0,0.9902744083778054
1908,1.0,0.9902953230097412
1909,1.0,0.9903161911526597
1910,1.0,0.9903370129079916
1911,1.0,0.9903577883769543
1912,1.0,0.9903785176605544
1913,1.0,0.9903992008595855
1914,1.0,0.9904198380746314
1915,1.0,0.9904404294060637
1916,1.0,0.9904609749540448
1917,1.0,0.9904814748185266
1918,1.0,0.9905019290992505
1919,1.0,0.9905223378957506
1920,1.0,0.9905427013073501
1921,1.0,0.9905630194331656
1922,1.0,0.9905832923721044
1923,1.0,0.9906035202228671
1924,1.0,0.9906237030839462
1925,1.0,0.990643841053628
1926,1.0,0.9906639342299921
1927,1.0,0.9906839827109128
1928,1.0,0.9907039865940573
1929,1.0,0.9907239459768892
1930,1.0,0.9907438609566658
1931,1.0,0.9907637316304411
1932,1.0,0.9907835580950644
1933,1.0,0.9908033404471815
1934,1.0,0.9908230787832352
1935,1.0,0.990842773199465
1936,1.0,0.9908624237919078
1937,1.0,0.9908820306563993
1938,1.0,0.9909015938885726
1939,1.0,0.9909211135838595
1940,1.0,0.9909405898374914
1941,1.0,0.9909600227444991
1942,1.0,0.9909794123997125
1943,1.0,0.990998758897763
1944,1.0,0.9910180623330812
1945,1.0,0.9910373227998998
1946,1.0,0.9910565403922523
1947,1.0,0.9910757152039741
1948,1.0,0.991094847328703
1949,1.0,0.9911139368598793
1950,1.0,0.9911329838907457
1951,1.0,0.9911519885143486
1952,1.0,0.9911709508235381
1953,1.0,0.9911898709109687
1954,1.0,0.9912087488690987
1955,1.0,0.9912275847901912
1956,1.0,0.9912463787663154
1957,1.0,0.991265130889345
1958,1.0,0.9912838412509606
1959,1.0,0.9913025099426483
1960,1.0,0.9913211370557014
1961,1.0,0.9913397226812203
1962,1.0,0.9913582669101128
1963,1.0,0.9913767698330944
1964,1.0,0.9913952315406891
1965,1.0,0.991413652123229
1966,1.0,0.9914320316708559
1967,1.0,0.99145037027352
1968,1.0,0.9914686680209822
1969,1.0,0.991486925002813
1970,1.0,0.9915051413083928
1971,1.0,0.9915233170269141
1972,1.0,0.9915414522473793
1973,1.0,0.9915595470586033
1974,1.0,0.9915776015492125
1975,1.0,0.9915956158076457
1976,1.0,0.9916135899221539
1977,1.0,0.9916315239808019
1978,1.0,0.9916494180714678
1979,1.0,0.9916672722818428
1980,1.0,0.9916850866994328
1981,1.0,0.991702861411558
1982,1.0,0.9917205965053535
1983,1.0,0.9917382920677696
1984,1.0,0.9917559481855722
1985,1.0,0.9917735649453432
1986,1.0,0.9917911424334808
1987,1.0,0.9918086807361994
1988,1.0,0.9918261799395313
1989,1.0,0.9918436401293256
1990,1.0,0.9918610613912492
1991,1.0,0.9918784438107872
1992,1.0,0.9918957874732433
1993,1.0,0.9919130924637394
1994,1.0,0.9919303588672176
1995,1.0,0.9919475867684387
1996,1.0,0.9919647762519839
1997,1.0,0.9919819274022539
1998,1.0,0.9919990403034711
1999,1.0,0.9920161150396779
2000,1.0,0.9920331516947386
2001,1.0,0.9920501503523387
2002,1.0,0.992067111095986
2003,1.0,0.9920840340090109
2004,1.0,0.9921009191745659
2005,1.0,0.9921177666756271
2006,1.0,0.9921345765949937
2007,1.0,0.9921513490152889
2008,1.0,0.9921680840189598
2009,1.0,0.9921847816882782
2010,1.0,0.9922014421053408
2011,1.0,0.9922180653520685
2012,1.0,0.9922346515102088
2013,1.0,0.9922512006613351
2014,1.0,0.9922677128868461
2015,1.0,0.9922841882679677
2016,1.0,0.9923006268857526
2017,1.0,0.9923170288210806
2018,1.0,0.9923333941546592
2019,1.0,0.9923497229670235
2020,1.0,0.9923660153385374
2021,1.0,0.9923822713493928
2022,1.0,0.9923984910796112
2023,1.0,0.992414674609043
2024,1.0,0.9924308220173679
2025,1.0,0.9924469333840961
2026,1.0,0.9924630087885682
2027,1.0,0.9924790483099546
2028,1.0,0.9924950520272576
2029,1.0,0.9925110200193105
2030,1.0,0.9925269523647778
2031,1.0,0.992542849142157
2032,1.0,0.9925587104297768
2033,1.0,0.9925745363057991
2034,1.0,0.9925903268482187
2035,1.0,0.9926060821348641
2036,1.0,0.9926218022433968
2037,1.0,0.9926374872513127
2038,1.0,0.9926531372359421
2039,1.0,0.9926687522744494
2040,1.0,0.9926843324438348
2041,1.0,0.9926998778209329
2042,1.0,0.9927153884824149
2043,1.0,0.9927308645047874
2044,1.0,0.992746305964393
2045,1.0,0.9927617129374119
2046,1.0,0.9927770854998602
2047,1.0,0.992792423727592
2048,1.0,0.9928077276962987
2049,1.0,0.9928229974815099
2050,1.0,0.9928382331585931
2051,1.0,0.9928534348027545
2052,1.0,0.9928686024890393
2053,1.0,0.9928837362923322
2054,1.0,0.9928988362873569
2055,1.0,0.9929139025486771
2056,1.0,0.9929289351506971
2057,1.0,0.9929439341676615
2058,1.0,0.9929588996736554
2059,1.0,0.9929738317426057
2060,1.0,0.9929887304482803
2061,1.0,0.9930035958642892
2062,1.0,0.993018428064084
2063,1.0,0.9930332271209595
2064,1.0,0.9930479931080529
2065,1.0,0.9930627260983445
2066,1.0,0.9930774261646574
2067,1.0,0.9930920933796595
2068,1.0,0.9931067278158622
2069,1.0,0.9931213295456209
2070,1.0,0.9931358986411362
2071,1.0,0.9931504351744533
2072,1.0,0.9931649392174631
2073,1.0,0.9931794108419011
2074,1.0,0.9931938501193504
2075,1.0,0.9932082571212384
2076,1.0,0.9932226319188405
2077,1.0,0.9932369745832783
2078,1.0,0.9932512851855207
2079,1.0,0.993265563796384
2080,1.0,0.9932798104865318
2081,1.0,0.993294025326477
2082,1.0,0.9933082083865795
2083,1.0,0.9933223597370486
2084,1.0,0.9933364794479428
2085,1.0,0.9933505675891692
2086,1.0,0.9933646242304851
2087,1.0,0.9933786494414978
2088,1.0,0.9933926432916641
2089,1.0,0.9934066058502922
2090,1.0,0.9934205371865403
2091,1.0,0.9934344373694182
2092,1.0,0.9934483064677871
2093,1.0,0.9934621445503601
2094,1.0,0.9934759516857016
2095,1.0,0.9934897279422292
2096,1.0,0.9935034733882128
2097,1.0,0.993517188091775
2098,1.0,0.9935308721208923
2099,1.0,0.9935445255433939
2100,1.0,0.9935581484269632
2101,1.0,0.9935717408391378
2102,1.0,0.9935853028473098
2103,1.0,0.993598834518726
2104,1.0,0.9936123359204877
2105,1.0,0.9936258071195522
2106,1.0,0.9936392481827321
2107,1.0,0.993652659176696
2108,1.0,0.9936660401679684
2109,1.0,0.9936793912229313
2110,1.0,0.9936927124078215
2111,1.0,0.9937060037887351
2112,1.0,0.9937192654316243
2113,1.0,0.9937324974022987
2114,1.0,0.9937456997664273
2115,1.0,0.9937588725895358
2116,1.0,0.993772015937009
2117,1.0,0.9937851298740911
2118,1.0,0.9937982144658842
2119,1.0,0.9938112697773512
2120,1.0,0.9938242958733134
2121,1.0,0.9938372928184529
2122,1.0,0.9938502606773116
2123,1.0,0.9938631995142925
2124,1.0,0.9938761093936589
2125,1.0,0.9938889903795355
2126,1.0,0.993901842535908
2127,1.0,0.9939146659266241
2128,1.0,0.9939274606153939
2129,1.0,0.9939402266657891
2130,1.0,0.9939529641412439
2131,1.0,0.9939656731050557
2132,1.0,0.9939783536203851
2133,1.0,0.9939910057502555
2134,1.0,0.9940036295575544
2135,1.0,0.9940162251050335
2136,1.0,0.9940287924553077
2137,1.0,0.9940413316708577
2138,1.0,0.9940538428140283
2139,1.0,0.9940663259470288
2140,1.0,0.9940787811319349
2141,1.0,0.9940912084306875
2142,1.0,0.9941036079050933
2143,1.0,0.9941159796168249
2144,1.0,0.9941283236274221
2145,1.0,0.9941406399982905
2146,1.0,0.9941529287907035
2147,1.0,0.9941651900658012
2148,1.0,0.9941774238845913
2149,1.0,0.9941896303079499
2150,1.0,0.9942018093966206
2151,1.0,0.9942139612112152
2152,1.0,0.9942260858122147
2153,1.0,0.9942381832599685
2154,1.0,0.9942502536146957
2155,1.0,0.994262296936484
2156,1.0,0.9942743132852919
2157,1.0,0.994286302720947
2158,1.0,0.9942982653031477
2159,1.0,0.9943102010914621
2160,1.0,0.9943221101453302
2161,1.0,0.9943339925240621
2162,1.0,0.99434584828684
2163,1.0,0.9943576774927169
2164,1.0,0.9943694802006183
2165,1.0,0.9943812564693413
2166,1.0,0.9943930063575559
2167,1.0,0.9944047299238044
2168,1.0,0.9944164272265016
2169,1.0,0.9944280983239365
2170,1.0,0.994439743274271
2171,1.0,0.9944513621355401
2172,1.0,0.9944629549656536
2173,1.0,0.9944745218223953
2174,1.0,0.9944860627634233
2175,1.0,0.9944975778462707
2176,1.0,0.9945090671283451
2177,1.0,0.9945205306669297
2178,1.0,0.9945319685191834
2179,1.0,0.9945433807421404
2180,1.0,0.9945547673927118
2181,1.0,0.9945661285276838
2182,1.0,0.9945774642037197
2183,1.0,0.9945887744773599
2184,1.0,0.9946000594050216
2185,1.0,0.9946113190429988
2186,1.0,0.9946225534474643
2187,1.0,0.9946337626744678
2188,1.0,0.9946449467799366
2189,1.0,0.9946561058196777
2190,1.0,0.9946672398493758
2191,1.0,0.9946783489245943
2192,1.0,0.9946894331007764
2193,1.0,0.9947004924332441
2194,1.0,0.9947115269771989
2195,1.0,0.9947225367877228
2196,1.0,0.9947335219197768
2197,1.0,0.9947444824282036
2198,1.0,0.9947554183677253
2199,1.0,0.9947663297929454
2200,1.0,0.9947772167583485
2201,1.0,0.9947880793183006
2202,1.0,0.9947989175270487
2203,1.0,0.9948097314387225
2204,1.0,0.9948205211073332
2205,1.0,0.994831286586774
2206,1.0,0.994842027930822
2207,1.0,0.9948527451931353
2208,1.0,0.9948634384272567
2209,1.0,0.9948741076866111
2210,1.0,0.9948847530245077
2211,1.0,0.9948953744941393
2212,1.0,0.9949059721485823
2213,1.0,0.9949165460407984
2214,1.0,0.9949270962236322
2215,1.0,0.9949376227498148
2216,1.0,0.9949481256719612
2217,1.0,0.9949586050425718
2218,1.0,0.994969060914033
2219,1.0,0.9949794933386162
2220,1.0,0.9949899023684795
2221,1.0,0.9950002880556662
2222,1.0,0.995010650452107
2223,1.0,0.995020989609619
2224,1.0,0.9950313055799058
2225,1.0,0.9950415984145585
2226,1.0,0.995051868165056
2227,1.0,0.9950621148827637
2228,1.0,0.9950723386189361
2229,1.0,0.9950825394247147
2230,1.0,0.9950927173511303
2231,1.0,0.9951028724491013
2232,1.0,0.9951130047694359
2233,1.0,0.9951231143628302
2234,1.0,0.9951332012798709
2235,1.0,0.9951432655710328
2236,1.0,0.9951533072866813
2237,1.0,0.9951633264770717
2238,1.0,0.9951733231923491
2239,1.0,0.9951832974825494
2240,1.0,0.995193249397599
2241,1.0,0.9952031789873148
2242,1.0,0.9952130863014055
2243,1.0,0.9952229713894708
2244,1.0,0.9952328343010018
2245,1.0,0.9952426750853818
2246,1.0,0.9952524937918855
2247,1.0,0.9952622904696805
2248,1.0,0.9952720651678266
2249,1.0,0.9952818179352761
2250,1.0,0.9952915488208743
2251,1.0,0.9953012578733602
2252,1.0,0.9953109451413655
2253,1.0,0.9953206106734159
2254,1.0,0.9953302545179303
2255,1.0,0.9953398767232225
2256,1.0,0.9953494773375
2257,1.0,0.9953590564088651
2258,1.0,0.995368613985315
2259,1.0,0.9953781501147407
2260,1.0,0.9953876648449299
2261,1.0,0.9953971582235641
2262,1.0,0.9954066302982224
2263,1.0,0.995416081116378
2264,1.0,0.9954255107254006
2265,1.0,0.9954349191725564
2266,1.0,0.995444306505008
2267,1.0,0.9954536727698148
2268,1.0,0.9954630180139327
2269,1.0,0.9954723422842151
2270,1.0,0.9954816456274128
2271,1.0,0.9954909280901739
2272,1.0,0.9955001897190443
2273,1.0,0.9955094305604681
2274,1.0,0.9955186506607875
2275,1.0,0.9955278500662432
2276,1.0,0.9955370288229747
2277,1.0,0.9955461869770196
2278,1.0,0.9955553245743157
2279,1.0,0.9955644416606992
2280,1.0,0.9955735382819062
2281,1.0,0.9955826144835724
2282,1.0,0.9955916703112333
2283,1.0,0.9956007058103253
2284,1.0,0.9956097210261838
2285,1.0,0.9956187160040458
2286,1.0,0.9956276907890488
2287,1.0,0.9956366454262312
2288,1.0,0.9956455799605326
2289,1.0,0.9956544944367941
2290,1.0,0.9956633888997583
2291,1.0,0.9956722633940698
2292,1.0,0.9956811179642746
2293,1.0,0.995689952654822
2294,1.0,0.9956987675100628
2295,1.0,0.9957075625742507
2296,1.0,0.9957163378915431
2297,1.0,0.9957250935059986
2298,1.0,0.9957338294615811
2299,1.0,0.9957425458021563
2300,1.0,0.9957512425714949
2301,1.0,0.9957599198132706
2302,1.0,0.9957685775710617
2303,1.0,0.9957772158883504
2304,1.0,0.9957858348085232
2305,1.0,0.9957944343748723
2306,1.0,0.995803014630594
2307,1.0,0.9958115756187894
2308,1.0,0.9958201173824657
2309,1.0,0.9958286399645353
2310,1.0,0.9958371434078159
2311,1.0,0.9958456277550318
2312,1.0,0.9958540930488129
2313,1.0,0.9958625393316954
2314,1.0,0.9958709666461224
2315,1.0,0.9958793750344433
2316,1.0,0.9958877645389147
2317,1.0,0.9958961352016997
2318,1.0,0.9959044870648698
2319,1.0,0.9959128201704028
2320,1.0,0.9959211345601848
2321,1.0,0.9959294302760099
2322,1.0,0.9959377073595798
2323,1.0,0.9959459658525049
2324,1.0,0.9959542057963041
2325,1.0,0.9959624272324046
2326,1.0,0.9959706302021425
2327,1.0,0.9959788147467634
2328,1.0,0.9959869809074218
2329,1.0,0.9959951287251816
2330,1.0,0.9960032582410163
2331,1.0,0.9960113694958099
2332,1.0,0.9960194625303553
2333,1.0,0.9960275373853565
2334,1.0,0.9960355941014277
2335,1.0,0.9960436327190934
2336,1.0,0.9960516532787891
2337,1.0,0.9960596558208613
2338,1.0,0.9960676403855675
2339,1.0,0.9960756070130774
2340,1.0,0.9960835557434705
2341,1.0,0.9960914866167396
2342,1.0,0.996099399672789
2343,1.0,0.9961072949514349
2344,1.0,0.9961151724924057
2345,1.0,0.9961230323353427
2346,1.0,0.9961308745197998
2347,1.0,0.9961386990852431
2348,1.0,0.9961465060710528
2349,1.0,0.9961542955165218
2350,1.0,0.9961620674608559
2351,1.0,0.9961698219431757
2352,1.0,0.9961775590025145
2353,1.0,0.9961852786778201
2354,1.0,0.9961929810079543
2355,1.0,0.9962006660316933
2356,1.0,0.996208333787728
2357,1.0,0.9962159843146634
2358,1.0,0.9962236176510202
2359,1.0,0.9962312338352333
2360,1.0,0.9962388329056541
2361,1.0,0.9962464149005478
2362,1.0,0.9962539798580967
2363,1.0,0.9962615278163981
2364,1.0,0.9962690588134652
2365,1.0,0.9962765728872278
2366,1.0,0.9962840700755319
2367,1.0,0.9962915504161399
2368,1.0,0.9962990139467309
2369,1.0,0.9963064607049011
2370,1.0,0.9963138907281635
2371,1.0,0.9963213040539483
2372,1.0,0.9963287007196032
2373,1.0,0.9963360807623936
2374,1.0,0.9963434442195025
2375,1.0,0.996350791128031
2376,1.0,0.9963581215249981
2377,1.0,0.9963654354473411
2378,1.0,0.9963727329319162
2379,1.0,0.9963800140154976
2380,1.0,0.9963872787347787
2381,1.0,0.9963945271263718
2382,1.0,0.9964017592268084
2383,1.0,0.9964089750725391
2384,1.0,0.9964161746999346
2385,1.0,0.9964233581452847
2386,1.0,0.9964305254447992
2387,1.0,0.9964376766346077
2388,1.0,0.9964448117507607
2389,1.0,0.9964519308292286
2390,1.0,0.9964590339059023
2391,1.0,0.9964661210165934
2392,1.0,0.9964731921970348
2393,1.0,0.9964802474828797
2394,1.0,0.996487286909703
2395,1.0,0.9964943105130012
2396,1.0,0.996501318328192
2397,1.0,0.9965083103906149
2398,1.0,0.9965152867355314
2399,1.0,0.996522247398125
2400,1.0,0.9965291924135015
2401,1.0,0.9965361218166887
2402,1.0,0.9965430356426377
2403,1.0,0.9965499339262218
2404,1.0,0.9965568167022371
2405,1.0,0.9965636840054034
2406,1.0,0.9965705358703632
2407,1.0,0.9965773723316822
2408,1.0,0.9965841934238507
2409,1.0,0.9965909991812815
2410,1.0,0.996597789638312
2411,1.0,0.9966045648292033
2412,1.0,0.9966113247881413
2413,1.0,0.9966180695492356
2414,1.0,0.9966247991465205
2415,1.0,0.9966315136139554
2416,1.0,0.9966382129854241
2417,1.0,0.9966448972947359
2418,1.0,0.996651566575625
2419,1.0,0.9966582208617507
2420,1.0,0.9966648601866986
2421,1.0,0.996671484583979
2422,1.0,0.9966780940870289
2423,1.0,0.9966846887292107
2424,1.0,0.9966912685438135
2425,1.0,0.996697833564052
2426,1.0,0.996704383823068
2427,1.0,0.9967109193539296
2428,1.0,0.9967174401896323
2429,1.0,0.9967239463630975
2430,1.0,0.9967304379071745
2431,1.0,0.9967369148546394
2432,1.0,0.9967433772381965
2433,1.0,0.9967498250904767
2434,1.0,0.9967562584440394
2435,1.0,0.9967626773313715
2436,1.0,0.9967690817848877
2437,1.0,0.9967754718369318
2438,1.0,0.9967818475197749
2439,1.0,0.9967882088656175
2440,1.0,0.996794555906588
2441,1.0,0.9968008886747447
2442,1.0,0.9968072072020736
2443,1.0,0.9968135115204904
2444,1.0,0.9968198016618403
2445,1.0,0.9968260776578978
2446,1.0,0.9968323395403668
2447,1.0,0.996838587340881
2448,1.0,0.9968448210910045
2449,1.0,0.9968510408222305
2450,1.0,0.9968572465659835
2451,1.0,0.9968634383536172
2452,1.0,0.996869616216417
2453,1.0,0.9968757801855976
2454,1.0,0.9968819302923057
2455,1.0,0.9968880665676184
2456,1.0,0.996894189042544
2457,1.0,0.9969002977480217
2458,1.0,0.9969063927149229
2459,1.0,0.9969124739740498
2460,1.0,0.9969185415561368
2461,1.0,0.9969245954918496
2462,1.0,0.9969306358117863
2463,1.0,0.9969366625464772
2464,1.0,0.9969426757263847
2465,1.0,0.9969486753819037
2466,1.0,0.9969546615433613
2467,1.0,0.9969606342410181
2468,1.0,0.996966593505067
2469,1.0,0.9969725393656338
2470,1.0,0.9969784718527782
2471,1.0,0.9969843909964925
2472,1.0,0.9969902968267024
2473,1.0,0.9969961893732681
2474,1.0,0.9970020686659821
2475,1.0,0.9970079347345723
2476,1.0,0.9970137876086997
2477,1.0,0.9970196273179597
2478,1.0,0.997025453891882
2479,1.0,0.9970312673599306
2480,1.0,0.9970370677515046
2481,1.0,0.9970428550959374
2482,1.0,0.9970486294224974
2483,1.0,0.9970543907603876
2484,1.0,0.9970601391387476
2485,1.0,0.9970658745866501
2486,1.0,0.9970715971331051
2487,1.0,0.9970773068070575
2488,1.0,0.997083003637388
2489,1.0,0.9970886876529129
2490,1.0,0.9970943588823848
2491,1.0,0.9971000173544925
2492,1.0,0.9971056630978606
2493,1.0,0.997111296141051
2494,1.0,0.9971169165125614
2495,1.0,0.9971225242408264
2496,1.0,0.9971281193542173
2497,1.0,0.9971337018810428
2498,1.0,0.9971392718495483
2499,1.0,0.9971448292879168
2500,1.0,0.9971503742242683
2501,1.0,0.9971559066866608
2502,1.0,0.9971614267030896
2503,1.0,0.9971669343014874
2504,1.0,0.9971724295097258
2505,1.0,0.9971779123556137
2506,1.0,0.9971833828668988
2507,1.0,0.9971888410712662
2508,1.0,0.9971942869963404
2509,1.0,0.9971997206696843
2510,1.0,0.997205142118799
2511,1.0,0.9972105513711254
2512,1.0,0.9972159484540422
2513,1.0,0.9972213333948683
2514,1.0,0.9972267062208614
2515,1.0,0.9972320669592186
2516,1.0,0.9972374156370764
2517,1.0,0.9972427522815116
2518,1.0,0.9972480769195398
2519,1.0,0.9972533895781175
2520,1.0,0.9972586902841407
2521,1.0,0.9972639790644456
2522,1.0,0.9972692559458088
2523,1.0,0.9972745209549478
2524,1.0,0.9972797741185195
2525,1.0,0.997285015463123
2526,1.0,0.9972902450152971
2527,1.0,0.9972954628015218
2528,1.0,0.9973006688482187
2529,1.0,0.9973058631817501
2530,1.0,0.9973110458284201
2531,1.0,0.9973162168144734
2532,1.0,0.9973213761660977
2533,1.0,0.9973265239094209
2534,1.0,0.997331660070514
2535,1.0,0.9973367846753896
2536,1.0,0.9973418977500015
2537,1.0,0.9973469993202476
2538,1.0,0.9973520894119663
2539,1.0,0.9973571680509397
2540,1.0,0.9973622352628918
2541,1.0,0.9973672910734902
2542,1.0,0.9973723355083445
2543,1.0,0.9973773685930079
2544,1.0,0.9973823903529759
2545,1.0,0.9973874008136885
2546,1.0,0.9973924000005275
2547,1.0,0.9973973879388199
2548,1.0,0.997402364653835
2549,1.0,0.9974073301707866
2550,1.0,0.9974122845148318
2551,1.0,0.9974172277110722
2552,1.0,0.9974221597845528
2553,1.0,0.9974270807602637
2554,1.0,0.9974319906631386
2555,1.0,0.9974368895180564
2556,1.0,0.99744177734984
2557,1.0,0.997446654183257
2558,1.0,0.9974515200430203
2559,1.0,0.9974563749537876
2560,1.0,0.9974612189401612
2561,1.0,0.997466052026689
2562,1.0,0.9974708742378645
2563,1.0,0.9974756855981263
2564,1.0,0.997480486131858
2565,1.0,0.9974852758633903
2566,1.0,0.9974900548169982
2567,1.0,0.9974948230169036
2568,1.0,0.9974995804872737
2569,1.0,0.9975043272522226
2570,1.0,0.9975090633358101
2571,1.0,0.9975137887620427
2572,1.0,0.9975185035548729
2573,1.0,0.9975232077382009
2574,1.0,0.9975279013358721
2575,1.0,0.9975325843716801
2576,1.0,0.9975372568693651
2577,1.0,0.9975419188526137
2578,1.0,0.9975465703450607
2579,1.0,0.9975512113702876
2580,1.0,0.9975558419518233
2581,1.0,0.9975604621131444
2582,1.0,0.9975650718776756
2583,1.0,0.9975696712687888
2584,1.0,0.9975742603098037
2585,1.0,0.9975788390239885
2586,1.0,0.9975834074345592
2587,1.0,0.9975879655646799
2588,1.0,0.9975925134374638
2589,1.0,0.9975970510759714
2590,1.0,0.9976015785032127
2591,1.0,0.9976060957421462
2592,1.0,0.9976106028156788
2593,1.0,0.9976150997466668
2594,1.0,0.997619586557915
2595,1.0,0.9976240632721781
2596,1.0,0.9976285299121594
2597,1.0,0.9976329865005112
2598,1.0,0.9976374330598364
2599,1.0,0.997641869612687
2600,1.0,0.9976462961815641
2601,1.0,0.997650712788919
2602,1.0,0.9976551194571536
2603,1.0,0.9976595162086188
2604,1.0,0.997663903065616
2605,1.0,0.9976682800503971
2606,1.0,0.9976726471851639
2607,1.0,0.997677004492069
2608,1.0,0.9976813519932153
2609,1.0,0.9976856897106565
2610,1.0,0.9976900176663973
2611,1.0,0.9976943358823931
2612,1.0,0.99769864438055
2613,1.0,0.997702943182726
2614,1.0,0.9977072323107293
2615,1.0,0.99771151178632
2616,1.0,0.9977157816312097
2617,1.0,0.9977200418670613
2618,1.0,0.9977242925154898
2619,1.0,0.997728533598061
2620,1.0,0.9977327651362938
2621,1.0,0.9977369871516576
2622,1.0,0.9977411996655753
2623,1.0,0.997745402699421
2624,1.0,0.9977495962745215
2625,1.0,0.997753780412156
2626,1.0,0.997757955133556
2627,1.0,0.9977621204599054
2628,1.0,0.9977662764123415
2629,1.0,0.9977704230119536
2630,1.0,0.9977745602797844
2631,1.0,0.9977786882368295
2632,1.0,0.9977828069040374
2633,1.0,0.9977869163023103
2634,1.0,0.9977910164525031
2635,1.0,0.9977951073754244
2636,1.0,0.9977991890918366
2637,1.0,0.9978032616224551
2638,1.0,0.9978073249879497
2639,1.0,0.9978113792089432
2640,1.0,0.9978154243060137
2641,1.0,0.9978194602996918
2642,1.0,0.997823487210463
2643,1.0,0.997827505058767
2644,1.0,0.9978315138649976
2645,1.0,0.9978355136495035
2646,1.0,0.9978395044325873
2647,1.0,0.9978434862345066
2648,1.0,0.997847459075474
2649,1.0,0.9978514229756563
2650,1.0,0.9978553779551753
2651,1.0,0.9978593240341089
2652,1.0,0.9978632612324886
2653,1.0,0.9978671895703021
2654,1.0,0.9978711090674919
2655,1.0,0.9978750197439568
2656,1.0,0.99787892161955
2657,1.0,0.9978828147140809
2658,1.0,0.9978866990473148
2659,1.0,0.9978905746389723
2660,1.0,0.9978944415087304
2661,1.0,0.9978982996762218
2662,1.0,0.9979021491610354
2663,1.0,0.9979059899827163
2664,1.0,0.9979098221607661
2665,1.0,0.9979136457146426
2666,1.0,0.9979174606637596
2667,1.0,0.997921267027489
2668,1.0,0.9979250648251574
2669,1.0,0.99792885407605
2670,1.0,0.9979326347994073
2671,1.0,0.997936407014428
2672,1.0,0.9979401707402672
2673,1.0,0.9979439259960374
2674,1.0,0.9979476728008086
2675,1.0,0.9979514111736074
2676,1.0,0.9979551411334187
2677,1.0,0.9979588626991843
2678,1.0,0.9979625758898039
2679,1.0,0.9979662807241348
2680,1.0,0.9979699772209926
2681,1.0,0.9979736653991501
2682,1.0,0.9979773452773385
2683,1.0,0.9979810168742472
2684,1.0,0.9979846802085237
2685,1.0,0.9979883352987733
2686,1.0,0.9979919821635603
2687,1.0,0.9979956208214076
2688,1.0,0.9979992512907956
2689,1.0,0.9980028735901645
2690,1.0,0.9980064877379129
2691,1.0,0.9980100937523981
2692,1.0,0.9980136916519358
2693,1.0,0.9980172814548023
2694,1.0,0.998020863179231
2695,1.0,0.9980244368434159
2696,1.0,0.9980280024655098
2697,1.0,0.9980315600636251
2698,1.0,0.9980351096558334
2699,1.0,0.9980386512601657
2700,1.0,0.9980421848946133
2701,1.0,0.9980457105771264
2702,1.0,0.9980492283256158
2703,1.0,0.9980527381579516
2704,1.0,0.9980562400919644
2705,1.0,0.9980597341454446
2706,1.0,0.9980632203361426
2707,1.0,0.9980666986817694
2708,1.0,0.9980701691999964
2709,1.0,0.9980736319084548
2710,1.0,0.9980770868247375
2711,1.0,0.9980805339663966
2712,1.0,0.998083973350946
2713,1.0,0.9980874049958602
2714,1.0,0.9980908289185739
2715,1.0,0.9980942451364835
2716,1.0,0.9980976536669461
2717,1.0,0.9981010545272802
2718,1.0,0.9981044477347649
2719,1.0,0.9981078333066414
2720,1.0,0.998111211260112
2721,1.0,0.9981145816123401
2722,1.0,0.9981179443804514
2723,1.0,0.9981212995815324
2724,1.0,0.9981246472326316
2725,1.0,0.99812798735076
2726,1.0,0.9981313199528897
2727,1.0,0.9981346450559551
2728,1.0,0.9981379626768525
2729,1.0,0.9981412728324405
2730,1.0,0.99814457553954
2731,1.0,0.9981478708149336
2732,1.0,0.9981511586753677
2733,1.0,0.99815443913755
2734,1.0,0.9981577122181509
2735,1.0,0.9981609779338035
2736,1.0,0.9981642363011041
2737,1.0,0.9981674873366113
2738,1.0,0.9981707310568471
2739,1.0,0.9981739674782956
2740,1.0,0.9981771966174049
2741,1.0,0.9981804184905859
2742,1.0,0.9981836331142127
2743,1.0,0.9981868405046225
2744,1.0,0.9981900406781166
2745,1.0,0.9981932336509586
2746,1.0,0.9981964194393768
2747,1.0,0.9981995980595624
2748,1.0,0.9982027695276708
2749,1.0,0.9982059338598207
2750,1.0,0.9982090910720954
2751,1.0,0.9982122411805413
2752,1.0,0.9982153842011692
2753,1.0,0.9982185201499544
2754,1.0,0.9982216490428356
2755,1.0,0.9982247708957167
2756,1.0,0.9982278857244649
2757,1.0,0.998230993544913
2758,1.0,0.9982340943728569
2759,1.0,0.9982371882240589
2760,1.0,0.9982402751142443
2761,1.0,0.9982433550591038
2762,1.0,0.9982464280742932
2763,1.0,0.9982494941754326
2764,1.0,0.9982525533781079
2765,1.0,0.9982556056978689
2766,1.0,0.9982586511502316
2767,1.0,0.9982616897506772
2768,1.0,0.9982647215146507
2769,1.0,0.9982677464575647
2770,1.0,0.9982707645947955
2771,1.0,0.9982737759416856
2772,1.0,0.998276780513543
2773,1.0,0.9982797783256414
2774,1.0,0.9982827693932205
2775,1.0,0.9982857537314853
2776,1.0,0.9982887313556069
2777,1.0,0.9982917022807226
2778,1.0,0.9982946665219355
2779,1.0,0.998297624094315
2780,1.0,0.9983005750128966
2781,1.0,0.9983035192926819
2782,1.0,0.9983064569486392
2783,1.0,0.9983093879957031
2784,1.0,0.9983123124487749
2785,1.0,0.9983152303227218
2786,1.0,0.9983181416323781
2787,1.0,0.9983210463925452
2788,1.0,0.9983239446179906
2789,1.0,0.9983268363234489
2790,1.0,0.998329721523622
2791,1.0,0.9983326002331784
2792,1.0,0.9983354724667541
2793,1.0,0.9983383382389516
2794,1.0,0.9983411975643413
2795,1.0,0.9983440504574607
2796,1.0,0.9983468969328141
2797,1.0,0.9983497370048744
2798,1.0,0.9983525706880809
2799,1.0,0.9983553979968415
2800,1.0,0.998358218945531
2801,1.0,0.998361033548492
2802,1.0,0.9983638418200359
2803,1.0,0.9983666437744404
2804,1.0,0.9983694394259525
2805,1.0,0.9983722287887863
2806,1.0,0.9983750118771246
2807,1.0,0.9983777887051182
2808,1.0,0.9983805592868861
2809,1.0,0.9983833236365154
2810,1.0,0.9983860817680622
2811,1.0,0.9983888336955506
2812,1.0,0.998391579432973
2813,1.0,0.9983943189942909
2814,1.0,0.9983970523934339
2815,1.0,0.9983997796443013
2816,1.0,0.9984025007607601
2817,1.0,0.9984052157566465
2818,1.0,0.9984079246457662
2819,1.0,0.998410627441893
2820,1.0,0.9984133241587709
2821,1.0,0.998416014810112
2822,1.0,0.9984186994095979
2823,1.0,0.9984213779708802
2824,1.0,0.9984240505075784
2825,1.0,0.9984267170332829
2826,1.0,0.9984293775615528
2827,1.0,0.998432032105917
2828,1.0,0.9984346806798737
2829,1.0,0.9984373232968914
2830,1.0,0.9984399599704078
2831,1.0,0.9984425907138306
2832,1.0,0.9984452155405373
2833,1.0,0.9984478344638759
2834,1.0,0.9984504474971634
2835,1.0,0.9984530546536878
2836,1.0,0.9984556559467073
2837,1.0,0.9984582513894493
2838,1.0,0.9984608409951123
2839,1.0,0.9984634247768658
2840,1.0,0.9984660027478479
2841,1.0,0.998468574921169
2842,1.0,0.9984711413099091
2843,1.0,0.9984737019271186
2844,1.0,0.9984762567858195
2845,1.0,0.998478805899004
2846,1.0,0.998481349279635
2847,1.0,0.9984838869406467
2848,1.0,0.9984864188949436
2849,1.0,0.998488945155402
2850,1.0,0.9984914657348685
2851,1.0,0.9984939806461617
2852,1.0,0.9984964899020707
2853,1.0,0.9984989935153562
2854,1.0,0.99850149149875
2855,1.0,0.9985039838649554
2856,1.0,0.9985064706266475
2857,1.0,0.9985089517964723
2858,1.0,0.9985114273870477
2859,1.0,0.9985138974109634
2860,1.0,0.9985163618807809
2861,1.0,0.9985188208090325
2862,1.0,0.9985212742082239
2863,1.0,0.9985237220908315
2864,1.0,0.9985261644693042
2865,1.0,0.9985286013560625
2866,1.0,0.9985310327634996
2867,1.0,0.9985334587039802
2868,1.0,0.9985358791898418
2869,1.0,0.9985382942333937
2870,1.0,0.998540703846918
2871,1.0,0.9985431080426687
2872,1.0,0.9985455068328727
2873,1.0,0.9985479002297291
2874,1.0,0.9985502882454096
2875,1.0,0.998552670892059
2876,1.0,0.9985550481817942
2877,1.0,0.9985574201267051
2878,1.0,0.9985597867388545
2879,1.0,0.9985621480302782
2880,1.0,0.9985645040129846
2881,1.0,0.9985668546989553
2882,1.0,0.9985692001001452
2883,1.0,0.9985715402284816
2884,1.0,0.998573875095866
2885,1.0,0.9985762047141722
2886,1.0,0.998578529095248
2887,1.0,0.9985808482509142
2888,1.0,0.9985831621929653
2889,1.0,0.9985854709331687
2890,1.0,0.9985877744832663
2891,1.0,0.9985900728549726
2892,1.0,0.9985923660599765
2893,1.0,0.99859465410994
2894,1.0,0.9985969370164995
2895,1.0,0.998599214791265
2896,1.0,0.9986014874458202
2897,1.0,0.9986037549917233
2898,1.0,0.9986060174405055
2899,1.0,0.998608274803673
2900,1.0,0.9986105270927059
2901,1.0,0.9986127743190583
2902,1.0,0.9986150164941586
2903,1.0,0.9986172536294097
2904,1.0,0.9986194857361886
2905,1.0,0.9986217128258469
2906,1.0,0.9986239349097107
2907,1.0,0.99862615199908
2908,1.0,0.9986283641052308
2909,1.0,0.9986305712394121
2910,1.0,0.9986327734128486
2911,1.0,0.9986349706367397
2912,1.0,0.9986371629222592
2913,1.0,0.9986393502805562
2914,1.0,0.9986415327227541
2915,1.0,0.9986437102599524
2916,1.0,0.9986458829032242
2917,1.0,0.9986480506636191
2918,1.0,0.9986502135521605
2919,1.0,0.9986523715798481
2920,1.0,0.9986545247576567
2921,1.0,0.9986566730965356
2922,1.0,0.9986588166074103
2923,1.0,0.9986609553011815
2924,1.0,0.9986630891887252
2925,1.0,0.9986652182808929
2926,1.0,0.9986673425885124
2927,1.0,0.9986694621223862
2928,1.0,0.9986715768932928
2929,1.0,0.9986736869119869
2930,1.0,0.9986757921891981
2931,1.0,0.998677892735633
2932,1.0,0.9986799885619734
2933,1.0,0.9986820796788768
2934,1.0,0.9986841660969774
2935,1.0,0.9986862478268854
2936,1.0,0.9986883248791865
2937,1.0,0.9986903972644432
2938,1.0,0.9986924649931939
2939,1.0,0.9986945280759536
2940,1.0,0.9986965865232132
2941,1.0,0.9986986403454406
2942,1.0,0.9987006895530797
2943,1.0,0.9987027341565508
2944,1.0,0.9987047741662511
2945,1.0,0.9987068095925541
2946,1.0,0.9987088404458101
2947,1.0,0.9987108667363466
2948,1.0,0.9987128884744667
2949,1.0,0.9987149056704515
2950,1.0,0.998716918334558
2951,1.0,0.9987189264770209
2952,1.0,0.9987209301080514
2953,1.0,0.9987229292378378
2954,1.0,0.998724923876546
2955,1.0,0.9987269140343178
2956,1.0,0.9987288997212731
2957,1.0,0.9987308809475094
2958,1.0,0.9987328577231
2959,1.0,0.9987348300580975
2960,1.0,0.9987367979625298
2961,1.0,0.9987387614464039
2962,1.0,0.9987407205197033
2963,1.0,0.9987426751923896
2964,1.0,0.9987446254744015
2965,1.0,0.9987465713756554
2966,1.0,0.9987485129060459
2967,1.0,0.9987504500754448
2968,1.0,0.9987523828937018
2969,1.0,0.9987543113706443
2970,1.0,0.998756235516078
2971,1.0,0.9987581553397862
2972,1.0,0.9987600708515302
2973,1.0,0.998761982061049
2974,1.0,0.9987638889780606
2975,1.0,0.9987657916122604
2976,1.0,0.9987676899733219
2977,1.0,0.9987695840708972
2978,1.0,0.9987714739146164
2979,1.0,0.9987733595140883
2980,1.0,0.9987752408788994
2981,1.0,0.9987771180186154
2982,1.0,0.9987789909427797
2983,1.0,0.9987808596609148
2984,1.0,0.9987827241825217
2985,1.0,0.9987845845170795
2986,1.0,0.9987864406740466
2987,1.0,0.9987882926628595
2988,1.0,0.9987901404929341
2989,1.0,0.9987919841736644
2990,1.0,0.9987938237144238
2991,1.0,0.9987956591245644
2992,1.0,0.9987974904134173
2993,1.0,0.9987993175902923
2994,1.0,0.9988011406644788
2995,1.0,0.9988029596452443
2996,1.0,0.9988047745418369
2997,1.0,0.9988065853634821
2998,1.0,0.9988083921193864
2999,1.0,0.9988101948187342
3000,1.0,0.9988119934706899
3001,1.0,0.9988137880843975
3002,1.0,0.9988155786689793
3003,1.0,0.9988173652335378
3004,1.0,0.9988191477871555
3005,1.0,0.9988209263388936
3006,1.0,0.9988227008977929
3007,1.0,0.9988244714728748
3008,1.0,0.9988262380731389
3009,1.0,0.9988280007075659
3010,1.0,0.9988297593851156
3011,1.0,0.9988315141147278
3012,1.0,0.9988332649053219
3013,1.0,0.998835011765797
3014,1.0,0.9988367547050333
3015,1.0,0.9988384937318898
3016,1.0,0.9988402288552061
3017,1.0,0.998841960083802
3018,1.0,0.9988436874264766
3019,1.0,0.9988454108920102
3020,1.0,0.9988471304891628
3021,1.0,0.9988488462266749
3022,1.0,0.9988505581132668
3023,1.0,0.9988522661576399
3024,1.0,0.9988539703684755
3025,1.0,0.9988556707544353
3026,1.0,0.9988573673241617
3027,1.0,0.998859060086278
3028,1.0,0.998860749049387
3029,1.0,0.9988624342220733
3030,1.0,0.998864115612901
3031,1.0,0.998865793230416
3032,1.0,0.9988674670831448
3033,1.0,0.9988691371795934
3034,1.0,0.9988708035282501
3035,1.0,0.9988724661375837
3036,1.0,0.9988741250160434
3037,1.0,0.99887578017206
3038,1.0,0.9988774316140452
3039,1.0,0.9988790793503911
3040,1.0,0.9988807233894719
3041,1.0,0.9988823637396419
3042,1.0,0.9988840004092375
3043,1.0,0.9988856334065757
3044,1.0,0.9988872627399549
3045,1.0,0.9988888884176548
3046,1.0,0.9988905104479368
3047,1.0,0.9988921288390428
3048,1.0,0.9988937435991972
3049,1.0,0.9988953547366053
3050,1.0,0.9988969622594537
3051,1.0,0.9988985661759111
3052,1.0,0.9989001664941272
3053,1.0,0.9989017632222338
3054,1.0,0.9989033563683444
3055,1.0,0.9989049459405537
3056,1.0,0.9989065319469385
3057,1.0,0.9989081143955575
3058,1.0,0.998909693294451
3059,1.0,0.9989112686516416
3060,1.0,0.998912840475133
3061,1.0,0.9989144087729117
3062,1.0,0.9989159735529457
3063,1.0,0.9989175348231853
3064,1.0,0.9989190925915626
3065,1.0,0.9989206468659921
3066,1.0,0.9989221976543706
3067,1.0,0.9989237449645765
3068,1.0,0.9989252888044708
3069,1.0,0.9989268291818968
3070,1.0,0.9989283661046803
3071,1.0,0.9989298995806292
3072,1.0,0.9989314296175335
3073,1.0,0.9989329562231665
3074,1.0,0.9989344794052828
3075,1.0,0.9989359991716209
3076,1.0,0.9989375155299006
3077,1.0,0.9989390284878251
3078,1.0,0.9989405380530799
3079,1.0,0.9989420442333331
3080,1.0,0.9989435470362358
3081,1.0,0.9989450464694218
3082,1.0,0.9989465425405072
3083,1.0,0.9989480352570915
3084,1.0,0.998949524626757
3085,1.0,0.9989510106570685
3086,1.0,0.9989524933555742
3087,1.0,0.9989539727298052
3088,1.0,0.9989554487872754
3089,1.0,0.9989569215354817
3090,1.0,0.9989583909819046
3091,1.0,0.9989598571340071
3092,1.0,0.998961319999236
3093,1.0,0.998962779585021
3094,1.0,0.9989642358987745
3095,1.0,0.9989656889478932
3096,1.0,0.9989671387397562
3097,1.0,0.9989685852817272
3098,1.0,0.9989700285811515
3099,1.0,0.9989714686453594
3100,1.0,0.9989729054816643
3101,1.0,0.9989743390973623
3102,1.0,0.9989757694997339
3103,1.0,0.998977196696043
3104,1.0,0.9989786206935374
3105,1.0,0.9989800414994473
3106,1.0,0.9989814591209882
3107,1.0,0.9989828735653584
3108,1.0,0.9989842848397401
3109,1.0,0.9989856929512997
3110,1.0,0.9989870979071869
3111,1.0,0.9989884997145355
3112,1.0,0.9989898983804631
3113,1.0,0.9989912939120716
3114,1.0,0.9989926863164466
3115,1.0,0.9989940756006573
3116,1.0,0.9989954617717584
3117,1.0,0.9989968448367865
3118,1.0,0.9989982248027648
3119,1.0,0.998999601676698
3120,1.0,0.9990009754655775
3121,1.0,0.9990023461763772
3122,1.0,0.9990037138160562
3123,1.0,0.9990050783915575
3124,1.0,0.9990064399098084
3125,1.0,0.9990077983777208
3126,1.0,0.9990091538021909
3127,1.0,0.9990105061900996
3128,1.0,0.9990118555483114
3129,1.0,0.9990132018836765
3130,1.0,0.999014545203029
3131,1.0,0.9990158855131873
3132,1.0,0.9990172228209554
3133,1.0,0.999018557133121
3134,1.0,0.9990198884564567
3135,1.0,0.99902121679772
3136,1.0,0.9990225421636534
3137,1.0,0.9990238645609835
3138,1.0,0.9990251839964225
3139,1.0,0.9990265004766671
3140,1.0,0.999027814008398
3141,1.0,0.9990291245982829
3142,1.0,0.9990304322529723
3143,1.0,0.9990317369791033
3144,1.0,0.9990330387832969
3145,1.0,0.9990343376721601
3146,1.0,0.9990356336522841
3147,1.0,0.9990369267302458
3148,1.0,0.9990382169126069
3149,1.0,0.9990395042059151
3150,1.0,0.9990407886167022
3151,1.0,0.9990420701514859
3152,1.0,0.9990433488167693
3153,1.0,0.9990446246190403
3154,1.0,0.9990458975647724
3155,1.0,0.9990471676604251
3156,1.0,0.9990484349124424
3157,1.0,0.9990496993272543
3158,1.0,0.9990509609112761
3159,1.0,0.9990522196709086
3160,1.0,0.9990534756125382
3161,1.0,0.999054728742537
3162,1.0,0.9990559790672626
3163,1.0,0.9990572265930583
3164,1.0,0.9990584713262529
3165,1.0,0.9990597132731613
3166,1.0,0.999060952440084
3167,1.0,0.999062188833307
3168,1.0,0.9990634224591023
3169,1.0,0.999064653323728
3170,1.0,0.9990658814334276
3171,1.0,0.9990671067944311
3172,1.0,0.9990683294129539
3173,1.0,0.9990695492951974
3174,1.0,0.9990707664473494
3175,1.0,0.9990719808755835
3176,1.0,0.9990731925860594
3177,1.0,0.9990744015849226
3178,1.0,0.9990756078783053
3179,1.0,0.9990768114723256
3180,1.0,0.9990780123730876
3181,1.0,0.9990792105866819
3182,1.0,0.9990804061191849
3183,1.0,0.9990815989766602
3184,1.0,0.9990827891651566
3185,1.0,0.9990839766907099
3186,1.0,0.9990851615593423
3187,1.0,0.9990863437770625
3188,1.0,0.9990875233498645
3189,1.0,0.9990887002837306
3190,1.0,0.9990898745846284
3191,1.0,0.9990910462585122
3192,1.0,0.9990922153113231
3193,1.0,0.9990933817489882
3194,1.0,0.9990945455774219
3195,1.0,0.9990957068025256
3196,1.0,0.9990968654301859
3197,1.0,0.9990980214662776
3198,1.0,0.9990991749166611
3199,1.0,0.9991003257871847
3200,1.0,0.9991014740836828
3201,1.0,0.9991026198119762
3202,1.0,0.9991037629778738
3203,1.0,0.9991049035871701
3204,1.0,0.9991060416456476
3205,1.0,0.9991071771590752
3206,1.0,0.999108310133208
3207,1.0,0.9991094405737899
3208,1.0,0.9991105684865509
3209,1.0,0.9991116938772071
3210,1.0,0.9991128167514637
3211,1.0,0.9991139371150112
3212,1.0,0.999115054973528
3213,1.0,0.9991161703326801
3214,1.0,0.9991172831981203
3215,1.0,0.999118393575488
3216,1.0,0.9991195014704112
3217,1.0,0.999120606888504
3218,1.0,0.9991217098353686
3219,1.0,0.999122810316594
3220,1.0,0.9991239083377571
3221,1.0,0.9991250039044217
3222,1.0,0.9991260970221395
3223,1.0,0.9991271876964491
3224,1.0,0.9991282759328776
3225,1.0,0.9991293617369381
3226,1.0,0.9991304451141328
3227,1.0,0.9991315260699505
3228,1.0,0.9991326046098679
3229,1.0,0.9991336807393494
3230,1.0,0.999134754463847
3231,1.0,0.9991358257888003
3232,1.0,0.9991368947196367
3233,1.0,0.9991379612617715
3234,1.0,0.9991390254206073
3235,1.0,0.9991400872015349
3236,1.0,0.9991411466099333
3237,1.0,0.9991422036511681
3238,1.0,0.999143258330594
3239,1.0,0.9991443106535535
3240,1.0,0.9991453606253763
3241,1.0,0.9991464082513803
3242,1.0,0.999147453536872
3243,1.0,0.9991484964871454
3244,1.0,0.9991495371074827
3245,1.0,0.9991505754031537
3246,1.0,0.999151611379417
3247,1.0,0.9991526450415191
3248,1.0,0.9991536763946945
3249,1.0,0.9991547054441657
3250,1.0,0.9991557321951441
3251,1.0,0.9991567566528287
3252,1.0,0.9991577788224069
3253,1.0,0.9991587987090541
3254,1.0,0.9991598163179353
3255,1.0,0.9991608316542019
3256,1.0,0.9991618447229952
3257,1.0,0.9991628555294441
3258,1.0,0.9991638640786664
3259,1.0,0.9991648703757676
3260,1.0,0.9991658744258427
3261,1.0,0.9991668762339743
3262,1.0,0.9991678758052341
3263,1.0,0.999168873144682
3264,1.0,0.9991698682573665
3265,1.0,0.999170861148325
3266,1.0,0.999171851822583
3267,1.0,0.9991728402851553
3268,1.0,0.9991738265410449
3269,1.0,0.9991748105952435
3270,1.0,0.9991757924527318
3271,1.0,0.999176772118479
3272,1.0,0.9991777495974433
3273,1.0,0.9991787248945715
3274,1.0,0.9991796980147992
3275,1.0,0.9991806689630512
3276,1.0,0.9991816377442408
3277,1.0,0.9991826043632701
3278,1.0,0.9991835688250307
3279,1.0,0.9991845311344028
3280,1.0,0.9991854912962552
3281,1.0,0.9991864493154466
3282,1.0,0.9991874051968241
3283,1.0,0.9991883589452235
3284,1.0,0.9991893105654704
3285,1.0,0.9991902600623795
3286,1.0,0.9991912074407543
3287,1.0,0.999192152705387
3288,1.0,0.99919309586106
3289,1.0,0.9991940369125442
3290,1.0,0.9991949758645999
3291,1.0,0.9991959127219766
3292,1.0,0.9991968474894132
3293,1.0,0.9991977801716376
3294,1.0,0.9991987107733676
3295,1.0,0.9991996392993097
3296,1.0,0.9992005657541599
3297,1.0,0.9992014901426042
3298,1.0,0.9992024124693171
3299,1.0,0.999203332738963
3300,1.0,0.9992042509561961
3301,1.0,0.9992051671256591
3302,1.0,0.9992060812519855
3303,1.0,0.9992069933397976
3304,1.0,0.9992079033937066
3305,1.0,0.9992088114183147
3306,1.0,0.9992097174182127
3307,1.0,0.9992106213979816
3308,1.0,0.9992115233621915
3309,1.0,0.9992124233154026
3310,1.0,0.9992133212621648
3311,1.0,0.999214217207017
3312,1.0,0.9992151111544892
3313,1.0,0.9992160031090997
3314,1.0,0.9992168930753578
3315,1.0,0.9992177810577617
3316,1.0,0.9992186670608
3317,1.0,0.9992195510889508
3318,1.0,0.9992204331466824
3319,1.0,0.9992213132384528
3320,1.0,0.99922219136871
3321,1.0,0.9992230675418922
3322,1.0,0.999223941762427
3323,1.0,0.9992248140347323
3324,1.0,0.9992256843632159
3325,1.0,0.9992265527522762
3326,1.0,0.9992274192063008
3327,1.0,0.999228283729668
3328,1.0,0.999229146326746
3329,1.0,0.9992300070018932
3330,1.0,0.999230865759458
3331,1.0,0.9992317226037787
3332,1.0,0.9992325775391848
3333,1.0,0.9992334305699953
3334,1.0,0.9992342817005189
3335,1.0,0.9992351309350559
3336,1.0,0.9992359782778958
3337,1.0,0.9992368237333186
3338,1.0,0.999237667305595
3339,1.0,0.9992385089989861
3340,1.0,0.9992393488177428
3341,1.0,0.9992401867661068
3342,1.0,0.9992410228483101
3343,1.0,0.999241857068575
3344,1.0,0.9992426894311145
3345,1.0,0.999243519940132
3346,1.0,0.9992443485998218
3347,1.0,0.9992451754143677
3348,1.0,0.999246000387945
3349,1.0,0.9992468235247192
3350,1.0,0.9992476448288461
3351,1.0,0.9992484643044728
3352,1.0,0.9992492819557363
3353,1.0,0.9992500977867651
3354,1.0,0.9992509118016771
3355,1.0,0.9992517240045824
3356,1.0,0.9992525343995807
3357,1.0,0.999253342990763
3358,1.0,0.9992541497822104
3359,1.0,0.9992549547779955
3360,1.0,0.9992557579821815
3361,1.0,0.9992565593988225
3362,1.0,0.9992573590319627
3363,1.0,0.9992581568856383
3364,1.0,0.9992589529638755
3365,1.0,0.9992597472706918
3366,1.0,0.9992605398100955
3367,1.0,0.999261330586086
3368,1.0,0.9992621196026533
3369,1.0,0.9992629068637788
3370,1.0,0.9992636923734346
3371,1.0,0.9992644761355839
3372,1.0,0.9992652581541811
3373,1.0,0.9992660384331716
3374,1.0,0.9992668169764914
3375,1.0,0.9992675937880685
3376,1.0,0.9992683688718216
3377,1.0,0.99926914223166
3378,1.0,0.9992699138714847
3379,1.0,0.9992706837951881
3380,1.0,0.9992714520066535
3381,1.0,0.9992722185097552
3382,1.0,0.9992729833083592
3383,1.0,0.9992737464063229
3384,1.0,0.9992745078074938
3385,1.0,0.9992752675157122
3386,1.0,0.9992760255348088
3387,1.0,0.9992767818686059
3388,1.0,0.9992775365209172
3389,1.0,0.9992782894955476
3390,1.0,0.9992790407962938
3391,1.0,0.9992797904269434
3392,1.0,0.9992805383912757
3393,1.0,0.9992812846930617
3394,1.0,0.9992820293360634
3395,1.0,0.9992827723240343
3396,1.0,0.99928351366072
3397,1.0,0.9992842533498572
3398,1.0,0.999284991395174
3399,1.0,0.9992857278003905
3400,1.0,0.9992864625692179
3401,1.0,0.9992871957053597
3402,1.0,0.9992879272125101
3403,1.0,0.9992886570943559
3404,1.0,0.9992893853545749
3405,1.0,0.9992901119968368
3406,1.0,0.999290837024803
3407,1.0,0.9992915604421269
3408,1.0,0.9992922822524529
3409,1.0,0.9992930024594178
3410,1.0,0.9992937210666505
3411,1.0,0.9992944380777704
3412,1.0,0.9992951534963901
3413,1.0,0.9992958673261132
3414,1.0,0.9992965795705354
3415,1.0,0.9992972902332443
3416,1.0,0.9992979993178195
3417,1.0,0.9992987068278323
3418,1.0,0.9992994127668461
3419,1.0,0.9993001171384158
3420,1.0,0.9993008199460887
3421,1.0,0.9993015211934043
3422,1.0,0.9993022208838934
3423,1.0,0.9993029190210794
3424,1.0,0.9993036156084775
3425,1.0,0.9993043106495949
3426,1.0,0.9993050041479312
3427,1.0,0.9993056961069774
3428,1.0,0.9993063865302173
3429,1.0,0.9993070754211265
3430,1.0,0.999307762783173
3431,1.0,0.9993084486198165
3432,1.0,0.9993091329345095
3433,1.0,0.9993098157306958
3434,1.0,0.9993104970118124
3435,1.0,0.9993111767812879
3436,1.0,0.9993118550425433
3437,1.0,0.9993125317989917
3438,1.0,0.999313207054039
3439,1.0,0.999313880811083
3440,1.0,0.9993145530735138
3441,1.0,0.9993152238447139
3442,1.0,0.9993158931280585
3443,1.0,0.9993165609269142
3444,1.0,0.999317227244641
3445,1.0,0.9993178920845911
3446,1.0,0.9993185554501085
3447,1.0,0.9993192173445303
3448,1.0,0.9993198777711861
3449,1.0,0.9993205367333974
3450,1.0,0.9993211942344784
3451,1.0,0.9993218502777362
3452,1.0,0.9993225048664699
3453,1.0,0.9993231580039714
3454,1.0,0.9993238096935253
3455,1.0,0.9993244599384082
3456,1.0,0.9993251087418902
3457,1.0,0.9993257561072328
3458,1.0,0.9993264020376916
3459,1.0,0.9993270465365134
3460,1.0,0.9993276896069387
3461,1.0,0.9993283312521999
3462,1.0,0.999328971475523
3463,1.0,0.9993296102801256
3464,1.0,0.9993302476692189
3465,1.0,0.9993308836460065
3466,1.0,0.9993315182136847
3467,1.0,0.9993321513754427
3468,1.0,0.9993327831344626
3469,1.0,0.999333413493919
3470,1.0,0.9993340424569793
3471,1.0,0.9993346700268041
3472,1.0,0.9993352962065464
3473,1.0,0.9993359209993528
3474,1.0,0.999336544408362
3475,1.0,0.9993371664367058
3476,1.0,0.9993377870875092
3477,1.0,0.9993384063638899
3478,1.0,0.9993390242689588
3479,1.0,0.999339640805819
3480,1.0,0.999340255977568
3481,1.0,0.9993408697872949
3482,1.0,0.9993414822380823
3483,1.0,0.9993420933330058
3484,1.0,0.9993427030751347
3485,1.0,0.9993433114675305
3486,1.0,0.9993439185132479
3487,1.0,0.9993445242153346
3488,1.0,0.9993451285768324
3489,1.0,0.999345731600775
3490,1.0,0.9993463332901896
3491,1.0,0.9993469336480971
3492,1.0,0.999347532677511
3493,1.0,0.999348130381438
3494,1.0,0.999348726762878
3495,1.0,0.9993493218248244
3496,1.0,0.9993499155702639
3497,1.0,0.9993505080021755
3498,1.0,0.999351099123533
3499,1.0,0.9993516889373022
3500,1.0,0.9993522774464427
3501,1.0,0.9993528646539073
3502,1.0,0.9993534505626421
3503,1.0,0.9993540351755869
3504,1.0,0.9993546184956745
3505,1.0,0.9993552005258307
3506,1.0,0.9993557812689754
3507,1.0,0.9993563607280215
3508,1.0,0.9993569389058756
3509,1.0,0.9993575158054372
3510,1.0,0.9993580914296
3511,1.0,0.9993586657812502
3512,1.0,0.9993592388632684
3513,1.0,0.9993598106785281
3514,1.0,0.9993603812298967
3515,1.0,0.9993609505202343
3516,1.0,0.9993615185523957
3517,1.0,0.9993620853292287
3518,1.0,0.9993626508535741
3519,1.0,0.9993632151282673
3520,1.0,0.9993637781561366
3521,1.0,0.9993643399400038
3522,1.0,0.9993649004826852
3523,1.0,0.9993654597869895
3524,1.0,0.9993660178557203
3525,1.0,0.9993665746916736
3526,1.0,0.9993671302976399
3527,1.0,0.9993676846764035
3528,1.0,0.9993682378307418
3529,1.0,0.9993687897634264
3530,1.0,0.9993693404772224
3531,1.0,0.9993698899748883
3532,1.0,0.9993704382591772
3533,1.0,0.9993709853328355
3534,1.0,0.9993715311986031
3535,1.0,0.9993720758592143
3536,1.0,0.9993726193173968
3537,1.0,0.9993731615758722
3538,1.0,0.9993737026373561
3539,1.0,0.9993742425045578
3540,1.0,0.9993747811801804
3541,1.0,0.9993753186669212
3542,1.0,0.9993758549674712
3543,1.0,0.9993763900845151
3544,1.0,0.9993769240207319
3545,1.0,0.9993774567787942
3546,1.0,0.9993779883613692
3547,1.0,0.9993785187711169
3548,1.0,0.9993790480106926
3549,1.0,0.9993795760827447
3550,1.0,0.9993801029899158
3551,1.0,0.9993806287348427
3552,1.0,0.9993811533201561
3553,1.0,0.9993816767484809
3554,1.0,0.9993821990224359
3555,1.0,0.9993827201446338
3556,1.0,0.999383240117682
3557,1.0,0.9993837589441812
3558,1.0,0.9993842766267268
3559,1.0,0.9993847931679083
3560,1.0,0.9993853085703089
3561,1.0,0.9993858228365067
3562,1.0,0.9993863359690729
3563,1.0,0.9993868479705741
3564,1.0,0.9993873588435699
3565,1.0,0.9993878685906153
3566,1.0,0.9993883772142587
3567,1.0,0.9993888847170426
3568,1.0,0.9993893911015045
3569,1.0,0.9993898963701756
3570,1.0,0.9993904005255816
3571,1.0,0.9993909035702424
3572,1.0,0.9993914055066723
3573,1.0,0.9993919063373796
3574,1.0,0.9993924060648673
3575,1.0,0.9993929046916326
3576,1.0,0.9993934022201669
3577,1.0,0.9993938986529562
3578,1.0,0.999394393992481
3579,1.0,0.9993948882412156
3580,1.0,0.9993953814016291
3581,1.0,0.9993958734761853
3582,1.0,0.9993963644673418
3583,1.0,0.9993968543775509
3584,1.0,0.9993973432092594
3585,1.0,0.9993978309649089
3586,1.0,0.9993983176469348
3587,1.0,0.9993988032577673
3588,1.0,0.9993992877998314
3589,1.0,0.9993997712755462
3590,1.0,0.9994002536873253
3591,1.0,0.9994007350375772
3592,1.0,0.9994012153287046
3593,1.0,0.9994016945631049
3594,1.0,0.9994021727431703
3595,1.0,0.9994026498712872
3596,1.0,0.9994031259498367
3597,1.0,0.9994036009811947
3598,1.0,0.9994040749677316
3599,1.0,0.9994045479118127
3600,1.0,0.9994050198157972
3601,1.0,0.9994054906820397
3602,1.0,0.9994059605128893
3603,1.0,0.9994064293106893
3604,1.0,0.9994068970777789
3605,1.0,0.9994073638164904
3606,1.0,0.9994078295291521
3607,1.0,0.9994082942180864
3608,1.0,0.9994087578856106
3609,1.0,0.9994092205340369
3610,1.0,0.9994096821656719
3611,1.0,0.9994101427828175
3612,1.0,0.9994106023877698
3613,1.0,0.9994110609828203
3614,1.0,0.999411518570255
3615,1.0,0.9994119751523545
3616,1.0,0.9994124307313945
3617,1.0,0.9994128853096458
3618,1.0,0.9994133388893736
3619,1.0,0.9994137914728383
3620,1.0,0.9994142430622951
3621,1.0,0.9994146936599938
3622,1.0,0.9994151432681796
3623,1.0,0.9994155918890922
3624,1.0,0.9994160395249666
3625,1.0,0.9994164861780326
3626,1.0,0.9994169318505146
3627,1.0,0.9994173765446326
3628,1.0,0.999417820262601
3629,1.0,0.9994182630066294
3630,1.0,0.9994187047789227
3631,1.0,0.9994191455816805
3632,1.0,0.9994195854170973
3633,1.0,0.999420024287363
3634,1.0,0.9994204621946623
3635,1.0,0.9994208991411747
3636,1.0,0.9994213351290754
3637,1.0,0.9994217701605345
3638,1.0,0.9994222042377165
3639,1.0,0.9994226373627824
3640,1.0,0.9994230695378863
3641,1.0,0.9994235007651794
3642,1.0,0.999423931046807
3643,1.0,0.9994243603849097
3644,1.0,0.9994247887816233
3645,1.0,0.9994252162390789
3646,1.0,0.9994256427594024
3647,1.0,0.9994260683447154
3648,1.0,0.9994264929971343
3649,1.0,0.9994269167187708
3650,1.0,0.9994273395117319
3651,1.0,0.9994277613781198
3652,1.0,0.9994281823200322
3653,1.0,0.9994286023395612
3654,1.0,0.9994290214387952
3655,1.0,0.9994294396198173
3656,1.0,0.9994298568847062
3657,1.0,0.9994302732355355
3658,1.0,0.9994306886743743
3659,1.0,0.9994311032032871
3660,1.0,0.9994315168243337
3661,1.0,0.9994319295395689
3662,1.0,0.9994323413510435
3663,1.0,0.9994327522608034
3664,1.0,0.9994331622708895
3665,1.0,0.9994335713833384
3666,1.0,0.999433979600182
3667,1.0,0.9994343869234479
3668,1.0,0.9994347933551585
3669,1.0,0.9994351988973322
3670,1.0,0.9994356035519826
3671,1.0,0.9994360073211187
3672,1.0,0.9994364102067449
3673,1.0,0.9994368122108614
3674,1.0,0.9994372133354635
3675,1.0,0.9994376135825425
3676,1.0,0.999438012954084
3677,1.0,0.9994384114520704
3678,1.0,0.9994388090784795
3679,1.0,0.9994392058352836
3680,1.0,0.9994396017244516
3681,1.0,0.9994399967479474
3682,1.0,0.9994403909077308
3683,1.0,0.9994407842057564
3684,1.0,0.9994411766439758
3685,1.0,0.9994415682243345
3686,1.0,0.999441958948775
3687,1.0,0.9994423488192342
3688,1.0,0.9994427378376458
3689,1.0,0.9994431260059382
3690,1.0,0.999443513326036
3691,1.0,0.9994438997998594
3692,1.0,0.9994442854293236
3693,1.0,0.9994446702163401
3694,1.0,0.9994450541628163
3695,1.0,0.9994454372706545
3696,1.0,0.9994458195417533
3697,1.0,0.9994462009780066
3698,1.0,0.9994465815813044
3699,1.0,0.9994469613535324
3700,1.0,0.9994473402965712
3701,1.0,0.9994477184122984
3702,1.0,0.9994480957025869
3703,1.0,0.9994484721693048
3704,1.0,0.9994488478143163
3705,1.0,0.9994492226394819
3706,1.0,0.9994495966466576
3707,1.0,0.9994499698376942
3708,1.0,0.9994503422144401
3709,1.0,0.9994507137787381
3710,1.0,0.9994510845324269
3711,1.0,0.9994514544773426
3712,1.0,0.9994518236153149
3713,1.0,0.9994521919481711
3714,1.0,0.9994525594777337
3715,1.0,0.9994529262058207
3716,1.0,0.9994532921342466
3717,1.0,0.9994536572648216
3718,1.0,0.9994540215993517
3719,1.0,0.999454385139639
3720,1.0,0.9994547478874812
3721,1.0,0.9994551098446722
3722,1.0,0.9994554710130021
3723,1.0,0.9994558313942561
3724,1.0,0.9994561909902162
3725,1.0,0.9994565498026602
3726,1.0,0.9994569078333609
3727,1.0,0.9994572650840889
3728,1.0,0.9994576215566093
3729,1.0,0.9994579772526839
3730,1.0,0.9994583321740701
3731,1.0,0.9994586863225217
3732,1.0,0.999459039699788
3733,1.0,0.9994593923076156
3734,1.0,0.9994597441477453
3735,1.0,0.9994600952219154
3736,1.0,0.9994604455318595
3737,1.0,0.9994607950793075
3738,1.0,0.9994611438659861
3739,1.0,0.9994614918936167
3740,1.0,0.9994618391639178
3741,1.0,0.9994621856786039
3742,1.0,0.9994625314393852
3743,1.0,0.9994628764479682
3744,1.0,0.9994632207060561
3745,1.0,0.9994635642153473
3746,1.0,0.999463906977537
3747,1.0,0.9994642489943162
3748,1.0,0.9994645902673724
3749,1.0,0.9994649307983894
3750,1.0,0.9994652705890466
3751,1.0,0.9994656096410197
3752,1.0,0.9994659479559813
3753,1.0,0.9994662855355997
3754,1.0,0.9994666223815392
3755,1.0,0.9994669584954606
3756,1.0,0.999467293879021
3757,1.0,0.9994676285338739
3758,1.0,0.9994679624616686
3759,1.0,0.999468295664051
3760,1.0,0.9994686281426631
3761,1.0,0.9994689598991434
3762,1.0,0.9994692909351264
3763,1.0,0.9994696212522429
3764,1.0,0.9994699508521208
3765,1.0,0.9994702797363829
3766,1.0,0.9994706079066498
3767,1.0,0.9994709353645368
3768,1.0,0.9994712621116575
3769,1.0,0.9994715881496203
3770,1.0,0.9994719134800303
3771,1.0,0.9994722381044897
3772,1.0,0.9994725620245961
3773,1.0,0.999472885241944
3774,1.0,0.999473207758124
3775,1.0,0.9994735295747237
3776,1.0,0.9994738506933265
3777,1.0,0.9994741711155123
3778,1.0,0.9994744908428577
3779,1.0,0.9994748098769354
3780,1.0,0.9994751282193146
3781,1.0,0.9994754458715615
3782,1.0,0.9994757628352381
3783,1.0,0.9994760791119026
3784,1.0,0.9994763947031108
3785,1.0,0.9994767096104139
3786,1.0,0.9994770238353605
3787,1.0,0.9994773373794944
3788,1.0,0.9994776502443575
3789,1.0,0.9994779624314869
3790,1.0,0.9994782739424168
3791,1.0,0.999478584778678
3792,1.0,0.9994788949417978
3793,1.0,0.9994792044332996
3794,1.0,0.9994795132547042
3795,1.0,0.9994798214075277
3796,1.0,0.9994801288932841
3797,1.0,0.999480435713483
3798,1.0,0.9994807418696313
3799,1.0,0.999481047363232
3800,1.0,0.9994813521957846
3801,1.0,0.999481656368786
3802,1.0,0.9994819598837288
3803,1.0,0.9994822627421025
3804,1.0,0.9994825649453934
3805,1.0,0.9994828664950846
3806,1.0,0.9994831673926552
3807,1.0,0.9994834676395815
3808,1.0,0.9994837672373363
3809,1.0,0.9994840661873894
3810,1.0,0.9994843644912061
3811,1.0,0.99948466215025
3812,1.0,0.9994849591659801
3813,1.0,0.9994852555398529
3814,1.0,0.9994855512733212
3815,1.0,0.9994858463678346
3816,1.0,0.9994861408248394
3817,1.0,0.9994864346457787
3818,1.0,0.9994867278320924
3819,1.0,0.9994870203852166
3820,1.0,0.9994873123065852
3821,1.0,0.9994876035976278
3822,1.0,0.9994878942597709
3823,1.0,0.9994881842944386
3824,1.0,0.9994884737030514
3825,1.0,0.9994887624870259
3826,1.0,0.9994890506477762
3827,1.0,0.9994893381867128
3828,1.0,0.9994896251052434
3829,1.0,0.9994899114047724
3830,1.0,0.999490197086701
3831,1.0,0.999490482152427
3832,1.0,0.9994907666033452
3833,1.0,0.9994910504408473
3834,1.0,0.9994913336663218
3835,1.0,0.999491616281154
3836,1.0,0.9994918982867262
3837,1.0,0.9994921796844175
3838,1.0,0.9994924604756038
3839,1.0,0.999492740661658
3840,1.0,0.9994930202439497
3841,1.0,0.9994932992238457
3842,1.0,0.9994935776027095
3843,1.0,0.9994938553819016
3844,1.0,0.9994941325627791
3845,1.0,0.9994944091466965
3846,1.0,0.9994946851350053
3847,1.0,0.9994949605290533
3848,1.0,0.9994952353301857
3849,1.0,0.9994955095397444
3850,1.0,0.9994957831590691
3851,1.0,0.9994960561894951
3852,1.0,0.9994963286323556
3853,1.0,0.9994966004889807
3854,1.0,0.9994968717606973
3855,1.0,0.9994971424488291
3856,1.0,0.9994974125546975
3857,1.0,0.9994976820796199
3858,1.0,0.9994979510249117
3859,1.0,0.9994982193918845
3860,1.0,0.9994984871818479
3861,1.0,0.9994987543961074
3862,1.0,0.9994990210359664
3863,1.0,0.9994992871027252
3864,1.0,0.9994995525976802
3865,1.0,0.9994998175221266
3866,1.0,0.9995000818773556
3867,1.0,0.9995003456646551
3868,1.0,0.9995006088853108
3869,1.0,0.9995008715406055
3870,1.0,0.9995011336318186
3871,1.0,0.9995013951602274
3872,1.0,0.9995016561271051
3873,1.0,0.999501916533723
3874,1.0,0.9995021763813492
3875,1.0,0.999502435671249
3876,1.0,0.999502694404685
3877,1.0,0.9995029525829162
3878,1.0,0.9995032102071997
3879,1.0,0.9995034672787892
3880,1.0,0.9995037237989359
3881,1.0,0.9995039797688877
3882,1.0,0.9995042351898897
3883,1.0,0.999504490063185
3884,1.0,0.999504744390013
3885,1.0,0.9995049981716105
3886,1.0,0.9995052514092119
3887,1.0,0.9995055041040479
3888,1.0,0.9995057562573477
3889,1.0,0.9995060078703367
3890,1.0,0.9995062589442375
3891,1.0,0.999506509480271
3892,1.0,0.9995067594796543
3893,1.0,0.9995070089436019
3894,1.0,0.9995072578733257
3895,1.0,0.9995075062700352
3896,1.0,0.9995077541349366
3897,1.0,0.9995080014692335
3898,1.0,0.999508248274127
3899,1.0,0.9995084945508154
3900,1.0,0.9995087403004942
3901,1.0,0.9995089855243561
3902,1.0,0.9995092302235911
3903,1.0,0.9995094743993871
3904,1.0,0.9995097180529283
3905,1.0,0.9995099611853974
3906,1.0,0.9995102037979731
3907,1.0,0.9995104458918327
3908,1.0,0.9995106874681497
3909,1.0,0.9995109285280961
3910,1.0,0.9995111690728399
3911,1.0,0.9995114091035477
3912,1.0,0.9995116486213829
3913,1.0,0.999511887627506
3914,1.0,0.9995121261230756
3915,1.0,0.999512364109247
3916,1.0,0.9995126015871734
3917,1.0,0.9995128385580049
3918,1.0,0.9995130750228889
3919,1.0,0.9995133109829711
3920,1.0,0.9995135464393938
3921,1.0,0.9995137813932972
3922,1.0,0.999514015845818
3923,1.0,0.9995142497980917
3924,1.0,0.99951448325125
3925,1.0,0.999514716206423
3926,1.0,0.9995149486647374
3927,1.0,0.999515180627318
3928,1.0,0.9995154120952868
3929,1.0,0.999515643069763
3930,1.0,0.9995158735518638
3931,1.0,0.9995161035427034
3932,1.0,0.9995163330433935
3933,1.0,0.9995165620550441
3934,1.0,0.9995167905787613
3935,1.0,0.99951701861565
3936,1.0,0.9995172461668115
3937,1.0,0.9995174732333456
3938,1.0,0.9995176998163487
3939,1.0,0.9995179259169156
3940,1.0,0.999518151536138
3941,1.0,0.999518376675105
3942,1.0,0.9995186013349041
3943,1.0,0.9995188255166194
3944,1.0,0.9995190492213331
3945,1.0,0.9995192724501243
3946,1.0,0.9995194952040709
3947,1.0,0.9995197174842472
3948,1.0,0.9995199392917249
3949,1.0,0.999520160627575
3950,1.0,0.999520381492864
3951,1.0,0.9995206018886572
3952,1.0,0.999520821816017
3953,1.0,0.9995210412760036
3954,1.0,0.9995212602696749
3955,1.0,0.9995214787980863
3956,1.0,0.9995216968622906
3957,1.0,0.9995219144633385
3958,1.0,0.9995221316022781
3959,1.0,0.9995223482801555
3960,1.0,0.9995225644980136
3961,1.0,0.9995227802568944
3962,1.0,0.9995229955578359
3963,1.0,0.9995232104018745
3964,1.0,0.9995234247900447
3965,1.0,0.9995236387233781
3966,1.0,0.9995238522029037
3967,1.0,0.9995240652296488
3968,1.0,0.9995242778046382
3969,1.0,0.9995244899288941
3970,1.0,0.9995247016034366
3971,1.0,0.9995249128292838
3972,1.0,0.9995251236074507
3973,1.0,0.9995253339389506
3974,1.0,0.9995255438247945
3975,1.0,0.9995257532659908
3976,1.0,0.9995259622635461
3977,1.0,0.9995261708184637
3978,1.0,0.9995263789317462
3979,1.0,0.9995265866043925
3980,1.0,0.9995267938374
3981,1.0,0.9995270006317637
3982,1.0,0.9995272069884763
3983,1.0,0.9995274129085281
3984,1.0,0.9995276183929072
3985,1.0,0.9995278234425998
3986,1.0,0.9995280280585896
3987,1.0,0.999528232241858
3988,1.0,0.9995284359933845
3989,1.0,0.9995286393141458
3990,1.0,0.9995288422051171
3991,1.0,0.9995290446672708
3992,1.0,0.9995292467015772
3993,1.0,0.999529448309005
3994,1.0,0.9995296494905199
3995,1.0,0.999529850247086
3996,1.0,0.9995300505796645
3997,1.0,0.9995302504892154
3998,1.0,0.9995304499766959
3999,1.0,0.9995306490430609
4000,1.0,0.9995308476892637
4001,1.0,0.9995310459162549
4002,1.0,0.9995312437249834
4003,1.0,0.9995314411163955
4004,1.0,0.9995316380914356
4005,1.0,0.9995318346510462
4006,1.0,0.9995320307961674
4007,1.0,0.9995322265277369
4008,1.0,0.9995324218466906
4009,1.0,0.999532616753962
4010,1.0,0.9995328112504835
4011,1.0,0.999533005337184
4012,1.0,0.999533199014991
4013,1.0,0.9995333922848301
4014,1.0,0.9995335851476241
4015,1.0,0.9995337776042942
4016,1.0,0.9995339696557597
4017,1.0,0.9995341613029373
4018,1.0,0.9995343525467419
4019,1.0,0.9995345433880867
4020,1.0,0.9995347338278815
4021,1.0,0.9995349238670359
4022,1.0,0.9995351135064562
4023,1.0,0.9995353027470468
4024,1.0,0.9995354915897104
4025,1.0,0.9995356800353472
4026,1.0,0.9995358680848562
4027,1.0,0.999536055739133
4028,1.0,0.9995362429990727
4029,1.0,0.9995364298655671
4030,1.0,0.9995366163395066
4031,1.0,0.9995368024217801
4032,1.0,0.9995369881132731
4033,1.0,0.9995371734148701
4034,1.0,0.9995373583274535
4035,1.0,0.9995375428519038
4036,1.0,0.9995377269890987
4037,1.0,0.9995379107399149
4038,1.0,0.9995380941052265
4039,1.0,0.9995382770859063
4040,1.0,0.9995384596828241
4041,1.0,0.999538641896848
4042,1.0,0.9995388237288453
4043,1.0,0.9995390051796802
4044,1.0,0.9995391862502147
4045,1.0,0.9995393669413097
4046,1.0,0.9995395472538239
4047,1.0,0.9995397271886137
4048,1.0,0.9995399067465339
4049,1.0,0.9995400859284373
4050,1.0,0.9995402647351745
4051,1.0,0.9995404431675948
4052,1.0,0.9995406212265449
4053,1.0,0.9995407989128701
4054,1.0,0.9995409762274131
4055,1.0,0.9995411531710157
4056,1.0,0.9995413297445169
4057,1.0,0.9995415059487541
4058,1.0,0.999541681784563
4059,1.0,0.9995418572527774
4060,1.0,0.9995420323542287
4061,1.0,0.999542207089747
4062,1.0,0.9995423814601602
4063,1.0,0.9995425554662942
4064,1.0,0.9995427291089738
4065,1.0,0.9995429023890211
4066,1.0,0.9995430753072562
4067,1.0,0.9995432478644984
4068,1.0,0.9995434200615642
4069,1.0,0.9995435918992687
4070,1.0,0.9995437633784249
4071,1.0,0.9995439344998439
4072,1.0,0.9995441052643355
4073,1.0,0.9995442756727068
4074,1.0,0.9995444457257642
4075,1.0,0.9995446154243108
4076,1.0,0.9995447847691498
4077,1.0,0.9995449537610805
4078,1.0,0.999545122400902
4079,1.0,0.9995452906894104
4080,1.0,0.9995454586274014
4081,1.0,0.9995456262156673
4082,1.0,0.9995457934549998
4083,1.0,0.9995459603461887
4084,1.0,0.9995461268900206
4085,1.0,0.9995462930872827
4086,1.0,0.999546458938758
4087,1.0,0.9995466244452297
4088,1.0,0.9995467896074781
4089,1.0,0.9995469544262817
4090,1.0,0.9995471189024181
4091,1.0,0.9995472830366622
4092,1.0,0.9995474468297877
4093,1.0,0.9995476102825662
4094,1.0,0.999547773395768
4095,1.0,0.9995479361701611
4096,1.0,0.9995480986065124
4097,1.0,0.9995482607055862
4098,1.0,0.9995484224681463
4099,1.0,0.9995485838949534
4100,1.0,0.9995487449867675
4101,1.0,0.9995489057443463
4102,1.0,0.999549066168446
4103,1.0,0.9995492262598212
4104,1.0,0.9995493860192246
4105,1.0,0.9995495454474073
4106,1.0,0.9995497045451186
4107,1.0,0.9995498633131065
4108,1.0,0.999550021752116
4109,1.0,0.9995501798628926
4110,1.0,0.9995503376461781
4111,1.0,0.9995504951027137
4112,1.0,0.9995506522332384
4113,1.0,0.9995508090384901
4114,1.0,0.9995509655192046
4115,1.0,0.9995511216761158
4116,1.0,0.9995512775099566
4117,1.0,0.9995514330214578
4118,1.0,0.9995515882113484
4119,1.0,0.9995517430803565
4120,1.0,0.9995518976292076
4121,1.0,0.9995520518586264
4122,1.0,0.9995522057693351
4123,1.0,0.9995523593620548
4124,1.0,0.9995525126375052
4125,1.0,0.9995526655964039
4126,1.0,0.9995528182394666
4127,1.0,0.9995529705674088
4128,1.0,0.9995531225809423
4129,1.0,0.999553274280779
4130,1.0,0.9995534256676284
4131,1.0,0.9995535767421986
4132,1.0,0.9995537275051962
4133,1.0,0.9995538779573255
4134,1.0,0.9995540280992905
4135,1.0,0.9995541779317921
4136,1.0,0.9995543274555311
4137,1.0,0.9995544766712054
4138,1.0,0.9995546255795122
4139,1.0,0.9995547741811468
4140,1.0,0.9995549224768029
4141,1.0,0.9995550704671726
4142,1.0,0.9995552181529468
4143,1.0,0.999555365534814
4144,1.0,0.9995555126134625
4145,1.0,0.9995556593895772
4146,1.0,0.9995558058638433
4147,1.0,0.9995559520369433
4148,1.0,0.9995560979095587
4149,1.0,0.9995562434823687
4150,1.0,0.9995563887560518
4151,1.0,0.9995565337312851
4152,1.0,0.9995566784087431
4153,1.0,0.9995568227890995
4154,1.0,0.9995569668730263
4155,1.0,0.9995571106611946
4156,1.0,0.9995572541542727
4157,1.0,0.9995573973529286
4158,1.0,0.9995575402578281
4159,1.0,0.9995576828696358
4160,1.0,0.9995578251890144
4161,1.0,0.9995579672166256
4162,1.0,0.9995581089531296
4163,1.0,0.9995582503991843
4164,1.0,0.9995583915554472
4165,1.0,0.9995585324225739
4166,1.0,0.9995586730012179
4167,1.0,0.9995588132920321
4168,1.0,0.9995589532956674
4169,1.0,0.9995590930127733
4170,1.0,0.9995592324439984
4171,1.0,0.999559371589989
4172,1.0,0.9995595104513899
4173,1.0,0.9995596490288455
4174,1.0,0.9995597873229977
4175,1.0,0.9995599253344875
4176,1.0,0.999560063063954
4177,1.0,0.9995602005120354
4178,1.0,0.9995603376793678
4179,1.0,0.9995604745665866
4180,1.0,0.9995606111743252
4181,1.0,0.9995607475032156
4182,1.0,0.9995608835538886
4183,1.0,0.9995610193269737
4184,1.0,0.9995611548230986
4185,1.0,0.9995612900428897
4186,1.0,0.999561424986972
4187,1.0,0.9995615596559693
4188,1.0,0.9995616940505035
4189,1.0,0.9995618281711955
4190,1.0,0.9995619620186649
4191,1.0,0.9995620955935294
4192,1.0,0.9995622288964056
4193,1.0,0.9995623619279083
4194,1.0,0.9995624946886521
4195,1.0,0.9995626271792489
4196,1.0,0.9995627594003097
4197,1.0,0.9995628913524444
4198,1.0,0.9995630230362608
4199,1.0,0.9995631544523659
4200,1.0,0.9995632856013653
4201,1.0,0.9995634164838632
4202,1.0,0.999563547100462
4203,1.0,0.9995636774517633
4204,1.0,0.999563807538367
4205,1.0,0.9995639373608722
4206,1.0,0.9995640669198755
4207,1.0,0.9995641962159733
4208,1.0,0.9995643252497601
4209,1.0,0.999564454021829
4210,1.0,0.9995645825327724
4211,1.0,0.9995647107831802
4212,1.0,0.9995648387736419
4213,1.0,0.9995649665047454
4214,1.0,0.9995650939770774
4215,1.0,0.9995652211912229
4216,1.0,0.9995653481477659
4217,1.0,0.999565474847289
4218,1.0,0.9995656012903733
4219,1.0,0.9995657274775992
4220,1.0,0.9995658534095448
4221,1.0,0.9995659790867875
4222,1.0,0.9995661045099035
4223,1.0,0.9995662296794674
4224,1.0,0.9995663545960529
4225,1.0,0.9995664792602315
4226,1.0,0.9995666036725745
4227,1.0,0.9995667278336512
4228,1.0,0.9995668517440299
4229,1.0,0.9995669754042776
4230,1.0,0.9995670988149601
4231,1.0,0.9995672219766412
4232,1.0,0.9995673448898843
4233,1.0,0.9995674675552516
4234,1.0,0.9995675899733032
4235,1.0,0.999567712144598
4236,1.0,0.999567834069695
4237,1.0,0.9995679557491501
4238,1.0,0.9995680771835195
4239,1.0,0.9995681983733568
4240,1.0,0.9995683193192151
4241,1.0,0.9995684400216464
4242,1.0,0.9995685604812008
4243,1.0,0.9995686806984277
4244,1.0,0.9995688006738751
4245,1.0,0.9995689204080899
4246,1.0,0.9995690399016172
4247,1.0,0.9995691591550012
4248,1.0,0.9995692781687854
4249,1.0,0.9995693969435114
4250,1.0,0.9995695154797197
4251,1.0,0.9995696337779495
4252,1.0,0.9995697518387393
4253,1.0,0.9995698696626256
4254,1.0,0.9995699872501443
4255,1.0,0.9995701046018297
4256,1.0,0.9995702217182155
4257,1.0,0.9995703385998332
4258,1.0,0.9995704552472142
4259,1.0,0.9995705716608875
4260,1.0,0.9995706878413819
4261,1.0,0.9995708037892248
4262,1.0,0.9995709195049418
4263,1.0,0.9995710349890581
4264,1.0,0.9995711502420974
4265,1.0,0.9995712652645818
4266,1.0,0.9995713800570332
4267,1.0,0.9995714946199714
4268,1.0,0.9995716089539153
4269,1.0,0.9995717230593825
4270,1.0,0.9995718369368899
4271,1.0,0.9995719505869528
4272,1.0,0.9995720640100855
4273,1.0,0.9995721772068008
4274,1.0,0.9995722901776113
4275,1.0,0.9995724029230271
4276,1.0,0.999572515443558
4277,1.0,0.9995726277397124
4278,1.0,0.9995727398119979
4279,1.0,0.9995728516609202
4280,1.0,0.9995729632869849
4281,1.0,0.9995730746906953
4282,1.0,0.9995731858725543
4283,1.0,0.9995732968330636
4284,1.0,0.9995734075727237
4285,1.0,0.9995735180920335
4286,1.0,0.9995736283914917
4287,1.0,0.999573738471595
4288,1.0,0.9995738483328392
4289,1.0,0.9995739579757197
4290,1.0,0.9995740674007295
4291,1.0,0.9995741766083616
4292,1.0,0.9995742855991073
4293,1.0,0.9995743943734569
4294,1.0,0.9995745029318996
4295,1.0,0.9995746112749238
4296,1.0,0.9995747194030158
4297,1.0,0.9995748273166624
4298,1.0,0.9995749350163478
4299,1.0,0.9995750425025559
4300,1.0,0.9995751497757693
4301,1.0,0.9995752568364696
4302,1.0,0.9995753636851369
4303,1.0,0.9995754703222509
4304,1.0,0.9995755767482897
4305,1.0,0.9995756829637307
4306,1.0,0.9995757889690494
4307,1.0,0.9995758947647213
4308,1.0,0.9995760003512201
4309,1.0,0.9995761057290187
4310,1.0,0.9995762108985892
4311,1.0,0.9995763158604017
4312,1.0,0.9995764206149265
4313,1.0,0.9995765251626317
4314,1.0,0.9995766295039851
4315,1.0,0.9995767336394529
4316,1.0,0.9995768375695008
4317,1.0,0.9995769412945927
4318,1.0,0.9995770448151925
4319,1.0,0.9995771481317622
4320,1.0,0.9995772512447627
4321,1.0,0.9995773541546548
4322,1.0,0.999577456861897
4323,1.0,0.9995775593669477
4324,1.0,0.9995776616702636
4325,1.0,0.9995777637723011
4326,1.0,0.9995778656735153
4327,1.0,0.9995779673743593
4328,1.0,0.999578068875287
4329,1.0,0.9995781701767497
4330,1.0,0.9995782712791984
4331,1.0,0.999578372183083
4332,1.0,0.999578472888852
4333,1.0,0.9995785733969537
4334,1.0,0.9995786737078346
4335,1.0,0.9995787738219404
4336,1.0,0.9995788737397161
4337,1.0,0.9995789734616055
4338,1.0,0.999579072988051
4339,1.0,0.9995791723194946
4340,1.0,0.9995792714563769
4341,1.0,0.9995793703991377
4342,1.0,0.9995794691482159
4343,1.0,0.999579567704049
4344,1.0,0.999579666067074
4345,1.0,0.9995797642377264
4346,1.0,0.9995798622164415
4347,1.0,0.9995799600036526
4348,1.0,0.9995800575997927
4349,1.0,0.9995801550052935
4350,1.0,0.9995802522205862
4351,1.0,0.9995803492461003
4352,1.0,0.999580446082265
4353,1.0,0.9995805427295081
4354,1.0,0.9995806391882567
4355,1.0,0.9995807354589364
4356,1.0,0.9995808315419727
4357,1.0,0.9995809274377897
4358,1.0,0.9995810231468102
4359,1.0,0.9995811186694565
4360,1.0,0.9995812140061497
4361,1.0,0.9995813091573102
4362,1.0,0.9995814041233569
4363,1.0,0.9995814989047088
4364,1.0,0.9995815935017831
4365,1.0,0.9995816879149957
4366,1.0,0.9995817821447627
4367,1.0,0.9995818761914984
4368,1.0,0.9995819700556164
4369,1.0,0.9995820637375296
4370,1.0,0.9995821572376496
4371,1.0,0.9995822505563873
4372,1.0,0.9995823436941524
4373,1.0,0.9995824366513543
4374,1.0,0.9995825294284003
4375,1.0,0.999582622025698
4376,1.0,0.9995827144436537
4377,1.0,0.9995828066826723
4378,1.0,0.9995828987431584
4379,1.0,0.9995829906255155
4380,1.0,0.9995830823301457
4381,1.0,0.9995831738574509
4382,1.0,0.9995832652078318
4383,1.0,0.9995833563816884
4384,1.0,0.9995834473794191
4385,1.0,0.9995835382014221
4386,1.0,0.9995836288480945
4387,1.0,0.9995837193198326
4388,1.0,0.9995838096170314
4389,1.0,0.9995838997400854
4390,1.0,0.9995839896893882
4391,1.0,0.9995840794653322
4392,1.0,0.9995841690683093
4393,1.0,0.9995842584987102
4394,1.0,0.999584347756925
4395,1.0,0.9995844368433422
4396,1.0,0.9995845257583508
4397,1.0,0.9995846145023377
4398,1.0,0.999584703075689
4399,1.0,0.9995847914787906
4400,1.0,0.999584879712027
4401,1.0,0.9995849677757823
4402,1.0,0.9995850556704391
4403,1.0,0.9995851433963795
4404,1.0,0.9995852309539849
4405,1.0,0.9995853183436354
4406,1.0,0.9995854055657104
4407,1.0,0.9995854926205887
4408,1.0,0.999585579508648
4409,1.0,0.9995856662302652
4410,1.0,0.9995857527858161
4411,1.0,0.9995858391756763
4412,1.0,0.9995859254002197
4413,1.0,0.9995860114598202
4414,1.0,0.9995860973548504
4415,1.0,0.9995861830856817
4416,1.0,0.9995862686526852
4417,1.0,0.9995863540562312
4418,1.0,0.9995864392966888
4419,1.0,0.9995865243744267
4420,1.0,0.9995866092898121
4421,1.0,0.9995866940432121
4422,1.0,0.9995867786349926
4423,1.0,0.9995868630655185
4424,1.0,0.9995869473351541
4425,1.0,0.9995870314442631
4426,1.0,0.9995871153932079
4427,1.0,0.9995871991823503
4428,1.0,0.9995872828120518
4429,1.0,0.9995873662826718
4430,1.0,0.9995874495945701
4431,1.0,0.9995875327481051
4432,1.0,0.9995876157436346
4433,1.0,0.9995876985815156
4434,1.0,0.999587781262104
4435,1.0,0.9995878637857554
4436,1.0,0.999587946152824
4437,1.0,0.9995880283636636
4438,1.0,0.9995881104186272
4439,1.0,0.9995881923180667
4440,1.0,0.9995882740623334
4441,1.0,0.9995883556517781
4442,1.0,0.9995884370867504
4443,1.0,0.9995885183675991
4444,1.0,0.9995885994946722
4445,1.0,0.999588680468317
4446,1.0,0.9995887612888805
4447,1.0,0.9995888419567079
4448,1.0,0.9995889224721449
4449,1.0,0.999589002835535
4450,1.0,0.9995890830472218
4451,1.0,0.9995891631075482
4452,1.0,0.9995892430168558
4453,1.0,0.9995893227754857
4454,1.0,0.9995894023837784
4455,1.0,0.9995894818420733
4456,1.0,0.9995895611507093
4457,1.0,0.999589640310024
4458,1.0,0.9995897193203551
4459,1.0,0.9995897981820391
4460,1.0,0.9995898768954113
4461,1.0,0.999589955460807
4462,1.0,0.9995900338785603
4463,1.0,0.9995901121490044
4464,1.0,0.9995901902724726
4465,1.0,0.9995902682492962
4466,1.0,0.9995903460798067
4467,1.0,0.9995904237643344
4468,1.0,0.9995905013032089
4469,1.0,0.9995905786967594
4470,1.0,0.9995906559453138
4471,1.0,0.9995907330491998
4472,1.0,0.9995908100087437
4473,1.0,0.9995908868242721
4474,1.0,0.9995909634961097
4475,1.0,0.9995910400245811
4476,1.0,0.9995911164100101
4477,1.0,0.9995911926527197
4478,1.0,0.9995912687530321
4479,1.0,0.9995913447112691
4480,1.0,0.999591420527751
4481,1.0,0.9995914962027984
4482,1.0,0.9995915717367306
4483,1.0,0.9995916471298663
4484,1.0,0.9995917223825233
4485,1.0,0.9995917974950184
4486,1.0,0.9995918724676688
4487,1.0,0.9995919473007898
4488,1.0,0.9995920219946965
4489,1.0,0.9995920965497036
4490,1.0,0.9995921709661245
4491,1.0,0.9995922452442719
4492,1.0,0.9995923193844584
4493,1.0,0.9995923933869951
4494,1.0,0.9995924672521932
4495,1.0,0.9995925409803624
4496,1.0,0.9995926145718121
4497,1.0,0.9995926880268515
4498,1.0,0.9995927613457882
4499,1.0,0.9995928345289293
4500,1.0,0.9995929075765817
4501,1.0,0.9995929804890513
4502,1.0,0.9995930532666433
4503,1.0,0.9995931259096622
4504,1.0,0.9995931984184115
4505,1.0,0.9995932707931947
4506,1.0,0.9995933430343142
4507,1.0,0.9995934151420719
4508,1.0,0.9995934871167683
4509,1.0,0.9995935589587046
4510,1.0,0.9995936306681797
4511,1.0,0.9995937022454933
4512,1.0,0.9995937736909435
4513,1.0,0.9995938450048281
4514,1.0,0.9995939161874435
4515,1.0,0.999593987239087
4516,1.0,0.9995940581600536
4517,1.0,0.9995941289506387
4518,1.0,0.9995941996111362
4519,1.0,0.99959427014184
4520,1.0,0.9995943405430431
4521,1.0,0.9995944108150377
4522,1.0,0.9995944809581159
4523,1.0,0.999594550972568
4524,1.0,0.9995946208586849
4525,1.0,0.999594690616756
4526,1.0,0.9995947602470707
4527,1.0,0.999594829749917
4528,1.0,0.9995948991255826
4529,1.0,0.9995949683743547
4530,1.0,0.9995950374965199
4531,1.0,0.9995951064923637
4532,1.0,0.9995951753621716
4533,1.0,0.9995952441062275
4534,1.0,0.9995953127248158
4535,1.0,0.9995953812182192
4536,1.0,0.9995954495867205
4537,1.0,0.9995955178306019
4538,1.0,0.9995955859501441
4539,1.0,0.999595653945628
4540,1.0,0.9995957218173338
4541,1.0,0.9995957895655406
4542,1.0,0.999595857190527
4543,1.0,0.9995959246925717
4544,1.0,0.9995959920719513
4545,1.0,0.9995960593289434
4546,1.0,0.999596126463824
4547,1.0,0.9995961934768682
4548,1.0,0.9995962603683518
4549,1.0,0.9995963271385484
4550,1.0,0.9995963937877324
4551,1.0,0.9995964603161761
4552,1.0,0.9995965267241527
4553,1.0,0.9995965930119336
4554,1.0,0.9995966591797902
4555,1.0,0.9995967252279931
4556,1.0,0.9995967911568124
4557,1.0,0.9995968569665176
4558,1.0,0.9995969226573772
4559,1.0,0.9995969882296595
4560,1.0,0.9995970536836323
4561,1.0,0.999597119019562
4562,1.0,0.9995971842377158
4563,1.0,0.9995972493383586
4564,1.0,0.9995973143217564
4565,1.0,0.9995973791881732
4566,1.0,0.9995974439378729
4567,1.0,0.9995975085711192
4568,1.0,0.9995975730881748
4569,1.0,0.9995976374893016
4570,1.0,0.9995977017747614
4571,1.0,0.9995977659448154
4572,1.0,0.9995978299997235
4573,1.0,0.9995978939397457
4574,1.0,0.9995979577651416
4575,1.0,0.9995980214761692
4576,1.0,0.9995980850730869
4577,1.0,0.999598148556152
4578,1.0,0.9995982119256217
4579,1.0,0.9995982751817518
4580,1.0,0.9995983383247983
4581,1.0,0.9995984013550162
4582,1.0,0.9995984642726605
4583,1.0,0.9995985270779845
4584,1.0,0.9995985897712419
4585,1.0,0.9995986523526857
4586,1.0,0.9995987148225677
4587,1.0,0.9995987771811402
4588,1.0,0.9995988394286538
4589,1.0,0.9995989015653591
4590,1.0,0.9995989635915065
4591,1.0,0.9995990255073449
4592,1.0,0.9995990873131234
4593,1.0,0.9995991490090902
4594,1.0,0.999599210595493
4595,1.0,0.9995992720725789
4596,1.0,0.9995993334405947
4597,1.0,0.9995993946997864
4598,1.0,0.9995994558503993
4599,1.0,0.9995995168926783
4600,1.0,0.9995995778268679
4601,1.0,0.999599638653212
4602,1.0,0.9995996993719539
4603,1.0,0.9995997599833358
4604,1.0,0.9995998204876005
4605,1.0,0.9995998808849895
4606,1.0,0.9995999411757432
4607,1.0,0.9996000013601029
4608,1.0,0.9996000614383084
4609,1.0,0.9996001214105987
4610,1.0,0.9996001812772132
4611,1.0,0.9996002410383901
4612,1.0,0.999600300694367
4613,1.0,0.9996003602453812
4614,1.0,0.9996004196916698
4615,1.0,0.9996004790334686
4616,1.0,0.9996005382710134
4617,1.0,0.9996005974045393
4618,1.0,0.9996006564342809
4619,1.0,0.9996007153604722
4620,1.0,0.9996007741833469
4621,1.0,0.999600832903138
4622,1.0,0.9996008915200777
4623,1.0,0.9996009500343979
4624,1.0,0.9996010084463303
4625,1.0,0.9996010667561058
4626,1.0,0.9996011249639546
4627,1.0,0.9996011830701067
4628,1.0,0.9996012410747914
4629,1.0,0.9996012989782372
4630,1.0,0.999601356780673
4631,1.0,0.999601414482326
4632,1.0,0.9996014720834236
4633,1.0,0.9996015295841928
4634,1.0,0.9996015869848596
4635,1.0,0.9996016442856498
4636,1.0,0.9996017014867884
4637,1.0,0.9996017585885003
4638,1.0,0.9996018155910097
4639,1.0,0.99960187249454
4640,1.0,0.9996019292993147
4641,1.0,0.9996019860055565
4642,1.0,0.9996020426134873
4643,1.0,0.9996020991233288
4644,1.0,0.9996021555353022
4645,1.0,0.9996022118496282
4646,1.0,0.999602268066527
4647,1.0,0.9996023241862181
4648,1.0,0.9996023802089207
4649,1.0,0.9996024361348532
4650,1.0,0.9996024919642346
4651,1.0,0.9996025476972816
4652,1.0,0.9996026033342118
4653,1.0,0.9996026588752418
4654,1.0,0.9996027143205881
4655,1.0,0.999602769670466
4656,1.0,0.999602824925091
4657,1.0,0.9996028800846775
4658,1.0,0.9996029351494401
4659,1.0,0.9996029901195925
4660,1.0,0.9996030449953477
4661,1.0,0.9996030997769186
4662,1.0,0.9996031544645176
4663,1.0,0.9996032090583566
4664,1.0,0.9996032635586468
4665,1.0,0.9996033179655988
4666,1.0,0.9996033722794234
4667,1.0,0.9996034265003304
4668,1.0,0.9996034806285292
4669,1.0,0.999603534664229
4670,1.0,0.9996035886076379
4671,1.0,0.9996036424589638
4672,1.0,0.9996036962184149
4673,1.0,0.9996037498861976
4674,1.0,0.999603803462519
4675,1.0,0.9996038569475849
4676,1.0,0.9996039103416012
4677,1.0,0.9996039636447728
4678,1.0,0.9996040168573047
4679,1.0,0.9996040699794011
4680,1.0,0.9996041230112658
4681,1.0,0.9996041759531024
4682,1.0,0.9996042288051132
4683,1.0,0.9996042815675011
4684,1.0,0.9996043342404678
4685,1.0,0.9996043868242149
4686,1.0,0.9996044393189438
4687,1.0,0.9996044917248547
4688,1.0,0.9996045440421478
4689,1.0,0.9996045962710227
4690,1.0,0.999604648411679
4691,1.0,0.9996047004643152
4692,1.0,0.9996047524291296
4693,1.0,0.9996048043063204
4694,1.0,0.9996048560960844
4695,1.0,0.9996049077986194
4696,1.0,0.9996049594141213
4697,1.0,0.9996050109427865
4698,1.0,0.9996050623848108
4699,1.0,0.9996051137403891
4700,1.0,0.9996051650097163
4701,1.0,0.9996052161929866
4702,1.0,0.9996052672903941
4703,1.0,0.9996053183021321
4704,1.0,0.9996053692283936
4705,1.0,0.9996054200693715
4706,1.0,0.9996054708252574
4707,1.0,0.9996055214962434
4708,1.0,0.9996055720825204
4709,1.0,0.9996056225842799
4710,1.0,0.9996056730017115
4711,1.0,0.9996057233350057
4712,1.0,0.9996057735843517
4713,1.0,0.9996058237499389
4714,1.0,0.9996058738319559
4715,1.0,0.9996059238305909
4716,1.0,0.9996059737460318
4717,1.0,0.9996060235784658
4718,1.0,0.9996060733280798
4719,1.0,0.9996061229950611
4720,1.0,0.999606172579595
4721,1.0,0.9996062220818677
4722,1.0,0.9996062715020642
4723,1.0,0.9996063208403693
4724,1.0,0.9996063700969677
4725,1.0,0.9996064192720433
4726,1.0,0.9996064683657797
4727,1.0,0.9996065173783603
4728,1.0,0.9996065663099678
4729,1.0,0.9996066151607843
4730,1.0,0.9996066639309922
4731,1.0,0.9996067126207725
4732,1.0,0.9996067612303068
4733,1.0,0.9996068097597756
4734,1.0,0.9996068582093595
4735,1.0,0.9996069065792377
4736,1.0,0.9996069548695904
4737,1.0,0.9996070030805965
4738,1.0,0.9996070512124345
4739,1.0,0.9996070992652828
4740,1.0,0.9996071472393195
4741,1.0,0.9996071951347218
4742,1.0,0.9996072429516666
4743,1.0,0.9996072906903309
4744,1.0,0.9996073383508909
4745,1.0,0.9996073859335223
4746,1.0,0.9996074334384009
4747,1.0,0.9996074808657013
4748,1.0,0.9996075282155985
4749,1.0,0.9996075754882667
4750,1.0,0.9996076226838799
4751,1.0,0.9996076698026116
4752,1.0,0.9996077168446345
4753,1.0,0.9996077638101216
4754,1.0,0.9996078106992452
4755,1.0,0.9996078575121774
4756,1.0,0.9996079042490895
4757,1.0,0.9996079509101524
4758,1.0,0.9996079974955375
4759,1.0,0.9996080440054147
4760,1.0,0.999608090439954
4761,1.0,0.9996081367993255
4762,1.0,0.9996081830836976
4763,1.0,0.9996082292932398
4764,1.0,0.9996082754281199
4765,1.0,0.9996083214885069
4766,1.0,0.9996083674745676
4767,1.0,0.9996084133864698
4768,1.0,0.9996084592243802
4769,1.0,0.9996085049884655
4770,1.0,0.9996085506788916
4771,1.0,0.9996085962958248
4772,1.0,0.9996086418394299
4773,1.0,0.9996086873098723
4774,1.0,0.9996087327073169
4775,1.0,0.9996087780319275
4776,1.0,0.9996088232838684
4777,1.0,0.9996088684633027
4778,1.0,0.9996089135703939
4779,1.0,0.999608958605305
4780,1.0,0.9996090035681982
4781,1.0,0.9996090484592357
4782,1.0,0.9996090932785789
4783,1.0,0.9996091380263895
4784,1.0,0.9996091827028283
4785,1.0,0.9996092273080559
4786,1.0,0.9996092718422327
4787,1.0,0.9996093163055183
4788,1.0,0.9996093606980726
4789,1.0,0.9996094050200544
4790,1.0,0.9996094492716228
4791,1.0,0.9996094934529358
4792,1.0,0.9996095375641522
4793,1.0,0.9996095816054291
4794,1.0,0.9996096255769241
4795,1.0,0.999609669478794
4796,1.0,0.9996097133111959
4797,1.0,0.9996097570742858
4798,1.0,0.9996098007682193
4799,1.0,0.9996098443931528
4800,1.0,0.999609887949241
4801,1.0,0.9996099314366389
4802,1.0,0.999609974855501
4803,1.0,0.9996100182059813
4804,1.0,0.999610061488234
4805,1.0,0.9996101047024124
4806,1.0,0.9996101478486698
4807,1.0,0.9996101909271586
4808,1.0,0.9996102339380318
4809,1.0,0.9996102768814409
4810,1.0,0.9996103197575381
4811,1.0,0.999610362566475
4812,1.0,0.9996104053084018
4813,1.0,0.99961044798347
4814,1.0,0.9996104905918298
4815,1.0,0.9996105331336314
4816,1.0,0.999610575609024
4817,1.0,0.9996106180181572
4818,1.0,0.9996106603611804
4819,1.0,0.9996107026382419
4820,1.0,0.99961074484949
4821,1.0,0.9996107869950729
4822,1.0,0.9996108290751383
4823,1.0,0.9996108710898333
4824,1.0,0.9996109130393054
4825,1.0,0.9996109549237009
4826,1.0,0.9996109967431659
4827,1.0,0.999611038497847
4828,1.0,0.9996110801878896
4829,1.0,0.999611121813439
4830,1.0,0.9996111633746403
4831,1.0,0.9996112048716383
4832,1.0,0.9996112463045771
4833,1.0,0.9996112876736012
4834,1.0,0.9996113289788535
4835,1.0,0.9996113702204784
4836,1.0,0.9996114113986182
4837,1.0,0.999611452513416
4838,1.0,0.9996114935650141
4839,1.0,0.9996115345535544
4840,1.0,0.9996115754791792
4841,1.0,0.9996116163420293
4842,1.0,0.9996116571422465
4843,1.0,0.9996116978799713
4844,1.0,0.9996117385553439
4845,1.0,0.999611779168505
4846,1.0,0.9996118197195939
4847,1.0,0.9996118602087509
4848,1.0,0.9996119006361143
4849,1.0,0.9996119410018237
4850,1.0,0.9996119813060174
4851,1.0,0.9996120215488337
4852,1.0,0.9996120617304106
4853,1.0,0.9996121018508857
4854,1.0,0.9996121419103965
4855,1.0,0.9996121819090799
4856,1.0,0.9996122218470725
4857,1.0,0.9996122617245109
4858,1.0,0.9996123015415312
4859,1.0,0.9996123412982693
4860,1.0,0.9996123809948602
4861,1.0,0.9996124206314394
4862,1.0,0.9996124602081421
4863,1.0,0.9996124997251022
4864,1.0,0.9996125391824542
4865,1.0,0.9996125785803326
4866,1.0,0.9996126179188703
4867,1.0,0.999612657198201
4868,1.0,0.9996126964184575
4869,1.0,0.9996127355797729
4870,1.0,0.9996127746822795
4871,1.0,0.9996128137261092
4872,1.0,0.9996128527113944
4873,1.0,0.9996128916382662
4874,1.0,0.999612930506856
4875,1.0,0.9996129693172946
4876,1.0,0.9996130080697125
4877,1.0,0.9996130467642408
4878,1.0,0.999613085401009
4879,1.0,0.9996131239801467
4880,1.0,0.9996131625017838
4881,1.0,0.9996132009660493
4882,1.0,0.999613239373072
4883,1.0,0.9996132777229805
4884,1.0,0.9996133160159036
4885,1.0,0.9996133542519686
4886,1.0,0.9996133924313035
4887,1.0,0.9996134305540357
4888,1.0,0.9996134686202928
4889,1.0,0.9996135066302008
4890,1.0,0.9996135445838872
4891,1.0,0.9996135824814775
4892,1.0,0.9996136203230979
4893,1.0,0.9996136581088745
4894,1.0,0.9996136958389323
4895,1.0,0.9996137335133967
4896,1.0,0.9996137711323922
4897,1.0,0.999613808696044
4898,1.0,0.9996138462044758
4899,1.0,0.9996138836578118
4900,1.0,0.9996139210561759
4901,1.0,0.9996139583996912
4902,1.0,0.9996139956884814
4903,1.0,0.9996140329226688
4904,1.0,0.9996140701023764
4905,1.0,0.9996141072277265
4906,1.0,0.9996141442988409
4907,1.0,0.9996141813158417
4908,1.0,0.9996142182788502
4909,1.0,0.9996142551879875
4910,1.0,0.999614292043375
4911,1.0,0.9996143288451331
4912,1.0,0.9996143655933822
4913,1.0,0.9996144022882426
4914,1.0,0.9996144389298338
4915,1.0,0.999614475518276
4916,1.0,0.9996145120536879
4917,1.0,0.9996145485361888
4918,1.0,0.9996145849658976
4919,1.0,0.9996146213429326
4920,1.0,0.999614657667412
4921,1.0,0.999614693939454
4922,1.0,0.9996147301591762
4923,1.0,0.9996147663266963
4924,1.0,0.9996148024421311
4925,1.0,0.9996148385055976
4926,1.0,0.9996148745172123
4927,1.0,0.9996149104770921
4928,1.0,0.9996149463853525
4929,1.0,0.9996149822421099
4930,1.0,0.9996150180474793
4931,1.0,0.9996150538015766
4932,1.0,0.9996150895045165
4933,1.0,0.9996151251564139
4934,1.0,0.9996151607573834
4935,1.0,0.9996151963075393
4936,1.0,0.9996152318069956
4937,1.0,0.999615267255866
4938,1.0,0.999615302654264
4939,1.0,0.9996153380023033
4940,1.0,0.9996153733000962
4941,1.0,0.9996154085477557
4942,1.0,0.9996154437453945
4943,1.0,0.9996154788931245
4944,1.0,0.999615513991058
4945,1.0,0.9996155490393065
4946,1.0,0.9996155840379818
4947,1.0,0.9996156189871945
4948,1.0,0.9996156538870561
4949,1.0,0.9996156887376771
4950,1.0,0.999615723539168
4951,1.0,0.9996157582916392
4952,1.0,0.9996157929952002
4953,1.0,0.9996158276499612
4954,1.0,0.9996158622560315
4955,1.0,0.9996158968135201
4956,1.0,0.9996159313225362
4957,1.0,0.9996159657831887
4958,1.0,0.9996160001955856
4959,1.0,0.9996160345598353
4960,1.0,0.999616068876046
4961,1.0,0.9996161031443251
4962,1.0,0.9996161373647808
4963,1.0,0.9996161715375195
4964,1.0,0.9996162056626485
4965,1.0,0.999616239740275
4966,1.0,0.9996162737705051
4967,1.0,0.9996163077534448
4968,1.0,0.9996163416892007
4969,1.0,0.9996163755778784
4970,1.0,0.9996164094195834
4971,1.0,0.9996164432144212
4972,1.0,0.9996164769624967
4973,1.0,0.9996165106639147
4974,1.0,0.9996165443187799
4975,1.0,0.9996165779271968
4976,1.0,0.9996166114892695
4977,1.0,0.999616645005102
4978,1.0,0.9996166784747975
4979,1.0,0.9996167118984598
4980,1.0,0.999616745276192
4981,1.0,0.9996167786080972
4982,1.0,0.999616811894278
4983,1.0,0.9996168451348368
4984,1.0,0.999616878329876
4985,1.0,0.9996169114794979
4986,1.0,0.9996169445838037
4987,1.0,0.9996169776428953
4988,1.0,0.999617010656874
4989,1.0,0.999617043625841
4990,1.0,0.9996170765498972
4991,1.0,0.9996171094291431
4992,1.0,0.9996171422636791
4993,1.0,0.9996171750536056
4994,1.0,0.9996172077990224
4995,1.0,0.9996172405000293
4996,1.0,0.9996172731567259
4997,1.0,0.9996173057692113
4998,1.0,0.9996173383375847
4999,1.0,0.999617370861945
5000,1.0,0.9996174033423907
5001,1.0,0.9996174357790203
5002,1.0,0.999617468171932
5003,1.0,0.9996175005212233
5004,1.0,0.9996175328269926
5005,1.0,0.9996175650893369
5006,1.0,0.9996175973083538
5007,1.0,0.9996176294841401
5008,1.0,0.9996176616167928
5009,1.0,0.9996176937064087
5010,1.0,0.9996177257530839
5011,1.0,0.9996177577569147
5012,1.0,0.9996177897179971
5013,1.0,0.9996178216364271
5014,1.0,0.9996178535122995
5015,1.0,0.9996178853457103
5016,1.0,0.9996179171367545
5017,1.0,0.9996179488855266
5018,1.0,0.9996179805921218
5019,1.0,0.9996180122566342
5020,1.0,0.9996180438791583
5021,1.0,0.9996180754597879
5022,1.0,0.9996181069986169
5023,1.0,0.9996181384957388
5024,1.0,0.9996181699512473
5025,1.0,0.999618201365235
5026,1.0,0.9996182327377958
5027,1.0,0.9996182640690217
5028,1.0,0.9996182953590053
5029,1.0,0.9996183266078392
5030,1.0,0.9996183578156156
5031,1.0,0.9996183889824259
5032,1.0,0.9996184201083624
5033,1.0,0.9996184511935164
5034,1.0,0.9996184822379791
5035,1.0,0.9996185132418418
5036,1.0,0.9996185442051951
5037,1.0,0.99961857512813
5038,1.0,0.9996186060107368
5039,1.0,0.9996186368531055
5040,1.0,0.9996186676553269
5041,1.0,0.99961869841749
5042,1.0,0.999618729139685
5043,1.0,0.9996187598220013
5044,1.0,0.9996187904645278
5045,1.0,0.999618821067354
5046,1.0,0.9996188516305684
5047,1.0,0.9996188821542602
5048,1.0,0.9996189126385171
5049,1.0,0.9996189430834276
5050,1.0,0.99961897348908
5051,1.0,0.9996190038555621
5052,1.0,0.9996190341829614
5053,1.0,0.9996190644713654
5054,1.0,0.9996190947208612
5055,1.0,0.9996191249315359
5056,1.0,0.9996191551034765
5057,1.0,0.9996191852367698
5058,1.0,0.9996192153315019
5059,1.0,0.9996192453877591
5060,1.0,0.9996192754056279
5061,1.0,0.9996193053851934
5062,1.0,0.9996193353265421
5063,1.0,0.9996193652297589
5064,1.0,0.9996193950949293
5065,1.0,0.9996194249221386
5066,1.0,0.9996194547114715
5067,1.0,0.9996194844630126
5068,1.0,0.9996195141768468
5069,1.0,0.9996195438530578
5070,1.0,0.9996195734917305
5071,1.0,0.9996196030929484
5072,1.0,0.9996196326567954
5073,1.0,0.9996196621833547
5074,1.0,0.9996196916727104
5075,1.0,0.9996197211249449
5076,1.0,0.9996197505401417
5077,1.0,0.9996197799183837
5078,1.0,0.9996198092597531
5079,1.0,0.9996198385643326
5080,1.0,0.9996198678322045
5081,1.0,0.9996198970634506
5082,1.0,0.9996199262581531
5083,1.0,0.9996199554163935
5084,1.0,0.9996199845382532
5085,1.0,0.999620013623814
5086,1.0,0.9996200426731564
5087,1.0,0.999620071686362
5088,1.0,0.9996201006635109
5089,1.0,0.9996201296046845
5090,1.0,0.9996201585099623
5091,1.0,0.9996201873794253
5092,1.0,0.9996202162131531
5093,1.0,0.9996202450112255
5094,1.0,0.9996202737737226
5095,1.0,0.9996203025007236
5096,1.0,0.9996203311923079
5097,1.0,0.9996203598485546
5098,1.0,0.9996203884695426
5099,1.0,0.999620417055351
5100,1.0,0.9996204456060581
5101,1.0,0.9996204741217424
5102,1.0,0.9996205026024821
5103,1.0,0.9996205310483554
5104,1.0,0.9996205594594401
5105,1.0,0.9996205878358136
5106,1.0,0.9996206161775543
5107,1.0,0.9996206444847385
5108,1.0,0.9996206727574444
5109,1.0,0.9996207009957483
5110,1.0,0.9996207291997274
5111,1.0,0.9996207573694584
5112,1.0,0.9996207855050174
5113,1.0,0.9996208136064809
5114,1.0,0.9996208416739254
5115,1.0,0.9996208697074266
5116,1.0,0.99962089770706
5117,1.0,0.9996209256729016
5118,1.0,0.9996209536050269
5119,1.0,0.9996209815035112
5120,1.0,0.9996210093684292
5121,1.0,0.9996210371998562
5122,1.0,0.9996210649978671
5123,1.0,0.9996210927625362
5124,1.0,0.9996211204939381
5125,1.0,0.999621148192147
5126,1.0,0.9996211758572371
5127,1.0,0.9996212034892822
5128,1.0,0.9996212310883562
5129,1.0,0.9996212586545326
5130,1.0,0.9996212861878849
5131,1.0,0.9996213136884863
5132,1.0,0.9996213411564098
5133,1.0,0.9996213685917289
5134,1.0,0.9996213959945157
5135,1.0,0.9996214233648432
5136,1.0,0.9996214507027834
5137,1.0,0.999621478008409
5138,1.0,0.9996215052817918
5139,1.0,0.9996215325230043
5140,1.0,0.9996215597321177
5141,1.0,0.9996215869092039
5142,1.0,0.9996216140543344
5143,1.0,0.9996216411675803
5144,1.0,0.9996216682490129
5145,1.0,0.999621695298703
5146,1.0,0.9996217223167215
5147,1.0,0.9996217493031394
5148,1.0,0.9996217762580264
5149,1.0,0.9996218031814537
5150,1.0,0.999621830073491
5151,1.0,0.9996218569342085
5152,1.0,0.999621883763676
5153,1.0,0.999621910561963
5154,1.0,0.9996219373291392
5155,1.0,0.999621964065274
5156,1.0,0.999621990770437
5157,1.0,0.9996220174446965
5158,1.0,0.9996220440881217
5159,1.0,0.9996220707007819
5160,1.0,0.9996220972827452
5161,1.0,0.9996221238340801
5162,1.0,0.9996221503548547
5163,1.0,0.9996221768451373
5164,1.0,0.9996222033049962
5165,1.0,0.9996222297344988
5166,1.0,0.9996222561337131
5167,1.0,0.9996222825027063
5168,1.0,0.9996223088415461
5169,1.0,0.9996223351502996
5170,1.0,0.9996223614290336
5171,1.0,0.9996223876778155
5172,1.0,0.9996224138967115
5173,1.0,0.9996224400857886
5174,1.0,0.9996224662451131
5175,1.0,0.9996224923747514
5176,1.0,0.9996225184747697
5177,1.0,0.9996225445452338
5178,1.0,0.9996225705862098
5179,1.0,0.9996225965977633
5180,1.0,0.9996226225799596
5181,1.0,0.9996226485328646
5182,1.0,0.9996226744565435
5183,1.0,0.9996227003510609
5184,1.0,0.9996227262164824
5185,1.0,0.9996227520528723
5186,1.0,0.9996227778602954
5187,1.0,0.9996228036388167
5188,1.0,0.9996228293885001
5189,1.0,0.9996228551094097
5190,1.0,0.9996228808016102
5191,1.0,0.9996229064651649
5192,1.0,0.9996229321001382
5193,1.0,0.999622957706593
5194,1.0,0.9996229832845936
5195,1.0,0.9996230088342029
5196,1.0,0.9996230343554842
5197,1.0,0.9996230598485008
5198,1.0,0.9996230853133152
5199,1.0,0.9996231107499908
5200,1.0,0.9996231361585894
5201,1.0,0.9996231615391744
5202,1.0,0.9996231868918077
5203,1.0,0.9996232122165517
5204,1.0,0.9996232375134682
5205,1.0,0.9996232627826196
5206,1.0,0.9996232880240673
5207,1.0,0.9996233132378731
5208,1.0,0.9996233384240986
5209,1.0,0.9996233635828051
5210,1.0,0.999623388714054
5211,1.0,0.9996234138179062
5212,1.0,0.9996234388944227
5213,1.0,0.9996234639436642
5214,1.0,0.9996234889656919
5215,1.0,0.9996235139605661
5216,1.0,0.999623538928347
5217,1.0,0.999623563869095
5218,1.0,0.9996235887828704
5219,1.0,0.999623613669733
5220,1.0,0.999623638529743
5221,1.0,0.9996236633629596
5222,1.0,0.9996236881694428
5223,1.0,0.9996237129492522
5224,1.0,0.9996237377024466
5225,1.0,0.9996237624290857
5226,1.0,0.9996237871292284
5227,1.0,0.9996238118029335
5228,1.0,0.99962383645026
5229,1.0,0.9996238610712664
5230,1.0,0.9996238856660115
5231,1.0,0.9996239102345533
5232,1.0,0.9996239347769502
5233,1.0,0.9996239592932604
5234,1.0,0.9996239837835421
5235,1.0,0.999624008247853
5236,1.0,0.9996240326862507
5237,1.0,0.9996240570987928
5238,1.0,0.9996240814855372
5239,1.0,0.9996241058465409
5240,1.0,0.999624130181861
5241,1.0,0.9996241544915547
5242,1.0,0.9996241787756792
5243,1.0,0.9996242030342913
5244,1.0,0.9996242272674474
5245,1.0,0.9996242514752041
5246,1.0,0.999624275657618
5247,1.0,0.9996242998147457
5248,1.0,0.9996243239466427
5249,1.0,0.9996243480533656
5250,1.0,0.9996243721349701
5251,1.0,0.9996243961915122
5252,1.0,0.9996244202230473
5253,1.0,0.9996244442296314
5254,1.0,0.9996244682113193
5255,1.0,0.9996244921681668
5256,1.0,0.9996245161002293
5257,1.0,0.999624540007561
5258,1.0,0.9996245638902176
5259,1.0,0.9996245877482534
5260,1.0,0.9996246115817236
5261,1.0,0.9996246353906824
5262,1.0,0.9996246591751842
5263,1.0,0.9996246829352835
5264,1.0,0.9996247066710342
5265,1.0,0.9996247303824907
5266,1.0,0.9996247540697069
5267,1.0,0.9996247777327365
5268,1.0,0.9996248013716332
5269,1.0,0.9996248249864506
5270,1.0,0.999624848577242
5271,1.0,0.9996248721440611
5272,1.0,0.9996248956869607
5273,1.0,0.9996249192059942
5274,1.0,0.9996249427012146
5275,1.0,0.9996249661726745
5276,1.0,0.9996249896204268
5277,1.0,0.9996250130445241
5278,1.0,0.9996250364450187
5279,1.0,0.9996250598219634
5280,1.0,0.9996250831754099
5281,1.0,0.9996251065054106
5282,1.0,0.9996251298120179
5283,1.0,0.999625153095283
5284,1.0,0.9996251763552584
5285,1.0,0.9996251995919951
5286,1.0,0.999625222805545
5287,1.0,0.9996252459959596
5288,1.0,0.9996252691632901
5289,1.0,0.9996252923075876
5290,1.0,0.9996253154289032
5291,1.0,0.999625338527288
5292,1.0,0.9996253616027929
5293,1.0,0.9996253846554687
5294,1.0,0.9996254076853656
5295,1.0,0.9996254306925346
5296,1.0,0.9996254536770256
5297,1.0,0.9996254766388893
5298,1.0,0.9996254995781757
5299,1.0,0.9996255224949349
5300,1.0,0.9996255453892168
5301,1.0,0.9996255682610714
5302,1.0,0.9996255911105482
5303,1.0,0.9996256139376966
5304,1.0,0.9996256367425664
5305,1.0,0.9996256595252071
5306,1.0,0.9996256822856676
5307,1.0,0.9996257050239974
5308,1.0,0.9996257277402452
5309,1.0,0.9996257504344602
5310,1.0,0.9996257731066912
5311,1.0,0.9996257957569867
5312,1.0,0.9996258183853954
5313,1.0,0.999625840991966
5314,1.0,0.9996258635767465
5315,1.0,0.9996258861397854
5316,1.0,0.9996259086811308
5317,1.0,0.999625931200831
5318,1.0,0.9996259536989335
5319,1.0,0.9996259761754865
5320,1.0,0.9996259986305374
5321,1.0,0.9996260210641339
5322,1.0,0.9996260434763237
5323,1.0,0.9996260658671541
5324,1.0,0.9996260882366724
5325,1.0,0.9996261105849259
5326,1.0,0.9996261329119613
5327,1.0,0.9996261552178262
5328,1.0,0.9996261775025669
5329,1.0,0.9996261997662301
5330,1.0,0.9996262220088631
5331,1.0,0.9996262442305119
5332,1.0,0.9996262664312231
5333,1.0,0.9996262886110431
5334,1.0,0.9996263107700181
5335,1.0,0.9996263329081941
5336,1.0,0.9996263550256171
5337,1.0,0.9996263771223332
5338,1.0,0.9996263991983884
5339,1.0,0.9996264212538278
5340,1.0,0.9996264432886979
5341,1.0,0.9996264653030432
5342,1.0,0.9996264872969098
5343,1.0,0.9996265092703428
5344,1.0,0.9996265312233873
5345,1.0,0.9996265531560886
5346,1.0,0.9996265750684914
5347,1.0,0.9996265969606407
5348,1.0,0.9996266188325817
5349,1.0,0.9996266406843585
5350,1.0,0.9996266625160158
5351,1.0,0.9996266843275984
5352,1.0,0.9996267061191504
5353,1.0,0.9996267278907163
5354,1.0,0.99962674964234
5355,1.0,0.9996267713740657
5356,1.0,0.9996267930859375
5357,1.0,0.9996268147779993
5358,1.0,0.9996268364502944
5359,1.0,0.9996268581028673
5360,1.0,0.999626879735761
5361,1.0,0.9996269013490191
5362,1.0,0.999626922942685
5363,1.0,0.9996269445168021
5364,1.0,0.9996269660714137
5365,1.0,0.9996269876065624
5366,1.0,0.9996270091222915
5367,1.0,0.9996270306186441
5368,1.0,0.9996270520956627
5369,1.0,0.9996270735533902
5370,1.0,0.9996270949918692
5371,1.0,0.9996271164111418
5372,1.0,0.9996271378112509
5373,1.0,0.9996271591922388
5374,1.0,0.9996271805541476
5375,1.0,0.9996272018970194
5376,1.0,0.999627223220896
5377,1.0,0.9996272445258197
5378,1.0,0.9996272658118325
5379,1.0,0.9996272870789755
5380,1.0,0.9996273083272911
5381,1.0,0.9996273295568201
5382,1.0,0.9996273507676046
5383,1.0,0.9996273719596857
5384,1.0,0.9996273931331048
5385,1.0,0.9996274142879028
5386,1.0,0.999627435424121
5387,1.0,0.9996274565418004
5388,1.0,0.999627477640982
5389,1.0,0.9996274987217063
5390,1.0,0.9996275197840142
5391,1.0,0.9996275408279465
5392,1.0,0.9996275618535436
5393,1.0,0.9996275828608459
5394,1.0,0.9996276038498938
5395,1.0,0.9996276248207273
5396,1.0,0.9996276457733869
5397,1.0,0.9996276667079127
5398,1.0,0.9996276876243446
5399,1.0,0.999627708522722
5400,1.0,0.9996277294030856
5401,1.0,0.9996277502654746
5402,1.0,0.9996277711099285
5403,1.0,0.9996277919364873
5404,1.0,0.9996278127451902
5405,1.0,0.9996278335360765
5406,1.0,0.9996278543091852
5407,1.0,0.9996278750645562
5408,1.0,0.9996278958022279
5409,1.0,0.9996279165222399
5410,1.0,0.9996279372246307
5411,1.0,0.999627957909439
5412,1.0,0.9996279785767042
5413,1.0,0.999627999226464
5414,1.0,0.9996280198587577
5415,1.0,0.9996280404736236
5416,1.0,0.9996280610711
5417,1.0,0.9996280816512253
5418,1.0,0.9996281022140376
5419,1.0,0.999628122759575
5420,1.0,0.9996281432878759
5421,1.0,0.9996281637989777
5422,1.0,0.9996281842929186
5423,1.0,0.9996282047697366
5424,1.0,0.9996282252294687
5425,1.0,0.9996282456721531
5426,1.0,0.9996282660978273
5427,1.0,0.9996282865065285
5428,1.0,0.9996283068982941
5429,1.0,0.9996283272731615
5430,1.0,0.9996283476311679
5431,1.0,0.9996283679723502
5432,1.0,0.9996283882967458
5433,1.0,0.9996284086043912
5434,1.0,0.9996284288953233
5435,1.0,0.9996284491695794
5436,1.0,0.9996284694271955
5437,1.0,0.9996284896682085
5438,1.0,0.999628509892655
5439,1.0,0.9996285301005714
5440,1.0,0.999628550291994
5441,1.0,0.999628570466959
5442,1.0,0.9996285906255029
5443,1.0,0.9996286107676613
5444,1.0,0.9996286308934706
5445,1.0,0.9996286510029666
5446,1.0,0.9996286710961854
5447,1.0,0.9996286911731626
5448,1.0,0.9996287112339337
5449,1.0,0.9996287312785346
5450,1.0,0.9996287513070008
5451,1.0,0.9996287713193676
5452,1.0,0.9996287913156705
5453,1.0,0.9996288112959449
5454,1.0,0.9996288312602262
5455,1.0,0.9996288512085487
5456,1.0,0.9996288711409483
5457,1.0,0.9996288910574596
5458,1.0,0.9996289109581176
5459,1.0,0.9996289308429573
5460,1.0,0.9996289507120131
5461,1.0,0.9996289705653199
5462,1.0,0.999628990402912
5463,1.0,0.9996290102248243
5464,1.0,0.9996290300310908
5465,1.0,0.9996290498217465
5466,1.0,0.9996290695968252
5467,1.0,0.999629089356361
5468,1.0,0.9996291091003883
5469,1.0,0.999629128828941
5470,1.0,0.9996291485420529
5471,1.0,0.9996291682397582
5472,1.0,0.9996291879220904
5473,1.0,0.9996292075890837
5474,1.0,0.9996292272407714
5475,1.0,0.9996292468771871
5476,1.0,0.9996292664983643
5477,1.0,0.9996292861043369
5478,1.0,0.9996293056951373
5479,1.0,0.9996293252707996
5480,1.0,0.9996293448313568
5481,1.0,0.9996293643768416
5482,1.0,0.9996293839072877
5483,1.0,0.9996294034227278
5484,1.0,0.9996294229231945
5485,1.0,0.9996294424087213
5486,1.0,0.9996294618793403
5487,1.0,0.9996294813350846
5488,1.0,0.9996295007759866
5489,1.0,0.9996295202020787
5490,1.0,0.9996295396133938
5491,1.0,0.9996295590099639
5492,1.0,0.9996295783918213
5493,1.0,0.9996295977589985
5494,1.0,0.9996296171115276
5495,1.0,0.9996296364494407
5496,1.0,0.9996296557727696
5497,1.0,0.9996296750815464
5498,1.0,0.9996296943758032
5499,1.0,0.9996297136555712
5500,1.0,0.9996297329208828
5501,1.0,0.9996297521717691
5502,1.0,0.9996297714082624
5503,1.0,0.9996297906303934
5504,1.0,0.9996298098381939
5505,1.0,0.9996298290316954
5506,1.0,0.9996298482109289
5507,1.0,0.9996298673759261
5508,1.0,0.9996298865267178
5509,1.0,0.9996299056633352
5510,1.0,0.9996299247858091
5511,1.0,0.9996299438941706
5512,1.0,0.9996299629884506
5513,1.0,0.9996299820686803
5514,1.0,0.9996300011348896
5515,1.0,0.9996300201871099
5516,1.0,0.9996300392253715
5517,1.0,0.9996300582497051
5518,1.0,0.9996300772601407
5519,1.0,0.9996300962567093
5520,1.0,0.9996301152394408
5521,1.0,0.9996301342083656
5522,1.0,0.999630153163514
5523,1.0,0.9996301721049159
5524,1.0,0.9996301910326013
5525,1.0,0.9996302099466005
5526,1.0,0.9996302288469432
5527,1.0,0.9996302477336593
5528,1.0,0.9996302666067786
5529,1.0,0.9996302854663307
5530,1.0,0.9996303043123453
5531,1.0,0.9996303231448521
5532,1.0,0.9996303419638806
5533,1.0,0.9996303607694601
5534,1.0,0.9996303795616199
5535,1.0,0.9996303983403896
5536,1.0,0.999630417105798
5537,1.0,0.9996304358578749
5538,1.0,0.9996304545966491
5539,1.0,0.9996304733221493
5540,1.0,0.9996304920344049
5541,1.0,0.9996305107334449
5542,1.0,0.9996305294192978
5543,1.0,0.9996305480919925
5544,1.0,0.9996305667515579
5545,1.0,0.9996305853980225
5546,1.0,0.9996306040314149
5547,1.0,0.9996306226517633
5548,1.0,0.9996306412590968
5549,1.0,0.9996306598534436
5550,1.0,0.9996306784348317
5551,1.0,0.9996306970032894
5552,1.0,0.9996307155588453
5553,1.0,0.9996307341015274
5554,1.0,0.9996307526313636
5555,1.0,0.999630771148382
5556,1.0,0.9996307896526107
5557,1.0,0.9996308081440771
5558,1.0,0.9996308266228097
5559,1.0,0.9996308450888355
5560,1.0,0.9996308635421829
5561,1.0,0.9996308819828791
5562,1.0,0.9996309004109519
5563,1.0,0.9996309188264287
5564,1.0,0.9996309372293368
5565,1.0,0.9996309556197039
5566,1.0,0.9996309739975572
5567,1.0,0.9996309923629239
5568,1.0,0.9996310107158309
5569,1.0,0.9996310290563061
5570,1.0,0.9996310473843759
5571,1.0,0.9996310657000678
5572,1.0,0.9996310840034079
5573,1.0,0.9996311022944241
5574,1.0,0.9996311205731429
5575,1.0,0.9996311388395908
5576,1.0,0.9996311570937946
5577,1.0,0.9996311753357814
5578,1.0,0.9996311935655771
5579,1.0,0.9996312117832086
5580,1.0,0.9996312299887024
5581,1.0,0.9996312481820847
5582,1.0,0.999631266363382
5583,1.0,0.9996312845326206
5584,1.0,0.9996313026898266
5585,1.0,0.9996313208350264
5586,1.0,0.999631338968246
5587,1.0,0.9996313570895111
5588,1.0,0.9996313751988483
5589,1.0,0.9996313932962831
5590,1.0,0.9996314113818419
5591,1.0,0.9996314294555497
5592,1.0,0.9996314475174327
5593,1.0,0.9996314655675167
5594,1.0,0.9996314836058273
5595,1.0,0.9996315016323899
5596,1.0,0.9996315196472302
5597,1.0,0.9996315376503736
5598,1.0,0.9996315556418455
5599,1.0,0.9996315736216711
5600,1.0,0.9996315915898761
5601,1.0,0.9996316095464853
5602,1.0,0.9996316274915242
5603,1.0,0.9996316454250178
5604,1.0,0.9996316633469912
5605,1.0,0.9996316812574694
5606,1.0,0.9996316991564771
5607,1.0,0.9996317170440394
5608,1.0,0.9996317349201813
5609,1.0,0.9996317527849273
5610,1.0,0.9996317706383024
5611,1.0,0.9996317884803312
5612,1.0,0.9996318063110382
5613,1.0,0.999631824130448
5614,1.0,0.999631841938585
5615,1.0,0.999631859735474
5616,1.0,0.999631877521139
5617,1.0,0.9996318952956045
5618,1.0,0.9996319130588948
5619,1.0,0.9996319308110342
5620,1.0,0.9996319485520465
5621,1.0,0.9996319662819564
5622,1.0,0.9996319840007876
5623,1.0,0.9996320017085639
5624,1.0,0.9996320194053098
5625,1.0,0.999632037091049
5626,1.0,0.9996320547658051
5627,1.0,0.999632072429602
5628,1.0,0.9996320900824637
5629,1.0,0.9996321077244135
5630,1.0,0.9996321253554755
5631,1.0,0.9996321429756727
5632,1.0,0.9996321605850291
5633,1.0,0.999632178183568
5634,1.0,0.9996321957713128
5635,1.0,0.9996322133482867
5636,1.0,0.9996322309145133
5637,1.0,0.9996322484700159
5638,1.0,0.9996322660148173
5639,1.0,0.999632283548941
5640,1.0,0.9996323010724099
5641,1.0,0.9996323185852475
5642,1.0,0.999632336087476
5643,1.0,0.9996323535791191
5644,1.0,0.9996323710601993
5645,1.0,0.9996323885307398
5646,1.0,0.9996324059907628
5647,1.0,0.9996324234402915
5648,1.0,0.9996324408793483
5649,1.0,0.9996324583079561
5650,1.0,0.9996324757261373
5651,1.0,0.9996324931339147
5652,1.0,0.9996325105313103
5653,1.0,0.999632527918347
5654,1.0,0.9996325452950467
5655,1.0,0.9996325626614325
5656,1.0,0.9996325800175261
5657,1.0,0.9996325973633495
5658,1.0,0.9996326146989255
5659,1.0,0.9996326320242757
5660,1.0,0.9996326493394224
5661,1.0,0.999632666644388
5662,1.0,0.999632683939194
5663,1.0,0.9996327012238623
5664,1.0,0.9996327184984147
5665,1.0,0.9996327357628737
5666,1.0,0.9996327530172605
5667,1.0,0.999632770261597
5668,1.0,0.9996327874959048
5669,1.0,0.9996328047202053
5670,1.0,0.9996328219345207
5671,1.0,0.9996328391388721
5672,1.0,0.999632856333281
5673,1.0,0.999632873517769
5674,1.0,0.9996328906923574
5675,1.0,0.9996329078570676
5676,1.0,0.9996329250119208
5677,1.0,0.9996329421569382
5678,1.0,0.9996329592921411
5679,1.0,0.9996329764175508
5680,1.0,0.999632993533188
5681,1.0,0.999633010639074
5682,1.0,0.9996330277352298
5683,1.0,0.9996330448216764
5684,1.0,0.9996330618984345
5685,1.0,0.9996330789655253
5686,1.0,0.9996330960229691
5687,1.0,0.9996331130707873
5688,1.0,0.9996331301090001
5689,1.0,0.9996331471376285
5690,1.0,0.999633164156693
5691,1.0,0.999633181166214
5692,1.0,0.9996331981662125
5693,1.0,0.9996332151567087
5694,1.0,0.999633232137723
5695,1.0,0.9996332491092756
5696,1.0,0.9996332660713872
5697,1.0,0.9996332830240778
5698,1.0,0.9996332999673682
5699,1.0,0.9996333169012783
5700,1.0,0.999633333825828
5701,1.0,0.9996333507410378
5702,1.0,0.9996333676469273
5703,1.0,0.999633384543517
5704,1.0,0.9996334014308268
5705,1.0,0.9996334183088765
5706,1.0,0.999633435177686
5707,1.0,0.9996334520372753
5708,1.0,0.999633468887664
5709,1.0,0.9996334857288719
5710,1.0,0.9996335025609189
5711,1.0,0.9996335193838245
5712,1.0,0.9996335361976084
5713,1.0,0.9996335530022901
5714,1.0,0.9996335697978892
5715,1.0,0.9996335865844249
5716,1.0,0.9996336033619172
5717,1.0,0.9996336201303851
5718,1.0,0.9996336368898482
5719,1.0,0.9996336536403256
5720,1.0,0.9996336703818367
5721,1.0,0.9996336871144006
5722,1.0,0.9996337038380367
5723,1.0,0.9996337205527639
5724,1.0,0.9996337372586013
5725,1.0,0.9996337539555681
5726,1.0,0.9996337706436832
5727,1.0,0.999633787322966
5728,1.0,0.9996338039934347
5729,1.0,0.9996338206551088
5730,1.0,0.9996338373080066
5731,1.0,0.9996338539521471
5732,1.0,0.9996338705875497
5733,1.0,0.999633887214232
5734,1.0,0.9996339038322134
5735,1.0,0.9996339204415122
5736,1.0,0.9996339370421472
5737,1.0,0.9996339536341371
5738,1.0,0.9996339702174998
5739,1.0,0.9996339867922543
5740,1.0,0.9996340033584188
5741,1.0,0.9996340199160119
5742,1.0,0.9996340364650514
5743,1.0,0.9996340530055561
5744,1.0,0.9996340695375443
5745,1.0,0.9996340860610339
5746,1.0,0.9996341025760429
5747,1.0,0.9996341190825899
5748,1.0,0.9996341355806926
5749,1.0,0.9996341520703697
5750,1.0,0.9996341685516383
5751,1.0,0.9996341850245168
5752,1.0,0.9996342014890234
5753,1.0,0.9996342179451754
5754,1.0,0.999634234392991
5755,1.0,0.9996342508324879
5756,1.0,0.9996342672636841
5757,1.0,0.999634283686597
5758,1.0,0.9996343001012445
5759,1.0,0.9996343165076441
5760,1.0,0.9996343329058134
5761,1.0,0.9996343492957701
5762,1.0,0.9996343656775316
5763,1.0,0.9996343820511153
5764,1.0,0.999634398416539
5765,1.0,0.9996344147738194
5766,1.0,0.9996344311229747
5767,1.0,0.9996344474640217
5768,1.0,0.9996344637969778
5769,1.0,0.9996344801218605
5770,1.0,0.9996344964386865
5771,1.0,0.9996345127474734
5772,1.0,0.9996345290482381
5773,1.0,0.9996345453409979
5774,1.0,0.9996345616257697
5775,1.0,0.9996345779025703
5776,1.0,0.9996345941714172
5777,1.0,0.9996346104323269
5778,1.0,0.9996346266853163
5779,1.0,0.9996346429304025
5780,1.0,0.9996346591676023
5781,1.0,0.9996346753969324
5782,1.0,0.9996346916184097
5783,1.0,0.9996347078320503
5784,1.0,0.9996347240378717
5785,1.0,0.9996347402358899
5786,1.0,0.9996347564261217
5787,1.0,0.999634772608584
5788,1.0,0.9996347887832928
5789,1.0,0.9996348049502649
5790,1.0,0.9996348211095167
5791,1.0,0.9996348372610645
5792,1.0,0.9996348534049248
5793,1.0,0.9996348695411137
5794,1.0,0.9996348856696478
5795,1.0,0.999634901790543
5796,1.0,0.9996349179038161
5797,1.0,0.9996349340094827
5798,1.0,0.9996349501075591
5799,1.0,0.9996349661980615
5800,1.0,0.999634982281006
5801,1.0,0.9996349983564086
5802,1.0,0.9996350144242853
5803,1.0,0.9996350304846522
5804,1.0,0.9996350465375249
5805,1.0,0.9996350625829197
5806,1.0,0.9996350786208522
5807,1.0,0.9996350946513379
5808,1.0,0.9996351106743934
5809,1.0,0.999635126690034
5810,1.0,0.9996351426982751
5811,1.0,0.999635158699133
5812,1.0,0.9996351746926229
5813,1.0,0.9996351906787605
5814,1.0,0.9996352066575617
5815,1.0,0.9996352226290417
5816,1.0,0.9996352385932159
5817,1.0,0.9996352545501002
5818,1.0,0.9996352704997096
5819,1.0,0.9996352864420597
5820,1.0,0.9996353023771658
5821,1.0,0.9996353183050432
5822,1.0,0.9996353342257075
5823,1.0,0.9996353501391736
5824,1.0,0.9996353660454569
5825,1.0,0.9996353819445725
5826,1.0,0.9996353978365357
5827,1.0,0.9996354137213614
5828,1.0,0.9996354295990649
5829,1.0,0.9996354454696612
5830,1.0,0.999635461333165
5831,1.0,0.9996354771895919
5832,1.0,0.9996354930389564
5833,1.0,0.9996355088812735
5834,1.0,0.9996355247165581
5835,1.0,0.9996355405448252
5836,1.0,0.9996355563660895
5837,1.0,0.9996355721803655
5838,1.0,0.9996355879876682
5839,1.0,0.9996356037880126
5840,1.0,0.9996356195814131
5841,1.0,0.9996356353678842
5842,1.0,0.999635651147441
5843,1.0,0.9996356669200975
5844,1.0,0.9996356826858687
5845,1.0,0.9996356984447687
5846,1.0,0.9996357141968125
5847,1.0,0.999635729942014
5848,1.0,0.9996357456803882
5849,1.0,0.999635761411949
5850,1.0,0.9996357771367109
5851,1.0,0.9996357928546884
5852,1.0,0.9996358085658955
5853,1.0,0.9996358242703468
5854,1.0,0.999635839968056
5855,1.0,0.999635855659038
5856,1.0,0.9996358713433064
5857,1.0,0.9996358870208755
5858,1.0,0.9996359026917594
5859,1.0,0.9996359183559722
5860,1.0,0.9996359340135278
5861,1.0,0.9996359496644406
5862,1.0,0.9996359653087241
5863,1.0,0.9996359809463924
5864,1.0,0.9996359965774594
5865,1.0,0.9996360122019389
5866,1.0,0.9996360278198452
5867,1.0,0.9996360434311915
5868,1.0,0.9996360590359918
5869,1.0,0.9996360746342599
5870,1.0,0.9996360902260095
5871,1.0,0.9996361058112545
5872,1.0,0.9996361213900079
5873,1.0,0.999636136962284
5874,1.0,0.9996361525280965
5875,1.0,0.9996361680874583
5876,1.0,0.9996361836403831
5877,1.0,0.9996361991868848
5878,1.0,0.9996362147269766
5879,1.0,0.999636230260672
5880,1.0,0.9996362457879843
5881,1.0,0.9996362613089274
5882,1.0,0.9996362768235136
5883,1.0,0.9996362923317571
5884,1.0,0.999636307833671
5885,1.0,0.9996363233292686
5886,1.0,0.9996363388185627
5887,1.0,0.9996363543015669
5888,1.0,0.9996363697782944
5889,1.0,0.9996363852487583
5890,1.0,0.9996364007129716
5891,1.0,0.9996364161709473
5892,1.0,0.9996364316226987
5893,1.0,0.9996364470682385
5894,1.0,0.9996364625075802
5895,1.0,0.9996364779407363
5896,1.0,0.9996364933677199
5897,1.0,0.9996365087885438
5898,1.0,0.9996365242032212
5899,1.0,0.9996365396117645
5900,1.0,0.999636555014187
5901,1.0,0.9996365704105009
5902,1.0,0.9996365858007193
5903,1.0,0.9996366011848553
5904,1.0,0.9996366165629209
5905,1.0,0.9996366319349291
5906,1.0,0.9996366473008927
5907,1.0,0.999636662660824
5908,1.0,0.9996366780147359
5909,1.0,0.9996366933626406
5910,1.0,0.9996367087045508
5911,1.0,0.9996367240404792
5912,1.0,0.9996367393704381
5913,1.0,0.9996367546944398
5914,1.0,0.9996367700124968
5915,1.0,0.9996367853246217
5916,1.0,0.9996368006308268
5917,1.0,0.9996368159311243
5918,1.0,0.9996368312255265
5919,1.0,0.9996368465140458
5920,1.0,0.9996368617966942
5921,1.0,0.9996368770734843
5922,1.0,0.999636892344428
5923,1.0,0.9996369076095376
5924,1.0,0.9996369228688251
5925,1.0,0.9996369381223027
5926,1.0,0.9996369533699828
5927,1.0,0.9996369686118768
5928,1.0,0.9996369838479975
5929,1.0,0.9996369990783563
5930,1.0,0.9996370143029651
5931,1.0,0.9996370295218364
5932,1.0,0.9996370447349818
5933,1.0,0.9996370599424131
5934,1.0,0.9996370751441424
5935,1.0,0.9996370903401817
5936,1.0,0.9996371055305419
5937,1.0,0.9996371207152359
5938,1.0,0.9996371358942749
5939,1.0,0.9996371510676709
5940,1.0,0.9996371662354353
5941,1.0,0.9996371813975798
5942,1.0,0.9996371965541164
5943,1.0,0.9996372117050565
5944,1.0,0.9996372268504116
5945,1.0,0.9996372419901933
5946,1.0,0.9996372571244132
5947,1.0,0.999637272253083
5948,1.0,0.9996372873762142
5949,1.0,0.9996373024938179
5950,1.0,0.9996373176059058
5951,1.0,0.9996373327124893
5952,1.0,0.9996373478135798
5953,1.0,0.9996373629091887
5954,1.0,0.9996373779993272
5955,1.0,0.9996373930840069
5956,1.0,0.9996374081632385
5957,1.0,0.9996374232370341
5958,1.0,0.9996374383054043
5959,1.0,0.9996374533683604
5960,1.0,0.999637468425914
5961,1.0,0.9996374834780759
5962,1.0,0.9996374985248572
5963,1.0,0.9996375135662691
5964,1.0,0.9996375286023228
5965,1.0,0.9996375436330291
5966,1.0,0.9996375586583993
5967,1.0,0.9996375736784444
5968,1.0,0.9996375886931753
5969,1.0,0.9996376037026029
5970,1.0,0.9996376187067385
5971,1.0,0.9996376337055924
5972,1.0,0.9996376486991762
5973,1.0,0.9996376636875
5974,1.0,0.9996376786705753
5975,1.0,0.9996376936484124
5976,1.0,0.9996377086210224
5977,1.0,0.9996377235884161
5978,1.0,0.999637738550604
5979,1.0,0.9996377535075971
5980,1.0,0.9996377684594058
5981,1.0,0.9996377834060411
5982,1.0,0.9996377983475132
5983,1.0,0.9996378132838333
5984,1.0,0.9996378282150117
5985,1.0,0.9996378431410586
5986,1.0,0.999637858061985
5987,1.0,0.9996378729778017
5988,1.0,0.9996378878885184
5989,1.0,0.9996379027941462
5990,1.0,0.9996379176946955
5991,1.0,0.9996379325901764
5992,1.0,0.9996379474805995
5993,1.0,0.9996379623659752
5994,1.0,0.999637977246314
5995,1.0,0.999637992121626
5996,1.0,0.9996380069919216
5997,1.0,0.9996380218572112
5998,1.0,0.9996380367175048
5999,1.0,0.9996380515728129
6000,1.0,0.9996380664231456
6001,1.0,0.9996380812685132
6002,1.0,0.9996380961089256
6003,1.0,0.999638110944393
6004,1.0,0.9996381257749261
6005,1.0,0.9996381406005342
6006,1.0,0.9996381554212281
6007,1.0,0.9996381702370174
6008,1.0,0.9996381850479122
6009,1.0,0.9996381998539225
6010,1.0,0.9996382146550584
6011,1.0,0.99963822945133
6012,1.0,0.9996382442427468
6013,1.0,0.9996382590293194
6014,1.0,0.999638273811057
6015,1.0,0.9996382885879699
6016,1.0,0.9996383033600679
6017,1.0,0.9996383181273604
6018,1.0,0.9996383328898579
6019,1.0,0.9996383476475699
6020,1.0,0.999638362400506
6021,1.0,0.9996383771486761
6022,1.0,0.99963839189209
6023,1.0,0.9996384066307574
6024,1.0,0.9996384213646877
6025,1.0,0.999638436093891
6026,1.0,0.9996384508183764
6027,1.0,0.9996384655381542
6028,1.0,0.9996384802532332
6029,1.0,0.9996384949636236
6030,1.0,0.9996385096693345
6031,1.0,0.9996385243703759
6032,1.0,0.9996385390667569
6033,1.0,0.9996385537584872
6034,1.0,0.9996385684455762
6035,1.0,0.9996385831280334
6036,1.0,0.9996385978058681
6037,1.0,0.9996386124790898
6038,1.0,0.9996386271477077
6039,1.0,0.9996386418117313
6040,1.0,0.9996386564711702
6041,1.0,0.9996386711260333
6042,1.0,0.99963868577633
6043,1.0,0.9996387004220695
6044,1.0,0.9996387150632614
6045,1.0,0.9996387296999145
6046,1.0,0.9996387443320385
6047,1.0,0.9996387589596418
6048,1.0,0.9996387735827346
6049,1.0,0.9996387882013253
6050,1.0,0.9996388028154233
6051,1.0,0.9996388174250375
6052,1.0,0.9996388320301772
6053,1.0,0.9996388466308513
6054,1.0,0.9996388612270691
6055,1.0,0.9996388758188395
6056,1.0,0.9996388904061715
6057,1.0,0.9996389049890739
6058,1.0,0.9996389195675558
6059,1.0,0.9996389341416262
6060,1.0,0.9996389487112939
6061,1.0,0.9996389632765681
6062,1.0,0.9996389778374571
6063,1.0,0.9996389923939705
6064,1.0,0.9996390069461167
6065,1.0,0.9996390214939045
6066,1.0,0.9996390360373428
6067,1.0,0.9996390505764404
6068,1.0,0.9996390651112061
6069,1.0,0.9996390796416483
6070,1.0,0.9996390941677763
6071,1.0,0.9996391086895986
6072,1.0,0.9996391232071237
6073,1.0,0.9996391377203603
6074,1.0,0.999639152229317
6075,1.0,0.9996391667340025
6076,1.0,0.9996391812344255
6077,1.0,0.9996391957305948
6078,1.0,0.9996392102225182
6079,1.0,0.999639224710205
6080,1.0,0.9996392391936637
6081,1.0,0.9996392536729023
6082,1.0,0.9996392681479296
6083,1.0,0.9996392826187538
6084,1.0,0.9996392970853839
6085,1.0,0.9996393115478279
6086,1.0,0.9996393260060943
6087,1.0,0.9996393404601914
6088,1.0,0.9996393549101279
6089,1.0,0.9996393693559119
6090,1.0,0.9996393837975518
6091,1.0,0.9996393982350557
6092,1.0,0.9996394126684323
6093,1.0,0.9996394270976896
6094,1.0,0.999639441522836
6095,1.0,0.9996394559438796
6096,1.0,0.9996394703608289
6097,1.0,0.9996394847736918
6098,1.0,0.9996394991824767
6099,1.0,0.9996395135871915
6100,1.0,0.9996395279878446
6101,1.0,0.9996395423844441
6102,1.0,0.9996395567769981
6103,1.0,0.9996395711655146
6104,1.0,0.9996395855500017
6105,1.0,0.9996395999304676
6106,1.0,0.9996396143069202
6107,1.0,0.9996396286793675
6108,1.0,0.9996396430478178
6109,1.0,0.9996396574122784
6110,1.0,0.9996396717727581
6111,1.0,0.9996396861292646
6112,1.0,0.9996397004818055
6113,1.0,0.9996397148303888
6114,1.0,0.9996397291750226
6115,1.0,0.9996397435157148
6116,1.0,0.9996397578524732
6117,1.0,0.9996397721853055
6118,1.0,0.9996397865142197
6119,1.0,0.9996398008392234
6120,1.0,0.9996398151603247
6121,1.0,0.9996398294775312
6122,1.0,0.9996398437908506
6123,1.0,0.9996398581002904
6124,1.0,0.9996398724058589
6125,1.0,0.9996398867075634
6126,1.0,0.999639901005412
6127,1.0,0.9996399152994117
6128,1.0,0.9996399295895707
6129,1.0,0.9996399438758964
6130,1.0,0.9996399581583965
6131,1.0,0.9996399724370785
6132,1.0,0.9996399867119502
6133,1.0,0.9996400009830188
6134,1.0,0.9996400152502921
6135,1.0,0.9996400295137778
6136,1.0,0.9996400437734829
6137,1.0,0.9996400580294152
6138,1.0,0.9996400722815825
6139,1.0,0.9996400865299916
6140,1.0,0.9996401007746506
6141,1.0,0.9996401150155665
6142,1.0,0.9996401292527465
6143,1.0,0.9996401434861987
6144,1.0,0.99964015771593
6145,1.0,0.9996401719419477
6146,1.0,0.9996401861642594
6147,1.0,0.9996402003828724
6148,1.0,0.999640214597794
6149,1.0,0.9996402288090314
6150,1.0,0.9996402430165919
6151,1.0,0.9996402572204827
6152,1.0,0.9996402714207112
6153,1.0,0.9996402856172846
6154,1.0,0.9996402998102099
6155,1.0,0.9996403139994948
6156,1.0,0.9996403281851458
6157,1.0,0.9996403423671706
6158,1.0,0.9996403565455761
6159,1.0,0.9996403707203697
6160,1.0,0.9996403848915579
6161,1.0,0.9996403990591485
6162,1.0,0.9996404132231482
6163,1.0,0.9996404273835641
6164,1.0,0.9996404415404035
6165,1.0,0.9996404556936732
6166,1.0,0.9996404698433804
6167,1.0,0.9996404839895318
6168,1.0,0.9996404981321345
6169,1.0,0.9996405122711958
6170,1.0,0.9996405264067222
6171,1.0,0.9996405405387209
6172,1.0,0.9996405546671986
6173,1.0,0.9996405687921626
6174,1.0,0.9996405829136193
6175,1.0,0.9996405970315762
6176,1.0,0.9996406111460395
6177,1.0,0.9996406252570166
6178,1.0,0.9996406393645139
6179,1.0,0.9996406534685387
6180,1.0,0.9996406675690971
6181,1.0,0.9996406816661964
6182,1.0,0.9996406957598435
6183,1.0,0.9996407098500448
6184,1.0,0.9996407239368073
6185,1.0,0.9996407380201372
6186,1.0,0.999640752100042
6187,1.0,0.9996407661765279
6188,1.0,0.9996407802496016
6189,1.0,0.9996407943192698
6190,1.0,0.9996408083855393
6191,1.0,0.9996408224484163
6192,1.0,0.9996408365079081
6193,1.0,0.999640850564021
6194,1.0,0.9996408646167613
6195,1.0,0.9996408786661357
6196,1.0,0.9996408927121513
6197,1.0,0.999640906754814
6198,1.0,0.9996409207941306
6199,1.0,0.9996409348301074
6200,1.0,0.999640948862751
6201,1.0,0.999640962892068
6202,1.0,0.9996409769180652
6203,1.0,0.9996409909407482
6204,1.0,0.9996410049601243
6205,1.0,0.9996410189761995
6206,1.0,0.9996410329889799
6207,1.0,0.9996410469984726
6208,1.0,0.9996410610046835
6209,1.0,0.9996410750076191
6210,1.0,0.9996410890072859
6211,1.0,0.9996411030036899
6212,1.0,0.9996411169968378
6213,1.0,0.9996411309867358
6214,1.0,0.99964114497339
6215,1.0,0.999641158956807
6216,1.0,0.999641172936993
6217,1.0,0.9996411869139539
6218,1.0,0.999641200887696
6219,1.0,0.9996412148582262
6220,1.0,0.9996412288255501
6221,1.0,0.9996412427896739
6222,1.0,0.9996412567506041
6223,1.0,0.9996412707083467
6224,1.0,0.9996412846629077
6225,1.0,0.9996412986142935
6226,1.0,0.9996413125625101
6227,1.0,0.9996413265075635
6228,1.0,0.9996413404494603
6229,1.0,0.9996413543882061
6230,1.0,0.9996413683238071
6231,1.0,0.9996413822562692
6232,1.0,0.9996413961855989
6233,1.0,0.9996414101118017
6234,1.0,0.9996414240348841
6235,1.0,0.9996414379548518
6236,1.0,0.9996414518717108
6237,1.0,0.9996414657854674
6238,1.0,0.9996414796961268
6239,1.0,0.999641493603696
6240,1.0,0.99964150750818
6241,1.0,0.9996415214095854
6242,1.0,0.9996415353079179
6243,1.0,0.9996415492031832
6244,1.0,0.9996415630953874
6245,1.0,0.9996415769845362
6246,1.0,0.9996415908706359
6247,1.0,0.9996416047536918
6248,1.0,0.9996416186337098
6249,1.0,0.999641632510696
6250,1.0,0.999641646384656
6251,1.0,0.9996416602555955
6252,1.0,0.9996416741235209
6253,1.0,0.9996416879884372
6254,1.0,0.9996417018503506
6255,1.0,0.9996417157092667
6256,1.0,0.9996417295651909
6257,1.0,0.9996417434181295
6258,1.0,0.999641757268088
6259,1.0,0.9996417711150722
6260,1.0,0.9996417849590873
6261,1.0,0.9996417988001394
6262,1.0,0.9996418126382339
6263,1.0,0.9996418264733768
6264,1.0,0.9996418403055735
6265,1.0,0.9996418541348295
6266,1.0,0.9996418679611504
6267,1.0,0.999641881784542
6268,1.0,0.9996418956050098
6269,1.0,0.9996419094225594
6270,1.0,0.9996419232371964
6271,1.0,0.999641937048926
6272,1.0,0.9996419508577538
6273,1.0,0.9996419646636855
6274,1.0,0.9996419784667268
6275,1.0,0.9996419922668829
6276,1.0,0.9996420060641591
6277,1.0,0.9996420198585613
6278,1.0,0.9996420336500946
6279,1.0,0.9996420474387648
6280,1.0,0.9996420612245769
6281,1.0,0.9996420750075364
6282,1.0,0.999642088787649
6283,1.0,0.9996421025649198
6284,1.0,0.9996421163393545
6285,1.0,0.999642130110958
6286,1.0,0.9996421438797359
6287,1.0,0.9996421576456938
6288,1.0,0.9996421714088366
6289,1.0,0.9996421851691696
6290,1.0,0.9996421989266986
6291,1.0,0.9996422126814282
6292,1.0,0.9996422264333644
6293,1.0,0.999642240182512
6294,1.0,0.9996422539288763
6295,1.0,0.9996422676724628
6296,1.0,0.9996422814132764
6297,1.0,0.9996422951513226
6298,1.0,0.9996423088866065
6299,1.0,0.9996423226191332
6300,1.0,0.999642336348908
6301,1.0,0.9996423500759362
6302,1.0,0.9996423638002226
6303,1.0,0.9996423775217728
6304,1.0,0.9996423912405915
6305,1.0,0.9996424049566842
6306,1.0,0.9996424186700558
6307,1.0,0.9996424323807115
6308,1.0,0.999642446088656
6309,1.0,0.9996424597938952
6310,1.0,0.9996424734964335
6311,1.0,0.9996424871962761
6312,1.0,0.9996425008934283
6313,1.0,0.9996425145878948
6314,1.0,0.9996425282796807
6315,1.0,0.9996425419687912
6316,1.0,0.9996425556552312
6317,1.0,0.9996425693390056
6318,1.0,0.9996425830201195
6319,1.0,0.9996425966985779
6320,1.0,0.9996426103743855
6321,1.0,0.9996426240475474
6322,1.0,0.999642637718069
6323,1.0,0.9996426513859543
6324,1.0,0.9996426650512088
6325,1.0,0.9996426787138374
6326,1.0,0.999642692373845
6327,1.0,0.9996427060312362
6328,1.0,0.9996427196860161
6329,1.0,0.9996427333381894
6330,1.0,0.999642746987761
6331,1.0,0.999642760634736
6332,1.0,0.9996427742791189
6333,1.0,0.9996427879209144
6334,1.0,0.9996428015601279
6335,1.0,0.9996428151967636
6336,1.0,0.9996428288308266
6337,1.0,0.9996428424623214
6338,1.0,0.9996428560912529
6339,1.0,0.9996428697176262
6340,1.0,0.9996428833414454
6341,1.0,0.9996428969627157
6342,1.0,0.9996429105814415
6343,1.0,0.9996429241976276
6344,1.0,0.9996429378112789
6345,1.0,0.9996429514224001
6346,1.0,0.9996429650309954
6347,1.0,0.99964297863707
6348,1.0,0.9996429922406282
6349,1.0,0.9996430058416749
6350,1.0,0.9996430194402147
6351,1.0,0.9996430330362518
6352,1.0,0.9996430466297914
6353,1.0,0.9996430602208378
6354,1.0,0.9996430738093957
6355,1.0,0.9996430873954694
6356,1.0,0.9996431009790638
6357,1.0,0.9996431145601833
6358,1.0,0.9996431281388327
6359,1.0,0.9996431417150161
6360,1.0,0.9996431552887381
6361,1.0,0.9996431688600038
6362,1.0,0.999643182428817
6363,1.0,0.9996431959951827
6364,1.0,0.9996432095591052
6365,1.0,0.9996432231205888
6366,1.0,0.9996432366796382
6367,1.0,0.9996432502362579
6368,1.0,0.999643263790452
6369,1.0,0.9996432773422252
6370,1.0,0.9996432908915819
6371,1.0,0.9996433044385267
6372,1.0,0.9996433179830636
6373,1.0,0.9996433315251974
6374,1.0,0.9996433450649324
6375,1.0,0.9996433586022725
6376,1.0,0.9996433721372227
6377,1.0,0.999643385669787
6378,1.0,0.99964339919997
6379,1.0,0.999643412727776
6380,1.0,0.9996434262532091
6381,1.0,0.9996434397762737
6382,1.0,0.9996434532969741
6383,1.0,0.9996434668153148
6384,1.0,0.9996434803313
6385,1.0,0.9996434938449338
6386,1.0,0.9996435073562207
6387,1.0,0.999643520865165
6388,1.0,0.9996435343717707
6389,1.0,0.9996435478760417
6390,1.0,0.9996435613779834
6391,1.0,0.999643574877599
6392,1.0,0.999643588374893
6393,1.0,0.9996436018698698
6394,1.0,0.9996436153625333
6395,1.0,0.9996436288528878
6396,1.0,0.9996436423409374
6397,1.0,0.9996436558266866
6398,1.0,0.999643669310139
6399,1.0,0.9996436827912996
6400,1.0,0.9996436962701716
6401,1.0,0.9996437097467594
6402,1.0,0.9996437232210675
6403,1.0,0.9996437366930998
6404,1.0,0.9996437501628602
6405,1.0,0.9996437636303531
6406,1.0,0.9996437770955822
6407,1.0,0.9996437905585518
6408,1.0,0.9996438040192662
6409,1.0,0.9996438174777292
6410,1.0,0.9996438309339446
6411,1.0,0.9996438443879172
6412,1.0,0.9996438578396504
6413,1.0,0.999643871289148
6414,1.0,0.9996438847364145
6415,1.0,0.9996438981814538
6416,1.0,0.99964391162427
6417,1.0,0.9996439250648669
6418,1.0,0.9996439385032485
6419,1.0,0.9996439519394188
6420,1.0,0.9996439653733815
6421,1.0,0.9996439788051411
6422,1.0,0.9996439922347011
6423,1.0,0.9996440056620655
6424,1.0,0.9996440190872382
6425,1.0,0.9996440325102233
6426,1.0,0.9996440459310246
6427,1.0,0.999644059349646
6428,1.0,0.9996440727660914
6429,1.0,0.9996440861803645
6430,1.0,0.9996440995924692
6431,1.0,0.9996441130024097
6432,1.0,0.9996441264101894
6433,1.0,0.9996441398158125
6434,1.0,0.9996441532192828
6435,1.0,0.9996441666206041
6436,1.0,0.9996441800197796
6437,1.0,0.9996441934168141
6438,1.0,0.9996442068117106
6439,1.0,0.9996442202044735
6440,1.0,0.9996442335951063
6441,1.0,0.9996442469836126
6442,1.0,0.9996442603699964
6443,1.0,0.9996442737542616
6444,1.0,0.9996442871364115
6445,1.0,0.9996443005164503
6446,1.0,0.9996443138943811
6447,1.0,0.9996443272702084
6448,1.0,0.9996443406439356
6449,1.0,0.9996443540155662
6450,1.0,0.999644367385104
6451,1.0,0.9996443807525528
6452,1.0,0.9996443941179164
6453,1.0,0.9996444074811982
6454,1.0,0.999644420842402
6455,1.0,0.9996444342015312
6456,1.0,0.9996444475585897
6457,1.0,0.9996444609135811
6458,1.0,0.9996444742665093
6459,1.0,0.9996444876173773
6460,1.0,0.9996445009661894
6461,1.0,0.9996445143129487
6462,1.0,0.999644527657659
6463,1.0,0.9996445410003237
6464,1.0,0.9996445543409468
6465,1.0,0.9996445676795314
6466,1.0,0.9996445810160814
6467,1.0,0.9996445943506005
6468,1.0,0.9996446076830916
6469,1.0,0.9996446210135587
6470,1.0,0.9996446343420055
6471,1.0,0.9996446476684351
6472,1.0,0.9996446609928513
6473,1.0,0.9996446743152575
6474,1.0,0.9996446876356572
6475,1.0,0.9996447009540539
6476,1.0,0.9996447142704513
6477,1.0,0.9996447275848525
6478,1.0,0.9996447408972613
6479,1.0,0.9996447542076807
6480,1.0,0.9996447675161149
6481,1.0,0.9996447808225666
6482,1.0,0.9996447941270398
6483,1.0,0.9996448074295374
6484,1.0,0.9996448207300636
6485,1.0,0.9996448340286208
6486,1.0,0.9996448473252132
6487,1.0,0.9996448606198439
6488,1.0,0.9996448739125164
6489,1.0,0.9996448872032342
6490,1.0,0.9996449004920003
6491,1.0,0.9996449137788184
6492,1.0,0.9996449270636915
6493,1.0,0.9996449403466234
6494,1.0,0.9996449536276171
6495,1.0,0.9996449669066761
6496,1.0,0.9996449801838038
6497,1.0,0.9996449934590035
6498,1.0,0.9996450067322784
6499,1.0,0.9996450200036316
6500,1.0,0.999645033273067
6501,1.0,0.9996450465405877
6502,1.0,0.9996450598061966
6503,1.0,0.9996450730698971
6504,1.0,0.9996450863316929
6505,1.0,0.999645099591587
6506,1.0,0.9996451128495826
6507,1.0,0.9996451261056828
6508,1.0,0.9996451393598913
6509,1.0,0.9996451526122109
6510,1.0,0.999645165862645
6511,1.0,0.9996451791111969
6512,1.0,0.9996451923578694
6513,1.0,0.9996452056026665
6514,1.0,0.9996452188455907
6515,1.0,0.9996452320866455
6516,1.0,0.999645245325834
6517,1.0,0.9996452585631593
6518,1.0,0.9996452717986248
6519,1.0,0.9996452850322336
6520,1.0,0.9996452982639888
6521,1.0,0.9996453114938938
6522,1.0,0.999645324721951
6523,1.0,0.9996453379481642
6524,1.0,0.9996453511725364
6525,1.0,0.9996453643950706
6526,1.0,0.9996453776157701
6527,1.0,0.9996453908346379
6528,1.0,0.9996454040516768
6529,1.0,0.9996454172668908
6530,1.0,0.999645430480282
6531,1.0,0.9996454436918538
6532,1.0,0.9996454569016094
6533,1.0,0.9996454701095518
6534,1.0,0.9996454833156844
6535,1.0,0.9996454965200094
6536,1.0,0.9996455097225307
6537,1.0,0.9996455229232508
6538,1.0,0.9996455361221733
6539,1.0,0.9996455493193006
6540,1.0,0.9996455625146358
6541,1.0,0.9996455757081825
6542,1.0,0.999645588899943
6543,1.0,0.9996456020899206
6544,1.0,0.9996456152781185
6545,1.0,0.9996456284645392
6546,1.0,0.9996456416491861
6547,1.0,0.9996456548320621
6548,1.0,0.9996456680131699
6549,1.0,0.9996456811925128
6550,1.0,0.9996456943700935
6551,1.0,0.9996457075459151
6552,1.0,0.9996457207199806
6553,1.0,0.9996457338922925
6554,1.0,0.9996457470628543
6555,1.0,0.9996457602316686
6556,1.0,0.9996457733987384
6557,1.0,0.9996457865640664
6558,1.0,0.9996457997276558
6559,1.0,0.9996458128895092
6560,1.0,0.9996458260496298
6561,1.0,0.9996458392080203
6562,1.0,0.9996458523646836
6563,1.0,0.9996458655196226
6564,1.0,0.9996458786728402
6565,1.0,0.9996458918243392
6566,1.0,0.999645904974122
6567,1.0,0.9996459181221922
6568,1.0,0.9996459312685523
6569,1.0,0.999645944413205
6570,1.0,0.9996459575561535
6571,1.0,0.9996459706974002
6572,1.0,0.999645983836948
6573,1.0,0.9996459969747998
6574,1.0,0.9996460101109585
6575,1.0,0.9996460232454265
6576,1.0,0.9996460363782073
6577,1.0,0.9996460495093029
6578,1.0,0.9996460626387165
6579,1.0,0.9996460757664507
6580,1.0,0.9996460888925085
6581,1.0,0.9996461020168922
6582,1.0,0.9996461151396049
6583,1.0,0.9996461282606492
6584,1.0,0.9996461413800282
6585,1.0,0.9996461544977441
6586,1.0,0.9996461676137999
6587,1.0,0.999646180728198
6588,1.0,0.9996461938409417
6589,1.0,0.9996462069520333
6590,1.0,0.9996462200614756
6591,1.0,0.9996462331692711
6592,1.0,0.9996462462754225
6593,1.0,0.9996462593799331
6594,1.0,0.9996462724828048
6595,1.0,0.9996462855840406
6596,1.0,0.9996462986836432
6597,1.0,0.999646311781615
6598,1.0,0.9996463248779591
6599,1.0,0.9996463379726777
6600,1.0,0.9996463510657737
6601,1.0,0.9996463641572496
6602,1.0,0.999646377247108
6603,1.0,0.9996463903353516
6604,1.0,0.999646403421983
6605,1.0,0.9996464165070048
6606,1.0,0.9996464295904198
6607,1.0,0.9996464426722302
6608,1.0,0.9996464557524389
6609,1.0,0.9996464688310485
6610,1.0,0.9996464819080612
6611,1.0,0.99964649498348
6612,1.0,0.9996465080573071
6613,1.0,0.9996465211295456
6614,1.0,0.9996465342001976
6615,1.0,0.9996465472692656
6616,1.0,0.9996465603367525
6617,1.0,0.9996465734026606
6618,1.0,0.9996465864669927
6619,1.0,0.9996465995297508
6620,1.0,0.9996466125909378
6621,1.0,0.9996466256505562
6622,1.0,0.9996466387086084
6623,1.0,0.9996466517650969
6624,1.0,0.9996466648200245
6625,1.0,0.9996466778733935
6626,1.0,0.9996466909252061
6627,1.0,0.999646703975465
6628,1.0,0.9996467170241727
6629,1.0,0.9996467300713319
6630,1.0,0.9996467431169449
6631,1.0,0.9996467561610137
6632,1.0,0.9996467692035415
6633,1.0,0.9996467822445302
6634,1.0,0.9996467952839826
6635,1.0,0.9996468083219008
6636,1.0,0.9996468213582875
6637,1.0,0.9996468343931452
6638,1.0,0.9996468474264761
6639,1.0,0.9996468604582824
6640,1.0,0.9996468734885671
6641,1.0,0.9996468865173321
6642,1.0,0.9996468995445804
6643,1.0,0.9996469125703135
6644,1.0,0.9996469255945345
6645,1.0,0.9996469386172457
6646,1.0,0.9996469516384492
6647,1.0,0.9996469646581475
6648,1.0,0.999646977676343
6649,1.0,0.999646990693038
6650,1.0,0.999647003708235
6651,1.0,0.9996470167219361
6652,1.0,0.999647029734144
6653,1.0,0.9996470427448608
6654,1.0,0.9996470557540887
6655,1.0,0.9996470687618304
6656,1.0,0.999647081768088
6657,1.0,0.9996470947728638
6658,1.0,0.9996471077761604
6659,1.0,0.9996471207779797
6660,1.0,0.9996471337783243
6661,1.0,0.9996471467771961
6662,1.0,0.9996471597745977
6663,1.0,0.9996471727705317
6664,1.0,0.9996471857649998
6665,1.0,0.9996471987580046
6666,1.0,0.9996472117495483
6667,1.0,0.9996472247396332
6668,1.0,0.9996472377282616
6669,1.0,0.9996472507154356
6670,1.0,0.9996472637011576
6671,1.0,0.9996472766854299
6672,1.0,0.9996472896682543
6673,1.0,0.9996473026496338
6674,1.0,0.99964731562957
6675,1.0,0.9996473286080654
6676,1.0,0.999647341585122
6677,1.0,0.9996473545607425
6678,1.0,0.9996473675349288
6679,1.0,0.9996473805076829
6680,1.0,0.9996473934790071
6681,1.0,0.9996474064489038
6682,1.0,0.9996474194173753
6683,1.0,0.9996474323844236
6684,1.0,0.9996474453500506
6685,1.0,0.9996474583142589
6686,1.0,0.9996474712770504
6687,1.0,0.9996474842384276
6688,1.0,0.9996474971983924
6689,1.0,0.999647510156947
6690,1.0,0.9996475231140938
6691,1.0,0.9996475360698344
6692,1.0,0.9996475490241714
6693,1.0,0.9996475619771069
6694,1.0,0.9996475749286429
6695,1.0,0.9996475878787814
6696,1.0,0.999647600827525
6697,1.0,0.9996476137748753
6698,1.0,0.9996476267208346
6699,1.0,0.9996476396654055
6700,1.0,0.9996476526085891
6701,1.0,0.9996476655503884
6702,1.0,0.999647678490805
6703,1.0,0.9996476914298413
6704,1.0,0.9996477043674992
6705,1.0,0.9996477173037808
6706,1.0,0.9996477302386881
6707,1.0,0.9996477431722235
6708,1.0,0.9996477561043886
6709,1.0,0.9996477690351858
6710,1.0,0.9996477819646172
6711,1.0,0.9996477948926846
6712,1.0,0.9996478078193901
6713,1.0,0.999647820744736
6714,1.0,0.9996478336687241
6715,1.0,0.9996478465913566
6716,1.0,0.9996478595126354
6717,1.0,0.9996478724325626
6718,1.0,0.99964788535114
6719,1.0,0.9996478982683701
6720,1.0,0.9996479111842543
6721,1.0,0.999647924098795
6722,1.0,0.9996479370119943
6723,1.0,0.9996479499238541
6724,1.0,0.999647962834376
6725,1.0,0.9996479757435627
6726,1.0,0.9996479886514155
6727,1.0,0.9996480015579369
6728,1.0,0.9996480144631285
6729,1.0,0.9996480273669927
6730,1.0,0.999648040269531
6731,1.0,0.9996480531707457
6732,1.0,0.9996480660706388
6733,1.0,0.9996480789692118
6734,1.0,0.9996480918664671
6735,1.0,0.9996481047624063
6736,1.0,0.9996481176570318
6737,1.0,0.9996481305503452
6738,1.0,0.9996481434423485
6739,1.0,0.9996481563330438
6740,1.0,0.9996481692224327
6741,1.0,0.9996481821105173
6742,1.0,0.9996481949972996
6743,1.0,0.9996482078827815
6744,1.0,0.9996482207669648
6745,1.0,0.9996482336498514
6746,1.0,0.9996482465314432
6747,1.0,0.999648259411742
6748,1.0,0.9996482722907503
6749,1.0,0.9996482851684692
6750,1.0,0.9996482980449009
6751,1.0,0.9996483109200472
6752,1.0,0.9996483237939103
6753,1.0,0.9996483366664917
6754,1.0,0.9996483495377932
6755,1.0,0.9996483624078172
6756,1.0,0.999648375276565
6757,1.0,0.9996483881440388
6758,1.0,0.9996484010102402
6759,1.0,0.9996484138751716
6760,1.0,0.9996484267388339
6761,1.0,0.9996484396012296
6762,1.0,0.9996484524623603
6763,1.0,0.9996484653222281
6764,1.0,0.9996484781808345
6765,1.0,0.9996484910381815
6766,1.0,0.9996485038942707
6767,1.0,0.9996485167491043
6768,1.0,0.999648529602684
6769,1.0,0.9996485424550113
6770,1.0,0.9996485553060884
6771,1.0,0.9996485681559166
6772,1.0,0.9996485810044983
6773,1.0,0.9996485938518347
6774,1.0,0.999648606697928
6775,1.0,0.99964861954278
6776,1.0,0.9996486323863919
6777,1.0,0.9996486452287663
6778,1.0,0.9996486580699043
6779,1.0,0.9996486709098079
6780,1.0,0.9996486837484791
6781,1.0,0.9996486965859195
6782,1.0,0.9996487094221307
6783,1.0,0.9996487222571145
6784,1.0,0.9996487350908727
6785,1.0,0.9996487479234071
6786,1.0,0.9996487607547193
6787,1.0,0.9996487735848111
6788,1.0,0.9996487864136845
6789,1.0,0.9996487992413406
6790,1.0,0.9996488120677814
6791,1.0,0.9996488248930091
6792,1.0,0.9996488377170251
6793,1.0,0.9996488505398307
6794,1.0,0.999648863361428
6795,1.0,0.9996488761818187
6796,1.0,0.9996488890010045
6797,1.0,0.9996489018189867
6798,1.0,0.9996489146357678
6799,1.0,0.9996489274513488
6800,1.0,0.9996489402657315
6801,1.0,0.9996489530789178
6802,1.0,0.9996489658909092
6803,1.0,0.9996489787017075
6804,1.0,0.9996489915113143
6805,1.0,0.999649004319731
6806,1.0,0.9996490171269599
6807,1.0,0.9996490299330021
6808,1.0,0.9996490427378592
6809,1.0,0.9996490555415335
6810,1.0,0.9996490683440259
6811,1.0,0.9996490811453387
6812,1.0,0.999649093945473
6813,1.0,0.9996491067444309
6814,1.0,0.9996491195422135
6815,1.0,0.9996491323388228
6816,1.0,0.9996491451342603
6817,1.0,0.9996491579285276
6818,1.0,0.9996491707216266
6819,1.0,0.9996491835135585
6820,1.0,0.9996491963043252
6821,1.0,0.9996492090939281
6822,1.0,0.999649221882369
6823,1.0,0.9996492346696494
6824,1.0,0.9996492474557708
6825,1.0,0.999649260240735
6826,1.0,0.9996492730245436
6827,1.0,0.9996492858071979
6828,1.0,0.9996492985886998
6829,1.0,0.9996493113690507
6830,1.0,0.9996493241482521
6831,1.0,0.9996493369263056
6832,1.0,0.999649349703213
6833,1.0,0.9996493624789756
6834,1.0,0.9996493752535952
6835,1.0,0.9996493880270733
6836,1.0,0.9996494007994112
6837,1.0,0.9996494135706107
6838,1.0,0.9996494263406732
6839,1.0,0.9996494391096004
6840,1.0,0.9996494518773937
6841,1.0,0.9996494646440548
6842,1.0,0.9996494774095851
6843,1.0,0.9996494901739862
6844,1.0,0.9996495029372596
6845,1.0,0.9996495156994065
6846,1.0,0.9996495284604291
6847,1.0,0.9996495412203283
6848,1.0,0.999649553979106
6849,1.0,0.9996495667367638
6850,1.0,0.9996495794933025
6851,1.0,0.9996495922487245
6852,1.0,0.9996496050030306
6853,1.0,0.9996496177562226
6854,1.0,0.9996496305083019
6855,1.0,0.9996496432592704
6856,1.0,0.9996496560091289
6857,1.0,0.9996496687578794
6858,1.0,0.999649681505523
6859,1.0,0.9996496942520614
6860,1.0,0.9996497069974963
6861,1.0,0.9996497197418286
6862,1.0,0.9996497324850605
6863,1.0,0.9996497452271927
6864,1.0,0.9996497579682272
6865,1.0,0.9996497707081651
6866,1.0,0.9996497834470083
6867,1.0,0.9996497961847577
6868,1.0,0.999649808921415
6869,1.0,0.9996498216569818
6870,1.0,0.9996498343914593
6871,1.0,0.9996498471248491
6872,1.0,0.9996498598571526
6873,1.0,0.9996498725883712
6874,1.0,0.9996498853185062
6875,1.0,0.9996498980475591
6876,1.0,0.9996499107755317
6877,1.0,0.9996499235024247
6878,1.0,0.99964993622824
6879,1.0,0.9996499489529791
6880,1.0,0.9996499616766431
6881,1.0,0.9996499743992338
6882,1.0,0.9996499871207518
6883,1.0,0.9996499998411996
6884,1.0,0.9996500125605775
6885,1.0,0.9996500252788879
6886,1.0,0.9996500379961313
6887,1.0,0.9996500507123097
6888,1.0,0.9996500634274242
6889,1.0,0.9996500761414765
6890,1.0,0.9996500888544675
6891,1.0,0.9996501015663988
6892,1.0,0.999650114277272
6893,1.0,0.9996501269870879
6894,1.0,0.9996501396958485
6895,1.0,0.9996501524035548
6896,1.0,0.9996501651102082
6897,1.0,0.99965017781581
6898,1.0,0.9996501905203619
6899,1.0,0.9996502032238648
6900,1.0,0.9996502159263205
6901,1.0,0.9996502286277297
6902,1.0,0.9996502413280942
6903,1.0,0.9996502540274156
6904,1.0,0.9996502667256947
6905,1.0,0.9996502794229329
6906,1.0,0.9996502921191318
6907,1.0,0.9996503048142925
6908,1.0,0.9996503175084166
6909,1.0,0.9996503302015051
6910,1.0,0.9996503428935593
6911,1.0,0.9996503555845809
6912,1.0,0.9996503682745709
6913,1.0,0.9996503809635308
6914,1.0,0.9996503936514616
6915,1.0,0.9996504063383649
6916,1.0,0.9996504190242418
6917,1.0,0.9996504317090938
6918,1.0,0.999650444392922
6919,1.0,0.9996504570757279
6920,1.0,0.9996504697575125
6921,1.0,0.9996504824382771
6922,1.0,0.9996504951180234
6923,1.0,0.9996505077967525
6924,1.0,0.9996505204744652
6925,1.0,0.9996505331511636
6926,1.0,0.9996505458268483
6927,1.0,0.9996505585015208
6928,1.0,0.9996505711751822
6929,1.0,0.9996505838478342
6930,1.0,0.9996505965194777
6931,1.0,0.9996506091901141
6932,1.0,0.9996506218597445
6933,1.0,0.9996506345283703
6934,1.0,0.9996506471959928
6935,1.0,0.9996506598626129
6936,1.0,0.999650672528232
6937,1.0,0.999650685192852
6938,1.0,0.999650697856473
6939,1.0,0.999650710519097
6940,1.0,0.999650723180725
6941,1.0,0.9996507358413586
6942,1.0,0.9996507485009983
6943,1.0,0.9996507611596457
6944,1.0,0.9996507738173023
6945,1.0,0.9996507864739689
6946,1.0,0.9996507991296468
6947,1.0,0.9996508117843375
6948,1.0,0.9996508244380418
6949,1.0,0.9996508370907611
6950,1.0,0.9996508497424966
6951,1.0,0.9996508623932496
6952,1.0,0.9996508750430212
6953,1.0,0.9996508876918124
6954,1.0,0.9996509003396248
6955,1.0,0.9996509129864594
6956,1.0,0.9996509256323173
6957,1.0,0.9996509382771998
6958,1.0,0.9996509509211081
6959,1.0,0.9996509635640433
6960,1.0,0.9996509762060066
6961,1.0,0.9996509888469992
6962,1.0,0.9996510014870221
6963,1.0,0.9996510141260768
6964,1.0,0.9996510267641642
6965,1.0,0.9996510394012856
6966,1.0,0.9996510520374422
6967,1.0,0.9996510646726349
6968,1.0,0.9996510773068653
6969,1.0,0.9996510899401342
6970,1.0,0.9996511025724428
6971,1.0,0.9996511152037924
6972,1.0,0.999651127834184
6973,1.0,0.9996511404636188
6974,1.0,0.9996511530920978
6975,1.0,0.9996511657196225
6976,1.0,0.9996511783461938
6977,1.0,0.9996511909718128
6978,1.0,0.9996512035964805
6979,1.0,0.9996512162201984
6980,1.0,0.9996512288429672
6981,1.0,0.9996512414647883
6982,1.0,0.9996512540856632
6983,1.0,0.9996512667055921
6984,1.0,0.9996512793245771
6985,1.0,0.9996512919426186
6986,1.0,0.9996513045597178
6987,1.0,0.9996513171758763
6988,1.0,0.9996513297910945
6989,1.0,0.999651342405374
6990,1.0,0.9996513550187158
6991,1.0,0.9996513676311211
6992,1.0,0.9996513802425906
6993,1.0,0.999651392853126
6994,1.0,0.9996514054627278
6995,1.0,0.9996514180713975
6996,1.0,0.9996514306791358
6997,1.0,0.9996514432859444
6998,1.0,0.9996514558918236
6999,1.0,0.999651468496775
7000,1.0,0.9996514811007997
7001,1.0,0.9996514937038985
7002,1.0,0.999651506306073
7003,1.0,0.9996515189073233
7004,1.0,0.9996515315076515
7005,1.0,0.9996515441070583
7006,1.0,0.9996515567055442
7007,1.0,0.9996515693031109
7008,1.0,0.9996515818997597
7009,1.0,0.9996515944954907
7010,1.0,0.9996516070903059
7011,1.0,0.999651619684206
7012,1.0,0.9996516322771918
7013,1.0,0.9996516448692646
7014,1.0,0.9996516574604254
7015,1.0,0.9996516700506755
7016,1.0,0.9996516826400154
7017,1.0,0.9996516952284464
7018,1.0,0.99965170781597
7019,1.0,0.9996517204025862
7020,1.0,0.9996517329882972
7021,1.0,0.9996517455731032
7022,1.0,0.9996517581570055
7023,1.0,0.9996517707400053
7024,1.0,0.9996517833221032
7025,1.0,0.9996517959033004
7026,1.0,0.999651808483598
7027,1.0,0.9996518210629973
7028,1.0,0.9996518336414989
7029,1.0,0.9996518462191039
7030,1.0,0.9996518587958133
7031,1.0,0.999651871371628
7032,1.0,0.999651883946549
7033,1.0,0.999651896520578
7034,1.0,0.999651909093715
7035,1.0,0.9996519216659615
7036,1.0,0.9996519342373185
7037,1.0,0.999651946807787
7038,1.0,0.9996519593773678
7039,1.0,0.999651971946062
7040,1.0,0.9996519845138708
7041,1.0,0.9996519970807949
7042,1.0,0.9996520096468351
7043,1.0,0.9996520222119928
7044,1.0,0.999652034776269
7045,1.0,0.9996520473396642
7046,1.0,0.9996520599021799
7047,1.0,0.9996520724638167
7048,1.0,0.9996520850245757
7049,1.0,0.9996520975844579
7050,1.0,0.9996521101434644
7051,1.0,0.9996521227015958
7052,1.0,0.9996521352588534
7053,1.0,0.999652147815238
7054,1.0,0.9996521603707507
7055,1.0,0.9996521729253921
7056,1.0,0.9996521854791635
7057,1.0,0.9996521980320656
7058,1.0,0.9996522105840997
7059,1.0,0.9996522231352665
7060,1.0,0.999652235685567
7061,1.0,0.9996522482350019
7062,1.0,0.9996522607835725
7063,1.0,0.9996522733312797
7064,1.0,0.9996522858781242
7065,1.0,0.9996522984241073
7066,1.0,0.9996523109692294
7067,1.0,0.9996523235134918
7068,1.0,0.9996523360568955
7069,1.0,0.9996523485994411
7070,1.0,0.9996523611411297
7071,1.0,0.9996523736819622
7072,1.0,0.9996523862219399
7073,1.0,0.9996523987610629
7074,1.0,0.9996524112993328
7075,1.0,0.9996524238367502
7076,1.0,0.9996524363733165
7077,1.0,0.9996524489090317
7078,1.0,0.9996524614438974
7079,1.0,0.9996524739779142
7080,1.0,0.9996524865110835
7081,1.0,0.9996524990434057
7082,1.0,0.9996525115748816
7083,1.0,0.9996525241055124
7084,1.0,0.9996525366352988
7085,1.0,0.9996525491642422
7086,1.0,0.999652561692343
7087,1.0,0.999652574219602
7088,1.0,0.9996525867460202
7089,1.0,0.9996525992715989
7090,1.0,0.9996526117963386
7091,1.0,0.99965262432024
7092,1.0,0.9996526368433041
7093,1.0,0.9996526493655322
7094,1.0,0.9996526618869248
7095,1.0,0.9996526744074828
7096,1.0,0.9996526869272071
7097,1.0,0.9996526994460987
7098,1.0,0.9996527119641582
7099,1.0,0.9996527244813868
7100,1.0,0.9996527369977851
7101,1.0,0.9996527495133537
7102,1.0,0.9996527620280942
7103,1.0,0.999652774542007
7104,1.0,0.999652787055093
7105,1.0,0.999652799567353
7106,1.0,0.9996528120787879
7107,1.0,0.9996528245893986
7108,1.0,0.9996528370991862
7109,1.0,0.9996528496081509
7110,1.0,0.9996528621162941
7111,1.0,0.9996528746236164
7112,1.0,0.9996528871301186
7113,1.0,0.9996528996358017
7114,1.0,0.9996529121406668
7115,1.0,0.999652924644714
7116,1.0,0.9996529371479447
7117,1.0,0.9996529496503597
7118,1.0,0.9996529621519594
7119,1.0,0.999652974652745
7120,1.0,0.9996529871527177
7121,1.0,0.9996529996518773
7122,1.0,0.9996530121502256
7123,1.0,0.9996530246477628
7124,1.0,0.9996530371444903
7125,1.0,0.9996530496404084
7126,1.0,0.9996530621355181
7127,1.0,0.99965307462982
7128,1.0,0.9996530871233154
7129,1.0,0.9996530996160046
7130,1.0,0.9996531121078888
7131,1.0,0.9996531245989686
7132,1.0,0.9996531370892449
7133,1.0,0.9996531495787182
7134,1.0,0.9996531620673897
7135,1.0,0.9996531745552603
7136,1.0,0.9996531870423303
7137,1.0,0.9996531995286007
7138,1.0,0.9996532120140725
7139,1.0,0.9996532244987462
7140,1.0,0.999653236982623
7141,1.0,0.9996532494657031
7142,1.0,0.9996532619479879
7143,1.0,0.9996532744294776
7144,1.0,0.9996532869101733
7145,1.0,0.999653299390076
7146,1.0,0.999653311869186
7147,1.0,0.9996533243475044
7148,1.0,0.999653336825032
7149,1.0,0.9996533493017692
7150,1.0,0.9996533617777174
7151,1.0,0.9996533742528768
7152,1.0,0.9996533867272483
7153,1.0,0.9996533992008332
7154,1.0,0.9996534116736315
7155,1.0,0.9996534241456441
7156,1.0,0.9996534366168721
7157,1.0,0.9996534490873162
7158,1.0,0.9996534615569771
7159,1.0,0.9996534740258555
7160,1.0,0.9996534864939522
7161,1.0,0.9996534989612679
7162,1.0,0.9996535114278032
7163,1.0,0.9996535238935594
7164,1.0,0.9996535363585368
7165,1.0,0.9996535488227363
7166,1.0,0.9996535612861586
7167,1.0,0.9996535737488041
7168,1.0,0.9996535862106743
7169,1.0,0.9996535986717693
7170,1.0,0.9996536111320904
7171,1.0,0.9996536235916377
7172,1.0,0.9996536360504124
7173,1.0,0.9996536485084148
7174,1.0,0.9996536609656462
7175,1.0,0.9996536734221071
7176,1.0,0.999653685877798
7177,1.0,0.9996536983327199
7178,1.0,0.9996537107868734
7179,1.0,0.9996537232402594
7180,1.0,0.9996537356928782
7181,1.0,0.9996537481447311
7182,1.0,0.9996537605958183
7183,1.0,0.999653773046141
7184,1.0,0.9996537854956995
7185,1.0,0.9996537979444947
7186,1.0,0.9996538103925274
7187,1.0,0.9996538228397982
7188,1.0,0.9996538352863078
7189,1.0,0.9996538477320569
7190,1.0,0.9996538601770464
7191,1.0,0.9996538726212766
7192,1.0,0.9996538850647485
7193,1.0,0.999653897507463
7194,1.0,0.9996539099494204
7195,1.0,0.9996539223906216
7196,1.0,0.9996539348310673
7197,1.0,0.9996539472707581
7198,1.0,0.999653959709695
7199,1.0,0.9996539721478782
7200,1.0,0.9996539845853087
7201,1.0,0.999653997021987
7202,1.0,0.9996540094579142
7203,1.0,0.9996540218930906
7204,1.0,0.9996540343275171
7205,1.0,0.9996540467611942
7206,1.0,0.9996540591941229
7207,1.0,0.9996540716263034
7208,1.0,0.9996540840577368
7209,1.0,0.9996540964884234
7210,1.0,0.9996541089183645
7211,1.0,0.9996541213475599
7212,1.0,0.9996541337760111
7213,1.0,0.9996541462037183
7214,1.0,0.9996541586306824
7215,1.0,0.999654171056904
7216,1.0,0.9996541834823836
7217,1.0,0.999654195907122
7218,1.0,0.99965420833112
7219,1.0,0.9996542207543782
7220,1.0,0.999654233176897
7221,1.0,0.9996542455986774
7222,1.0,0.99965425801972
7223,1.0,0.9996542704400253
7224,1.0,0.999654282859594
7225,1.0,0.9996542952784268
7226,1.0,0.9996543076965243
7227,1.0,0.9996543201138874
7228,1.0,0.9996543325305165
7229,1.0,0.9996543449464123
7230,1.0,0.9996543573615756
7231,1.0,0.9996543697760067
7232,1.0,0.9996543821897067
7233,1.0,0.9996543946026758
7234,1.0,0.9996544070149148
7235,1.0,0.9996544194264246
7236,1.0,0.9996544318372054
7237,1.0,0.9996544442472582
7238,1.0,0.9996544566565835
7239,1.0,0.9996544690651822
7240,1.0,0.9996544814730542
7241,1.0,0.9996544938802011
7242,1.0,0.9996545062866224
7243,1.0,0.99965451869232
7244,1.0,0.9996545310972939
7245,1.0,0.9996545435015444
7246,1.0,0.9996545559050725
7247,1.0,0.9996545683078789
7248,1.0,0.9996545807099643
7249,1.0,0.999654593111329
7250,1.0,0.9996546055119736
7251,1.0,0.9996546179118991
7252,1.0,0.9996546303111056
7253,1.0,0.9996546427095941
7254,1.0,0.9996546551073653
7255,1.0,0.9996546675044196
7256,1.0,0.9996546799007577
7257,1.0,0.99965469229638
7258,1.0,0.9996547046912875
7259,1.0,0.9996547170854807
7260,1.0,0.9996547294789596
7261,1.0,0.9996547418717256
7262,1.0,0.999654754263779
7263,1.0,0.9996547666551205
7264,1.0,0.9996547790457506
7265,1.0,0.9996547914356699
7266,1.0,0.9996548038248791
7267,1.0,0.9996548162133785
7268,1.0,0.9996548286011692
7269,1.0,0.9996548409882512
7270,1.0,0.9996548533746258
7271,1.0,0.9996548657602926
7272,1.0,0.9996548781452533
7273,1.0,0.999654890529508
7274,1.0,0.999654902913057
7275,1.0,0.9996549152959013
7276,1.0,0.9996549276780415
7277,1.0,0.9996549400594779
7278,1.0,0.9996549524402111
7279,1.0,0.9996549648202421
7280,1.0,0.9996549771995709
7281,1.0,0.9996549895781985
7282,1.0,0.9996550019561252
7283,1.0,0.999655014333352
7284,1.0,0.999655026709879
7285,1.0,0.9996550390857071
7286,1.0,0.9996550514608368
7287,1.0,0.9996550638352684
7288,1.0,0.999655076209003
7289,1.0,0.9996550885820408
7290,1.0,0.9996551009543824
7291,1.0,0.9996551133260282
7292,1.0,0.9996551256969792
7293,1.0,0.9996551380672356
7294,1.0,0.9996551504367983
7295,1.0,0.9996551628056676
7296,1.0,0.9996551751738441
7297,1.0,0.9996551875413284
7298,1.0,0.9996551999081211
7299,1.0,0.9996552122742228
7300,1.0,0.9996552246396337
7301,1.0,0.9996552370043549
7302,1.0,0.9996552493683867
7303,1.0,0.9996552617317294
7304,1.0,0.9996552740943837
7305,1.0,0.9996552864563505
7306,1.0,0.99965529881763
7307,1.0,0.999655311178223
7308,1.0,0.9996553235381297
7309,1.0,0.9996553358973509
7310,1.0,0.999655348255887
7311,1.0,0.9996553606137387
7312,1.0,0.9996553729709066
7313,1.0,0.9996553853273907
7314,1.0,0.9996553976831924
7315,1.0,0.9996554100383118
7316,1.0,0.9996554223927491
7317,1.0,0.9996554347465052
7318,1.0,0.9996554470995807
7319,1.0,0.999655459451976
7320,1.0,0.9996554718036917
7321,1.0,0.9996554841547285
7322,1.0,0.9996554965050866
7323,1.0,0.9996555088547665
7324,1.0,0.999655521203769
7325,1.0,0.9996555335520945
7326,1.0,0.9996555458997436
7327,1.0,0.9996555582467167
7328,1.0,0.9996555705930145
7329,1.0,0.9996555829386372
7330,1.0,0.9996555952835859
7331,1.0,0.9996556076278604
7332,1.0,0.9996556199714617
7333,1.0,0.9996556323143904
7334,1.0,0.9996556446566467
7335,1.0,0.9996556569982312
7336,1.0,0.9996556693391444
7337,1.0,0.9996556816793869
7338,1.0,0.9996556940189592
7339,1.0,0.9996557063578619
7340,1.0,0.9996557186960953
7341,1.0,0.9996557310336601
7342,1.0,0.9996557433705565
7343,1.0,0.9996557557067854
7344,1.0,0.999655768042347
7345,1.0,0.9996557803772421
7346,1.0,0.9996557927114709
7347,1.0,0.9996558050450343
7348,1.0,0.9996558173779324
7349,1.0,0.999655829710166
7350,1.0,0.9996558420417352
7351,1.0,0.9996558543726409
7352,1.0,0.9996558667028835
7353,1.0,0.9996558790324632
7354,1.0,0.9996558913613811
7355,1.0,0.999655903689637
7356,1.0,0.9996559160172319
7357,1.0,0.9996559283441661
7358,1.0,0.99965594067044
7359,1.0,0.9996559529960543
7360,1.0,0.9996559653210094
7361,1.0,0.9996559776453058
7362,1.0,0.9996559899689441
7363,1.0,0.9996560022919244
7364,1.0,0.9996560146142476
7365,1.0,0.999656026935914
7366,1.0,0.9996560392569241
7367,1.0,0.9996560515772783
7368,1.0,0.9996560638969776
7369,1.0,0.9996560762160215
7370,1.0,0.9996560885344112
7371,1.0,0.9996561008521473
7372,1.0,0.9996561131692298
7373,1.0,0.9996561254856592
7374,1.0,0.9996561378014361
7375,1.0,0.9996561501165612
7376,1.0,0.9996561624310348
7377,1.0,0.9996561747448572
7378,1.0,0.9996561870580292
7379,1.0,0.9996561993705508
7380,1.0,0.9996562116824232
7381,1.0,0.9996562239936462
7382,1.0,0.9996562363042205
7383,1.0,0.9996562486141466
7384,1.0,0.999656260923425
7385,1.0,0.999656273232056
7386,1.0,0.9996562855400402
7387,1.0,0.9996562978473779
7388,1.0,0.9996563101540697
7389,1.0,0.999656322460116
7390,1.0,0.9996563347655175
7391,1.0,0.9996563470702742
7392,1.0,0.999656359374387
7393,1.0,0.9996563716778563
7394,1.0,0.9996563839806821
7395,1.0,0.9996563962828654
7396,1.0,0.9996564085844064
7397,1.0,0.9996564208853055
7398,1.0,0.9996564331855631
7399,1.0,0.9996564454851798
7400,1.0,0.9996564577841563
7401,1.0,0.9996564700824928
7402,1.0,0.9996564823801896
7403,1.0,0.9996564946772472
7404,1.0,0.9996565069736661
7405,1.0,0.9996565192694467
7406,1.0,0.9996565315645898
7407,1.0,0.9996565438590952
7408,1.0,0.9996565561529638
7409,1.0,0.999656568446196
7410,1.0,0.9996565807387922
7411,1.0,0.9996565930307527
7412,1.0,0.9996566053220781
7413,1.0,0.9996566176127687
7414,1.0,0.9996566299028252
7415,1.0,0.9996566421922476
7416,1.0,0.9996566544810367
7417,1.0,0.9996566667691928
7418,1.0,0.9996566790567163
7419,1.0,0.9996566913436078
7420,1.0,0.9996567036298676
7421,1.0,0.999656715915496
7422,1.0,0.9996567282004937
7423,1.0,0.9996567404848611
7424,1.0,0.9996567527685982
7425,1.0,0.999656765051706
7426,1.0,0.9996567773341847
7427,1.0,0.9996567896160344
7428,1.0,0.9996568018972559
7429,1.0,0.9996568141778496
7430,1.0,0.9996568264578157
7431,1.0,0.9996568387371552
7432,1.0,0.9996568510158679
7433,1.0,0.9996568632939543
7434,1.0,0.999656875571415
7435,1.0,0.9996568878482504
7436,1.0,0.9996569001244608
7437,1.0,0.9996569124000466
7438,1.0,0.9996569246750084
7439,1.0,0.9996569369493467
7440,1.0,0.9996569492230614
7441,1.0,0.9996569614961534
7442,1.0,0.9996569737686227
7443,1.0,0.9996569860404703
7444,1.0,0.999656998311696
7445,1.0,0.9996570105823005
7446,1.0,0.9996570228522842
7447,1.0,0.9996570351216475
7448,1.0,0.9996570473903909
7449,1.0,0.9996570596585144
7450,1.0,0.999657071926019
7451,1.0,0.9996570841929043
7452,1.0,0.9996570964591716
7453,1.0,0.9996571087248208
7454,1.0,0.9996571209898526
7455,1.0,0.9996571332542669
7456,1.0,0.9996571455180646
7457,1.0,0.9996571577812456
7458,1.0,0.9996571700438108
7459,1.0,0.9996571823057605
7460,1.0,0.9996571945670947
7461,1.0,0.9996572068278143
7462,1.0,0.9996572190879194
7463,1.0,0.9996572313474104
7464,1.0,0.9996572436062878
7465,1.0,0.9996572558645518
7466,1.0,0.9996572681222029
7467,1.0,0.9996572803792416
7468,1.0,0.9996572926356683
7469,1.0,0.9996573048914833
7470,1.0,0.9996573171466869
7471,1.0,0.9996573294012796
7472,1.0,0.9996573416552615
7473,1.0,0.9996573539086334
7474,1.0,0.9996573661613957
7475,1.0,0.9996573784135483
7476,1.0,0.9996573906650921
7477,1.0,0.9996574029160271
7478,1.0,0.9996574151663538
7479,1.0,0.9996574274160728
7480,1.0,0.9996574396651843
7481,1.0,0.9996574519136885
7482,1.0,0.9996574641615859
7483,1.0,0.999657476408877
7484,1.0,0.9996574886555624
7485,1.0,0.9996575009016418
7486,1.0,0.999657513147116
7487,1.0,0.9996575253919855
7488,1.0,0.9996575376362502
7489,1.0,0.9996575498799112
7490,1.0,0.9996575621229681
7491,1.0,0.9996575743654216
7492,1.0,0.9996575866072723
7493,1.0,0.99965759884852
7494,1.0,0.9996576110891656
7495,1.0,0.9996576233292093
7496,1.0,0.9996576355686514
7497,1.0,0.9996576478074923
7498,1.0,0.9996576600457324
7499,1.0,0.999657672283372
7500,1.0,0.9996576845204114
7501,1.0,0.999657696756851
7502,1.0,0.9996577089926916
7503,1.0,0.9996577212279325
7504,1.0,0.9996577334625754
7505,1.0,0.9996577456966197
7506,1.0,0.9996577579300661
7507,1.0,0.999657770162915
7508,1.0,0.9996577823951663
7509,1.0,0.9996577946268213
7510,1.0,0.9996578068578793
7511,1.0,0.9996578190883411
7512,1.0,0.9996578313182075
7513,1.0,0.9996578435474782
7514,1.0,0.9996578557761537
7515,1.0,0.9996578680042345
7516,1.0,0.9996578802317208
7517,1.0,0.9996578924586134
7518,1.0,0.9996579046849119
7519,1.0,0.9996579169106171
7520,1.0,0.9996579291357293
7521,1.0,0.9996579413602489
7522,1.0,0.9996579535841761
7523,1.0,0.9996579658075114
7524,1.0,0.9996579780302549
7525,1.0,0.9996579902524073
7526,1.0,0.9996580024739686
7527,1.0,0.9996580146949394
7528,1.0,0.9996580269153198
7529,1.0,0.9996580391351106
7530,1.0,0.9996580513543114
7531,1.0,0.9996580635729232
7532,1.0,0.9996580757909462
7533,1.0,0.9996580880083803
7534,1.0,0.9996581002252265
7535,1.0,0.9996581124414844
7536,1.0,0.999658124657155
7537,1.0,0.9996581368722385
7538,1.0,0.9996581490867348
7539,1.0,0.9996581613006447
7540,1.0,0.9996581735139682
7541,1.0,0.9996581857267062
7542,1.0,0.9996581979388585
7543,1.0,0.9996582101504254
7544,1.0,0.9996582223614074
7545,1.0,0.999658234571805
7546,1.0,0.9996582467816182
7547,1.0,0.9996582589908477
7548,1.0,0.9996582711994934
7549,1.0,0.9996582834075559
7550,1.0,0.9996582956150355
7551,1.0,0.9996583078219325
7552,1.0,0.9996583200282472
7553,1.0,0.9996583322339799
7554,1.0,0.999658344439131
7555,1.0,0.9996583566437008
7556,1.0,0.9996583688476895
7557,1.0,0.9996583810510977
7558,1.0,0.9996583932539256
7559,1.0,0.9996584054561733
7560,1.0,0.9996584176578414
7561,1.0,0.9996584298589298
7562,1.0,0.9996584420594397
7563,1.0,0.9996584542593704
7564,1.0,0.9996584664587228
7565,1.0,0.9996584786574969
7566,1.0,0.9996584908556935
7567,1.0,0.9996585030533124
7568,1.0,0.9996585152503542
7569,1.0,0.9996585274468189
7570,1.0,0.9996585396427072
7571,1.0,0.9996585518380194
7572,1.0,0.9996585640327555
7573,1.0,0.9996585762269161
7574,1.0,0.9996585884205013
7575,1.0,0.9996586006135116
7576,1.0,0.9996586128059471
7577,1.0,0.9996586249978082
7578,1.0,0.9996586371890952
7579,1.0,0.9996586493798086
7580,1.0,0.9996586615699484
7581,1.0,0.9996586737595152
7582,1.0,0.999658685948509
7583,1.0,0.9996586981369303
7584,1.0,0.9996587103247792
7585,1.0,0.9996587225120563
7586,1.0,0.9996587346987618
7587,1.0,0.9996587468848958
7588,1.0,0.9996587590704591
7589,1.0,0.9996587712554513
7590,1.0,0.999658783439873
7591,1.0,0.9996587956237248
7592,1.0,0.9996588078070068
7593,1.0,0.9996588199897192
7594,1.0,0.9996588321718624
7595,1.0,0.9996588443534364
7596,1.0,0.999658856534442
7597,1.0,0.9996588687148791
7598,1.0,0.9996588808947481
7599,1.0,0.9996588930740494
7600,1.0,0.999658905252783
7601,1.0,0.9996589174309499
7602,1.0,0.9996589296085495
7603,1.0,0.9996589417855827
7604,1.0,0.9996589539620496
7605,1.0,0.9996589661379505
7606,1.0,0.9996589783132855
7607,1.0,0.9996589904880552
7608,1.0,0.9996590026622596
7609,1.0,0.9996590148358993
7610,1.0,0.9996590270089745
7611,1.0,0.9996590391814851
7612,1.0,0.9996590513534318
7613,1.0,0.999659063524815
7614,1.0,0.9996590756956345
7615,1.0,0.999659087865891
7616,1.0,0.9996591000355844
7617,1.0,0.9996591122047155
7618,1.0,0.9996591243732842
7619,1.0,0.999659136541291
7620,1.0,0.9996591487087358
7621,1.0,0.9996591608756195
7622,1.0,0.9996591730419417
7623,1.0,0.9996591852077034
7624,1.0,0.9996591973729041
7625,1.0,0.9996592095375445
7626,1.0,0.9996592217016251
7627,1.0,0.9996592338651458
7628,1.0,0.999659246028107
7629,1.0,0.9996592581905088
7630,1.0,0.9996592703523518
7631,1.0,0.9996592825136361
7632,1.0,0.999659294674362
7633,1.0,0.9996593068345299
7634,1.0,0.9996593189941396
7635,1.0,0.999659331153192
7636,1.0,0.9996593433116872
7637,1.0,0.999659355469625
7638,1.0,0.9996593676270062
7639,1.0,0.9996593797838309
7640,1.0,0.9996593919400995
7641,1.0,0.9996594040958121
7642,1.0,0.9996594162509689
7643,1.0,0.9996594284055702
7644,1.0,0.9996594405596166
7645,1.0,0.999659452713108
7646,1.0,0.9996594648660448
7647,1.0,0.9996594770184271
7648,1.0,0.9996594891702555
7649,1.0,0.99965950132153
7650,1.0,0.999659513472251
7651,1.0,0.9996595256224188
7652,1.0,0.9996595377720334
7653,1.0,0.9996595499210953
7654,1.0,0.9996595620696046
7655,1.0,0.9996595742175619
7656,1.0,0.9996595863649668
7657,1.0,0.9996595985118203
7658,1.0,0.9996596106581223
7659,1.0,0.9996596228038729
7660,1.0,0.999659634949073
7661,1.0,0.999659647093722
7662,1.0,0.9996596592378205
7663,1.0,0.9996596713813692
7664,1.0,0.9996596835243676
7665,1.0,0.9996596956668167
7666,1.0,0.9996597078087162
7667,1.0,0.9996597199500666
7668,1.0,0.9996597320908683
7669,1.0,0.9996597442311213
7670,1.0,0.9996597563708257
7671,1.0,0.999659768509982
7672,1.0,0.9996597806485904
7673,1.0,0.9996597927866513
7674,1.0,0.999659804924165
7675,1.0,0.9996598170611312
7676,1.0,0.9996598291975507
7677,1.0,0.9996598413334237
7678,1.0,0.9996598534687503
7679,1.0,0.9996598656035306
7680,1.0,0.9996598777377652
7681,1.0,0.9996598898714539
7682,1.0,0.9996599020045975
7683,1.0,0.999659914137196
7684,1.0,0.9996599262692495
7685,1.0,0.9996599384007583
7686,1.0,0.9996599505317227
7687,1.0,0.9996599626621432
7688,1.0,0.9996599747920196
7689,1.0,0.9996599869213524
7690,1.0,0.9996599990501416
7691,1.0,0.9996600111783879
7692,1.0,0.9996600233060913
7693,1.0,0.9996600354332518
7694,1.0,0.9996600475598697
7695,1.0,0.9996600596859457
7696,1.0,0.9996600718114798
7697,1.0,0.9996600839364719
7698,1.0,0.9996600960609225
7699,1.0,0.9996601081848321
7700,1.0,0.9996601203082005
7701,1.0,0.9996601324310284
7702,1.0,0.9996601445533155
7703,1.0,0.9996601566750624
7704,1.0,0.9996601687962691
7705,1.0,0.9996601809169361
7706,1.0,0.9996601930370635
7707,1.0,0.9996602051566515
7708,1.0,0.9996602172757004
7709,1.0,0.9996602293942104
7710,1.0,0.999660241512182
7711,1.0,0.999660253629615
7712,1.0,0.9996602657465096
7713,1.0,0.9996602778628665
7714,1.0,0.9996602899786857
7715,1.0,0.9996603020939673
7716,1.0,0.9996603142087115
7717,1.0,0.9996603263229189
7718,1.0,0.9996603384365894
7719,1.0,0.9996603505497235
7720,1.0,0.999660362662321
7721,1.0,0.9996603747743825
7722,1.0,0.9996603868859082
7723,1.0,0.9996603989968983
7724,1.0,0.9996604111073527
7725,1.0,0.9996604232172721
7726,1.0,0.9996604353266565
7727,1.0,0.999660447435506
7728,1.0,0.9996604595438211
7729,1.0,0.9996604716516021
7730,1.0,0.9996604837588489
7731,1.0,0.9996604958655616
7732,1.0,0.9996605079717408
7733,1.0,0.9996605200773866
7734,1.0,0.9996605321824993
7735,1.0,0.9996605442870791
7736,1.0,0.9996605563911258
7737,1.0,0.9996605684946404
7738,1.0,0.9996605805976224
7739,1.0,0.9996605927000725
7740,1.0,0.9996606048019907
7741,1.0,0.9996606169033772
7742,1.0,0.9996606290042326
7743,1.0,0.9996606411045562
7744,1.0,0.9996606532043493
7745,1.0,0.9996606653036113
7746,1.0,0.999660677402343
7747,1.0,0.9996606895005442
7748,1.0,0.9996607015982154
7749,1.0,0.9996607136953568
7750,1.0,0.9996607257919684
7751,1.0,0.9996607378880504
7752,1.0,0.9996607499836032
7753,1.0,0.9996607620786272
7754,1.0,0.9996607741731222
7755,1.0,0.9996607862670883
7756,1.0,0.9996607983605265
7757,1.0,0.9996608104534361
7758,1.0,0.9996608225458179
7759,1.0,0.999660834637672
7760,1.0,0.9996608467289985
7761,1.0,0.9996608588197976
7762,1.0,0.9996608709100698
7763,1.0,0.9996608829998148
7764,1.0,0.9996608950890331
7765,1.0,0.9996609071777249
7766,1.0,0.9996609192658905
7767,1.0,0.99966093135353
7768,1.0,0.9996609434406435
7769,1.0,0.9996609555272317
7770,1.0,0.9996609676132938
7771,1.0,0.9996609796988309
7772,1.0,0.9996609917838432
7773,1.0,0.9996610038683305
7774,1.0,0.9996610159522931
7775,1.0,0.9996610280357314
7776,1.0,0.9996610401186452
7777,1.0,0.9996610522010351
7778,1.0,0.9996610642829014
7779,1.0,0.9996610763642437
7780,1.0,0.9996610884450626
7781,1.0,0.9996611005253585
7782,1.0,0.9996611126051312
7783,1.0,0.9996611246843813
7784,1.0,0.9996611367631086
7785,1.0,0.9996611488413134
7786,1.0,0.9996611609189962
7787,1.0,0.9996611729961569
7788,1.0,0.9996611850727958
7789,1.0,0.9996611971489131
7790,1.0,0.9996612092245089
7791,1.0,0.9996612212995837
7792,1.0,0.999661233374137
7793,1.0,0.9996612454481699
7794,1.0,0.9996612575216821
7795,1.0,0.9996612695946737
7796,1.0,0.9996612816671452
7797,1.0,0.9996612937390965
7798,1.0,0.999661305810528
7799,1.0,0.9996613178814401
7800,1.0,0.9996613299518325
7801,1.0,0.9996613420217059
7802,1.0,0.9996613540910599
7803,1.0,0.9996613661598951
7804,1.0,0.9996613782282119
7805,1.0,0.99966139029601
7806,1.0,0.9996614023632898
7807,1.0,0.9996614144300514
7808,1.0,0.9996614264962952
7809,1.0,0.9996614385620214
7810,1.0,0.9996614506272299
7811,1.0,0.999661462691921
7812,1.0,0.999661474756095
7813,1.0,0.9996614868197521
7814,1.0,0.9996614988828926
7815,1.0,0.9996615109455161
7816,1.0,0.9996615230076236
7817,1.0,0.9996615350692147
7818,1.0,0.9996615471302897
7819,1.0,0.999661559190849
7820,1.0,0.9996615712508927
7821,1.0,0.9996615833104209
7822,1.0,0.9996615953694339
7823,1.0,0.9996616074279318
7824,1.0,0.9996616194859146
7825,1.0,0.999661631543383
7826,1.0,0.9996616436003365
7827,1.0,0.9996616556567758
7828,1.0,0.999661667712701
7829,1.0,0.9996616797681123
7830,1.0,0.9996616918230097
7831,1.0,0.9996617038773935
7832,1.0,0.9996617159312639
7833,1.0,0.9996617279846208
7834,1.0,0.9996617400374651
7835,1.0,0.9996617520897962
7836,1.0,0.9996617641416147
7837,1.0,0.9996617761929206
7838,1.0,0.9996617882437143
7839,1.0,0.9996618002939957
7840,1.0,0.9996618123437652
7841,1.0,0.999661824393023
7842,1.0,0.9996618364417689
7843,1.0,0.9996618484900036
7844,1.0,0.9996618605377269
7845,1.0,0.9996618725849391
7846,1.0,0.9996618846316404
7847,1.0,0.999661896677831
7848,1.0,0.9996619087235111
7849,1.0,0.9996619207686808
7850,1.0,0.9996619328133403
7851,1.0,0.9996619448574896
7852,1.0,0.9996619569011294
7853,1.0,0.9996619689442592
7854,1.0,0.9996619809868795
7855,1.0,0.9996619930289907
7856,1.0,0.9996620050705927
7857,1.0,0.9996620171116857
7858,1.0,0.9996620291522696
7859,1.0,0.9996620411923453
7860,1.0,0.9996620532319122
7861,1.0,0.999662065270971
7862,1.0,0.9996620773095216
7863,1.0,0.9996620893475643
7864,1.0,0.9996621013850994
7865,1.0,0.9996621134221266
7866,1.0,0.9996621254586465
7867,1.0,0.999662137494659
7868,1.0,0.9996621495301647
7869,1.0,0.9996621615651634
7870,1.0,0.9996621735996553
7871,1.0,0.9996621856336405
7872,1.0,0.9996621976671195
7873,1.0,0.9996622097000921
7874,1.0,0.9996622217325587
7875,1.0,0.9996622337645193
7876,1.0,0.9996622457959742
7877,1.0,0.9996622578269235
7878,1.0,0.9996622698573676
7879,1.0,0.999662281887306
7880,1.0,0.9996622939167399
7881,1.0,0.9996623059456684
7882,1.0,0.9996623179740924
7883,1.0,0.9996623300020118
7884,1.0,0.9996623420294267
7885,1.0,0.9996623540563375
7886,1.0,0.999662366082744
7887,1.0,0.9996623781086468
7888,1.0,0.9996623901340457
7889,1.0,0.999662402158941
7890,1.0,0.999662414183333
7891,1.0,0.9996624262072217
7892,1.0,0.9996624382306072
7893,1.0,0.9996624502534898
7894,1.0,0.9996624622758695
7895,1.0,0.9996624742977467
7896,1.0,0.9996624863191215
7897,1.0,0.9996624983399937
7898,1.0,0.9996625103603641
7899,1.0,0.9996625223802323
7900,1.0,0.9996625343995987
7901,1.0,0.9996625464184635
7902,1.0,0.9996625584368268
7903,1.0,0.9996625704546889
7904,1.0,0.9996625824720495
7905,1.0,0.9996625944889093
7906,1.0,0.9996626065052683
7907,1.0,0.9996626185211263
7908,1.0,0.9996626305364839
7909,1.0,0.9996626425513411
7910,1.0,0.9996626545656979
7911,1.0,0.9996626665795549
7912,1.0,0.9996626785929119
7913,1.0,0.999662690605769
7914,1.0,0.9996627026181265
7915,1.0,0.9996627146299847
7916,1.0,0.9996627266413434
7917,1.0,0.9996627386522029
7918,1.0,0.9996627506625635
7919,1.0,0.9996627626724253
7920,1.0,0.9996627746817884
7921,1.0,0.9996627866906528
7922,1.0,0.9996627986990189
7923,1.0,0.9996628107068869
7924,1.0,0.9996628227142567
7925,1.0,0.9996628347211285
7926,1.0,0.9996628467275028
7927,1.0,0.9996628587333793
7928,1.0,0.999662870738758
7929,1.0,0.9996628827436399
7930,1.0,0.9996628947480244
7931,1.0,0.9996629067519117
7932,1.0,0.9996629187553024
7933,1.0,0.9996629307581963
7934,1.0,0.9996629427605938
7935,1.0,0.9996629547624946
7936,1.0,0.9996629667638992
7937,1.0,0.9996629787648077
7938,1.0,0.99966299076522
7939,1.0,0.9996630027651369
7940,1.0,0.9996630147645578
7941,1.0,0.9996630267634833
7942,1.0,0.9996630387619133
7943,1.0,0.9996630507598481
7944,1.0,0.9996630627572879
7945,1.0,0.9996630747542327
7946,1.0,0.9996630867506826
7947,1.0,0.999663098746638
7948,1.0,0.9996631107420988
7949,1.0,0.9996631227370653
7950,1.0,0.9996631347315375
7951,1.0,0.9996631467255156
7952,1.0,0.9996631587189998
7953,1.0,0.9996631707119901
7954,1.0,0.9996631827044871
7955,1.0,0.9996631946964902
7956,1.0,0.999663206688
7957,1.0,0.9996632186790169
7958,1.0,0.9996632306695404
7959,1.0,0.9996632426595713
7960,1.0,0.9996632546491092
7961,1.0,0.9996632666381544
7962,1.0,0.9996632786267071
7963,1.0,0.9996632906147674
7964,1.0,0.9996633026023356
7965,1.0,0.9996633145894118
7966,1.0,0.999663326575996
7967,1.0,0.9996633385620882
7968,1.0,0.9996633505476891
7969,1.0,0.9996633625327983
7970,1.0,0.999663374517416
7971,1.0,0.9996633865015427
7972,1.0,0.999663398485178
7973,1.0,0.9996634104683226
7974,1.0,0.9996634224509761
7975,1.0,0.9996634344331391
7976,1.0,0.9996634464148116
7977,1.0,0.9996634583959938
7978,1.0,0.9996634703766855
7979,1.0,0.999663482356887
7980,1.0,0.9996634943365987
7981,1.0,0.9996635063158205
7982,1.0,0.9996635182945524
7983,1.0,0.9996635302727948
7984,1.0,0.9996635422505479
7985,1.0,0.9996635542278115
7986,1.0,0.999663566204586
7987,1.0,0.9996635781808714
7988,1.0,0.9996635901566678
7989,1.0,0.9996636021319756
7990,1.0,0.9996636141067946
7991,1.0,0.9996636260811252
7992,1.0,0.9996636380549675
7993,1.0,0.9996636500283214
7994,1.0,0.9996636620011871
7995,1.0,0.999663673973565
7996,1.0,0.9996636859454551
7997,1.0,0.9996636979168574
7998,1.0,0.999663709887772
7999,1.0,0.9996637218581993
8000,1.0,0.9996637338281394
8001,1.0,0.9996637457975921
8002,1.0,0.9996637577665579
8003,1.0,0.9996637697350366
8004,1.0,0.9996637817030287
8005,1.0,0.999663793670534
8006,1.0,0.9996638056375527
8007,1.0,0.9996638176040852
8008,1.0,0.9996638295701313
8009,1.0,0.9996638415356912
8010,1.0,0.9996638535007655
8011,1.0,0.9996638654653535
8012,1.0,0.999663877429456
8013,1.0,0.9996638893930725
8014,1.0,0.9996639013562038
8015,1.0,0.9996639133188496
8016,1.0,0.9996639252810103
8017,1.0,0.9996639372426857
8018,1.0,0.9996639492038762
8019,1.0,0.9996639611645819
8020,1.0,0.9996639731248027
8021,1.0,0.9996639850845392
8022,1.0,0.999663997043791
8023,1.0,0.9996640090025585
8024,1.0,0.9996640209608417
8025,1.0,0.9996640329186408
8026,1.0,0.999664044875956
8027,1.0,0.9996640568327876
8028,1.0,0.9996640687891349
8029,1.0,0.9996640807449989
8030,1.0,0.9996640927003795
8031,1.0,0.9996641046552767
8032,1.0,0.9996641166096907
8033,1.0,0.9996641285636215
8034,1.0,0.9996641405170692
8035,1.0,0.9996641524700343
8036,1.0,0.9996641644225167
8037,1.0,0.9996641763745163
8038,1.0,0.9996641883260335
8039,1.0,0.9996642002770683
8040,1.0,0.9996642122276208
8041,1.0,0.9996642241776912
8042,1.0,0.9996642361272797
8043,1.0,0.9996642480763863
8044,1.0,0.9996642600250112
8045,1.0,0.9996642719731542
8046,1.0,0.9996642839208159
8047,1.0,0.9996642958679962
8048,1.0,0.9996643078146951
8049,1.0,0.9996643197609131
8050,1.0,0.9996643317066499
8051,1.0,0.9996643436519057
8052,1.0,0.9996643555966809
8053,1.0,0.9996643675409752
8054,1.0,0.999664379484789
8055,1.0,0.9996643914281225
8056,1.0,0.9996644033709756
8057,1.0,0.9996644153133485
8058,1.0,0.9996644272552413
8059,1.0,0.9996644391966543
8060,1.0,0.9996644511375873
8061,1.0,0.9996644630780407
8062,1.0,0.9996644750180143
8063,1.0,0.9996644869575084
8064,1.0,0.9996644988965233
8065,1.0,0.9996645108350588
8066,1.0,0.9996645227731152
8067,1.0,0.9996645347106926
8068,1.0,0.999664546647791
8069,1.0,0.9996645585844108
8070,1.0,0.9996645705205519
8071,1.0,0.9996645824562144
8072,1.0,0.9996645943913982
8073,1.0,0.9996646063261039
8074,1.0,0.9996646182603313
8075,1.0,0.9996646301940808
8076,1.0,0.999664642127352
8077,1.0,0.9996646540601455
8078,1.0,0.9996646659924613
8079,1.0,0.9996646779242992
8080,1.0,0.9996646898556599
8081,1.0,0.999664701786543
8082,1.0,0.9996647137169486
8083,1.0,0.9996647256468773
8084,1.0,0.9996647375763289
8085,1.0,0.9996647495053035
8086,1.0,0.9996647614338011
8087,1.0,0.999664773361822
8088,1.0,0.9996647852893665
8089,1.0,0.9996647972164342
8090,1.0,0.9996648091430256
8091,1.0,0.9996648210691407
8092,1.0,0.9996648329947796
8093,1.0,0.9996648449199426
8094,1.0,0.9996648568446294
8095,1.0,0.9996648687688405
8096,1.0,0.9996648806925756
8097,1.0,0.9996648926158352
8098,1.0,0.9996649045386194
8099,1.0,0.9996649164609281
8100,1.0,0.9996649283827613
8101,1.0,0.9996649403041196
8102,1.0,0.9996649522250026
8103,1.0,0.9996649641454107
8104,1.0,0.9996649760653442
8105,1.0,0.9996649879848025
8106,1.0,0.9996649999037863
8107,1.0,0.9996650118222958
8108,1.0,0.9996650237403307
8109,1.0,0.9996650356578911
8110,1.0,0.9996650475749776
8111,1.0,0.9996650594915896
8112,1.0,0.9996650714077279
8113,1.0,0.9996650833233921
8114,1.0,0.9996650952385825
8115,1.0,0.9996651071532994
8116,1.0,0.9996651190675426
8117,1.0,0.9996651309813125
8118,1.0,0.999665142894609
8119,1.0,0.999665154807432
8120,1.0,0.999665166719782
8121,1.0,0.9996651786316589
8122,1.0,0.9996651905430628
8123,1.0,0.9996652024539942
8124,1.0,0.9996652143644524
8125,1.0,0.9996652262744383
8126,1.0,0.9996652381839516
8127,1.0,0.9996652500929922
8128,1.0,0.999665262001561
8129,1.0,0.9996652739096572
8130,1.0,0.9996652858172814
8131,1.0,0.9996652977244334
8132,1.0,0.9996653096311138
8133,1.0,0.9996653215373221
8134,1.0,0.9996653334430591
8135,1.0,0.9996653453483242
8136,1.0,0.9996653572531178
8137,1.0,0.9996653691574403
8138,1.0,0.9996653810612912
8139,1.0,0.9996653929646709
8140,1.0,0.9996654048675798
8141,1.0,0.9996654167700176
8142,1.0,0.9996654286719844
8143,1.0,0.9996654405734806
8144,1.0,0.999665452474506
8145,1.0,0.9996654643750609
8146,1.0,0.9996654762751451
8147,1.0,0.9996654881747592
8148,1.0,0.999665500073903
8149,1.0,0.9996655119725766
8150,1.0,0.99966552387078
8151,1.0,0.9996655357685135
8152,1.0,0.9996655476657771
8153,1.0,0.9996655595625711
8154,1.0,0.9996655714588952
8155,1.0,0.9996655833547499
8156,1.0,0.9996655952501349
8157,1.0,0.9996656071450507
8158,1.0,0.9996656190394972
8159,1.0,0.9996656309334745
8160,1.0,0.9996656428269827
8161,1.0,0.999665654720022
8162,1.0,0.9996656666125924
8163,1.0,0.9996656785046938
8164,1.0,0.9996656903963267
8165,1.0,0.9996657022874912
8166,1.0,0.9996657141781867
8167,1.0,0.9996657260684141
8168,1.0,0.9996657379581733
8169,1.0,0.999665749847464
8170,1.0,0.999665761736287
8171,1.0,0.9996657736246417
8172,1.0,0.9996657855125286
8173,1.0,0.9996657973999477
8174,1.0,0.999665809286899
8175,1.0,0.9996658211733824
8176,1.0,0.9996658330593987
8177,1.0,0.9996658449449475
8178,1.0,0.9996658568300287
8179,1.0,0.9996658687146429
8180,1.0,0.9996658805987899
8181,1.0,0.9996658924824697
8182,1.0,0.9996659043656827
8183,1.0,0.9996659162484288
8184,1.0,0.9996659281307082
8185,1.0,0.9996659400125206
8186,1.0,0.9996659518938666
8187,1.0,0.9996659637747463
8188,1.0,0.9996659756551596
8189,1.0,0.9996659875351064
8190,1.0,0.999665999414587
8191,1.0,0.9996660112936017
8192,1.0,0.9996660231721501
8193,1.0,0.9996660350502327
8194,1.0,0.9996660469278494
8195,1.0,0.9996660588050005
8196,1.0,0.9996660706816859
8197,1.0,0.9996660825579056
8198,1.0,0.9996660944336598
8199,1.0,0.9996661063089488
8200,1.0,0.9996661181837725
8201,1.0,0.9996661300581308
8202,1.0,0.9996661419320244
8203,1.0,0.9996661538054527
8204,1.0,0.9996661656784159
8205,1.0,0.9996661775509146
8206,1.0,0.9996661894229485
8207,1.0,0.9996662012945177
8208,1.0,0.9996662131656222
8209,1.0,0.9996662250362626
8210,1.0,0.9996662369064384
8211,1.0,0.9996662487761498
8212,1.0,0.9996662606453972
8213,1.0,0.9996662725141804
8214,1.0,0.9996662843824996
8215,1.0,0.9996662962503549
8216,1.0,0.9996663081177463
8217,1.0,0.9996663199846741
8218,1.0,0.9996663318511378
8219,1.0,0.9996663437171385
8220,1.0,0.9996663555826754
8221,1.0,0.9996663674477491
8222,1.0,0.9996663793123592
8223,1.0,0.9996663911765064
8224,1.0,0.9996664030401902
8225,1.0,0.999666414903411
8226,1.0,0.9996664267661691
8227,1.0,0.999666438628464
8228,1.0,0.9996664504902963
8229,1.0,0.9996664623516658
8230,1.0,0.999666474212573
8231,1.0,0.9996664860730173
8232,1.0,0.9996664979329993
8233,1.0,0.999666509792519
8234,1.0,0.9996665216515764
8235,1.0,0.9996665335101718
8236,1.0,0.9996665453683049
8237,1.0,0.999666557225976
8238,1.0,0.9996665690831853
8239,1.0,0.9996665809399328
8240,1.0,0.9996665927962185
8241,1.0,0.9996666046520425
8242,1.0,0.999666616507405
8243,1.0,0.999666628362306
8244,1.0,0.9996666402167455
8245,1.0,0.9996666520707238
8246,1.0,0.9996666639242406
8247,1.0,0.9996666757772966
8248,1.0,0.9996666876298914
8249,1.0,0.9996666994820252
8250,1.0,0.9996667113336983
8251,1.0,0.9996667231849103
8252,1.0,0.9996667350356617
8253,1.0,0.9996667468859525
8254,1.0,0.9996667587357827
8255,1.0,0.9996667705851525
8256,1.0,0.9996667824340618
8257,1.0,0.9996667942825108
8258,1.0,0.9996668061304997
8259,1.0,0.9996668179780284
8260,1.0,0.9996668298250969
8261,1.0,0.9996668416717056
8262,1.0,0.9996668535178543
8263,1.0,0.9996668653635432
8264,1.0,0.9996668772087725
8265,1.0,0.9996668890535421
8266,1.0,0.9996669008978519
8267,1.0,0.9996669127417025
8268,1.0,0.9996669245850937
8269,1.0,0.9996669364280255
8270,1.0,0.999666948270498
8271,1.0,0.9996669601125113
8272,1.0,0.9996669719540655
8273,1.0,0.9996669837951611
8274,1.0,0.9996669956357974
8275,1.0,0.999667007475975
8276,1.0,0.9996670193156939
8277,1.0,0.9996670311549539
8278,1.0,0.9996670429937556
8279,1.0,0.9996670548320986
8280,1.0,0.9996670666699833
8281,1.0,0.9996670785074095
8282,1.0,0.9996670903443776
8283,1.0,0.9996671021808874
8284,1.0,0.999667114016939
8285,1.0,0.9996671258525327
8286,1.0,0.9996671376876685
8287,1.0,0.9996671495223465
8288,1.0,0.9996671613565663
8289,1.0,0.9996671731903288
8290,1.0,0.9996671850236334
8291,1.0,0.9996671968564805
8292,1.0,0.9996672086888703
8293,1.0,0.9996672205208025
8294,1.0,0.9996672323522775
8295,1.0,0.9996672441832951
8296,1.0,0.9996672560138558
8297,1.0,0.9996672678439592
8298,1.0,0.9996672796736056
8299,1.0,0.9996672915027952
8300,1.0,0.9996673033315276
8301,1.0,0.9996673151598036
8302,1.0,0.9996673269876228
8303,1.0,0.9996673388149854
8304,1.0,0.9996673506418913
8305,1.0,0.9996673624683406
8306,1.0,0.9996673742943339
8307,1.0,0.9996673861198708
8308,1.0,0.9996673979449514
8309,1.0,0.9996674097695758
8310,1.0,0.9996674215937441
8311,1.0,0.9996674334174563
8312,1.0,0.9996674452407128
8313,1.0,0.9996674570635133
8314,1.0,0.999667468885858
8315,1.0,0.9996674807077472
8316,1.0,0.9996674925291805
8317,1.0,0.9996675043501583
8318,1.0,0.9996675161706807
8319,1.0,0.9996675279907477
8320,1.0,0.9996675398103595
8321,1.0,0.9996675516295157
8322,1.0,0.9996675634482168
8323,1.0,0.999667575266463
8324,1.0,0.9996675870842541
8325,1.0,0.9996675989015902
8326,1.0,0.9996676107184715
8327,1.0,0.9996676225348978
8328,1.0,0.9996676343508696
8329,1.0,0.9996676461663866
8330,1.0,0.999667657981449
8331,1.0,0.9996676697960569
8332,1.0,0.9996676816102106
8333,1.0,0.9996676934239096
8334,1.0,0.9996677052371543
8335,1.0,0.9996677170499448
8336,1.0,0.9996677288622814
8337,1.0,0.9996677406741638
8338,1.0,0.9996677524855923
8339,1.0,0.9996677642965668
8340,1.0,0.9996677761070873
8341,1.0,0.999667787917154
8342,1.0,0.9996677997267673
8343,1.0,0.9996678115359267
8344,1.0,0.9996678233446328
8345,1.0,0.9996678351528852
8346,1.0,0.9996678469606841
8347,1.0,0.9996678587680297
8348,1.0,0.999667870574922
8349,1.0,0.9996678823813613
8350,1.0,0.9996678941873474
8351,1.0,0.9996679059928802
8352,1.0,0.9996679177979604
8353,1.0,0.9996679296025873
8354,1.0,0.9996679414067616
8355,1.0,0.999667953210483
8356,1.0,0.9996679650137518
8357,1.0,0.9996679768165679
8358,1.0,0.9996679886189315
8359,1.0,0.9996680004208426
8360,1.0,0.9996680122223012
8361,1.0,0.9996680240233072
8362,1.0,0.9996680358238614
8363,1.0,0.999668047623963
8364,1.0,0.9996680594236127
8365,1.0,0.9996680712228102
8366,1.0,0.9996680830215559
8367,1.0,0.9996680948198494
8368,1.0,0.9996681066176911
8369,1.0,0.9996681184150811
8370,1.0,0.9996681302120195
8371,1.0,0.9996681420085061
8372,1.0,0.9996681538045409
8373,1.0,0.9996681656001244
8374,1.0,0.9996681773952565
8375,1.0,0.999668189189937
8376,1.0,0.9996682009841663
8377,1.0,0.9996682127779446
8378,1.0,0.9996682245712714
8379,1.0,0.999668236364147
8380,1.0,0.9996682481565718
8381,1.0,0.9996682599485458
8382,1.0,0.9996682717400686
8383,1.0,0.9996682835311407
8384,1.0,0.9996682953217618
8385,1.0,0.9996683071119326
8386,1.0,0.9996683189016525
8387,1.0,0.9996683306909218
8388,1.0,0.9996683424797408
8389,1.0,0.9996683542681093
8390,1.0,0.9996683660560274
8391,1.0,0.9996683778434952
8392,1.0,0.9996683896305126
8393,1.0,0.9996684014170801
8394,1.0,0.9996684132031974
8395,1.0,0.9996684249888649
8396,1.0,0.9996684367740821
8397,1.0,0.9996684485588496
8398,1.0,0.9996684603431673
8399,1.0,0.999668472127035
8400,1.0,0.9996684839104533
8401,1.0,0.9996684956934219
8402,1.0,0.9996685074759409
8403,1.0,0.9996685192580103
8404,1.0,0.9996685310396304
8405,1.0,0.9996685428208011
8406,1.0,0.9996685546015226
8407,1.0,0.9996685663817946
8408,1.0,0.9996685781616176
8409,1.0,0.9996685899409916
8410,1.0,0.9996686017199163
8411,1.0,0.9996686134983923
8412,1.0,0.9996686252764192
8413,1.0,0.9996686370539973
8414,1.0,0.9996686488311267
8415,1.0,0.9996686606078072
8416,1.0,0.9996686723840392
8417,1.0,0.9996686841598228
8418,1.0,0.9996686959351575
8419,1.0,0.999668707710044
8420,1.0,0.999668719484482
8421,1.0,0.9996687312584717
8422,1.0,0.9996687430320131
8423,1.0,0.9996687548051063
8424,1.0,0.9996687665777514
8425,1.0,0.9996687783499486
8426,1.0,0.9996687901216976
8427,1.0,0.9996688018929988
8428,1.0,0.9996688136638517
8429,1.0,0.9996688254342573
8430,1.0,0.999668837204215
8431,1.0,0.9996688489737248
8432,1.0,0.9996688607427872
8433,1.0,0.9996688725114017
8434,1.0,0.9996688842795691
8435,1.0,0.9996688960472889
8436,1.0,0.9996689078145613
8437,1.0,0.9996689195813864
8438,1.0,0.9996689313477641
8439,1.0,0.9996689431136948
8440,1.0,0.9996689548791786
8441,1.0,0.9996689666442149
8442,1.0,0.9996689784088044
8443,1.0,0.999668990172947
8444,1.0,0.9996690019366425
8445,1.0,0.9996690136998916
8446,1.0,0.9996690254626937
8447,1.0,0.9996690372250489
8448,1.0,0.9996690489869576
8449,1.0,0.9996690607484198
8450,1.0,0.9996690725094356
8451,1.0,0.9996690842700048
8452,1.0,0.9996690960301275
8453,1.0,0.999669107789804
8454,1.0,0.9996691195490344
8455,1.0,0.9996691313078186
8456,1.0,0.9996691430661564
8457,1.0,0.9996691548240483
8458,1.0,0.999669166581494
8459,1.0,0.9996691783384938
8460,1.0,0.9996691900950477
8461,1.0,0.999669201851156
8462,1.0,0.9996692136068183
8463,1.0,0.999669225362035
8464,1.0,0.9996692371168059
8465,1.0,0.9996692488711312
8466,1.0,0.999669260625011
8467,1.0,0.9996692723784455
8468,1.0,0.9996692841314345
8469,1.0,0.9996692958839778
8470,1.0,0.9996693076360762
8471,1.0,0.9996693193877291
8472,1.0,0.9996693311389371
8473,1.0,0.9996693428896998
8474,1.0,0.9996693546400174
8475,1.0,0.99966936638989
8476,1.0,0.9996693781393179
8477,1.0,0.9996693898883006
8478,1.0,0.9996694016368387
8479,1.0,0.999669413384932
8480,1.0,0.9996694251325803
8481,1.0,0.9996694368797843
8482,1.0,0.9996694486265435
8483,1.0,0.9996694603728584
8484,1.0,0.9996694721187287
8485,1.0,0.9996694838641546
8486,1.0,0.9996694956091361
8487,1.0,0.9996695073536733
8488,1.0,0.9996695190977664
8489,1.0,0.9996695308414152
8490,1.0,0.9996695425846197
8491,1.0,0.9996695543273805
8492,1.0,0.9996695660696969
8493,1.0,0.9996695778115697
8494,1.0,0.9996695895529984
8495,1.0,0.9996696012939833
8496,1.0,0.9996696130345246
8497,1.0,0.9996696247746221
8498,1.0,0.9996696365142758
8499,1.0,0.999669648253486
8500,1.0,0.9996696599922524
8501,1.0,0.9996696717305756
8502,1.0,0.9996696834684554
8503,1.0,0.9996696952058917
8504,1.0,0.9996697069428848
8505,1.0,0.9996697186794344
8506,1.0,0.9996697304155409
8507,1.0,0.9996697421512043
8508,1.0,0.9996697538864245
8509,1.0,0.9996697656212018
8510,1.0,0.9996697773555361
8511,1.0,0.9996697890894273
8512,1.0,0.9996698008228758
8513,1.0,0.9996698125558814
8514,1.0,0.9996698242884442
8515,1.0,0.9996698360205645
8516,1.0,0.9996698477522421
8517,1.0,0.9996698594834772
8518,1.0,0.9996698712142694
8519,1.0,0.9996698829446194
8520,1.0,0.9996698946745269
8521,1.0,0.9996699064039921
8522,1.0,0.9996699181330149
8523,1.0,0.9996699298615955
8524,1.0,0.999669941589734
8525,1.0,0.9996699533174299
8526,1.0,0.9996699650446843
8527,1.0,0.9996699767714963
8528,1.0,0.9996699884978664
8529,1.0,0.9996700002237946
8530,1.0,0.9996700119492811
8531,1.0,0.9996700236743254
8532,1.0,0.9996700353989283
8533,1.0,0.9996700471230893
8534,1.0,0.9996700588468086
8535,1.0,0.9996700705700864
8536,1.0,0.9996700822929228
8537,1.0,0.9996700940153175
8538,1.0,0.9996701057372709
8539,1.0,0.9996701174587828
8540,1.0,0.9996701291798533
8541,1.0,0.9996701409004826
8542,1.0,0.9996701526206707
8543,1.0,0.9996701643404178
8544,1.0,0.9996701760597235
8545,1.0,0.9996701877785884
8546,1.0,0.9996701994970121
8547,1.0,0.9996702112149949
8548,1.0,0.9996702229325369
8549,1.0,0.9996702346496378
8550,1.0,0.9996702463662983
8551,1.0,0.9996702580825177
8552,1.0,0.9996702697982967
8553,1.0,0.999670281513635
8554,1.0,0.9996702932285325
8555,1.0,0.9996703049429898
8556,1.0,0.9996703166570065
8557,1.0,0.9996703283705826
8558,1.0,0.9996703400837184
8559,1.0,0.9996703517964141
8560,1.0,0.9996703635086692
8561,1.0,0.9996703752204844
8562,1.0,0.9996703869318593
8563,1.0,0.9996703986427942
8564,1.0,0.999670410353289
8565,1.0,0.9996704220633437
8566,1.0,0.9996704337729585
8567,1.0,0.9996704454821335
8568,1.0,0.9996704571908684
8569,1.0,0.9996704688991638
8570,1.0,0.9996704806070194
8571,1.0,0.9996704923144353
8572,1.0,0.9996705040214114
8573,1.0,0.9996705157279482
8574,1.0,0.9996705274340452
8575,1.0,0.9996705391397029
8576,1.0,0.999670550844921
8577,1.0,0.9996705625497
8578,1.0,0.9996705742540393
8579,1.0,0.9996705859579396
8580,1.0,0.9996705976614005
8581,1.0,0.9996706093644223
8582,1.0,0.9996706210670051
8583,1.0,0.9996706327691487
8584,1.0,0.9996706444708534
8585,1.0,0.9996706561721189
8586,1.0,0.9996706678729457
8587,1.0,0.9996706795733336
8588,1.0,0.9996706912732825
8589,1.0,0.9996707029727929
8590,1.0,0.9996707146718643
8591,1.0,0.9996707263704973
8592,1.0,0.9996707380686914
8593,1.0,0.9996707497664472
8594,1.0,0.9996707614637643
8595,1.0,0.9996707731606432
8596,1.0,0.9996707848570836
8597,1.0,0.9996707965530854
8598,1.0,0.9996708082486491
8599,1.0,0.9996708199437744
8600,1.0,0.9996708316384616
8601,1.0,0.9996708433327104
8602,1.0,0.9996708550265213
8603,1.0,0.9996708667198941
8604,1.0,0.999670878412829
8605,1.0,0.9996708901053257
8606,1.0,0.9996709017973846
8607,1.0,0.9996709134890056
8608,1.0,0.999670925180189
8609,1.0,0.9996709368709344
8610,1.0,0.9996709485612421
8611,1.0,0.9996709602511122
8612,1.0,0.9996709719405447
8613,1.0,0.9996709836295397
8614,1.0,0.9996709953180969
8615,1.0,0.9996710070062168
8616,1.0,0.9996710186938993
8617,1.0,0.9996710303811442
8618,1.0,0.9996710420679521
8619,1.0,0.9996710537543226
8620,1.0,0.9996710654402557
8621,1.0,0.9996710771257518
8622,1.0,0.9996710888108108
8623,1.0,0.9996711004954326
8624,1.0,0.9996711121796175
8625,1.0,0.9996711238633652
8626,1.0,0.9996711355466761
8627,1.0,0.99967114722955
8628,1.0,0.9996711589119872
8629,1.0,0.9996711705939876
8630,1.0,0.9996711822755512
8631,1.0,0.999671193956678
8632,1.0,0.9996712056373683
8633,1.0,0.9996712173176221
8634,1.0,0.9996712289974391
8635,1.0,0.9996712406768197
8636,1.0,0.9996712523557638
8637,1.0,0.9996712640342716
8638,1.0,0.9996712757123428
8639,1.0,0.9996712873899779
8640,1.0,0.9996712990671767
8641,1.0,0.9996713107439391
8642,1.0,0.9996713224202655
8643,1.0,0.9996713340961556
8644,1.0,0.9996713457716099
8645,1.0,0.9996713574466279
8646,1.0,0.9996713691212101
8647,1.0,0.9996713807953564
8648,1.0,0.9996713924690664
8649,1.0,0.9996714041423412
8650,1.0,0.9996714158151797
8651,1.0,0.9996714274875826
8652,1.0,0.9996714391595496
8653,1.0,0.9996714508310813
8654,1.0,0.9996714625021773
8655,1.0,0.9996714741728376
8656,1.0,0.9996714858430625
8657,1.0,0.9996714975128519
8658,1.0,0.9996715091822057
8659,1.0,0.9996715208511242
8660,1.0,0.9996715325196074
8661,1.0,0.9996715441876555
8662,1.0,0.9996715558552681
8663,1.0,0.9996715675224457
8664,1.0,0.9996715791891879
8665,1.0,0.9996715908554952
8666,1.0,0.9996716025213672
8667,1.0,0.9996716141868045
8668,1.0,0.9996716258518067
8669,1.0,0.9996716375163739
8670,1.0,0.9996716491805063
8671,1.0,0.999671660844204
8672,1.0,0.9996716725074667
8673,1.0,0.9996716841702947
8674,1.0,0.9996716958326881
8675,1.0,0.9996717074946468
8676,1.0,0.9996717191561709
8677,1.0,0.9996717308172604
8678,1.0,0.9996717424779156
8679,1.0,0.999671754138136
8680,1.0,0.9996717657979224
8681,1.0,0.9996717774572741
8682,1.0,0.9996717891161915
8683,1.0,0.9996718007746747
8684,1.0,0.9996718124327236
8685,1.0,0.9996718240903383
8686,1.0,0.9996718357475188
8687,1.0,0.9996718474042653
8688,1.0,0.9996718590605776
8689,1.0,0.999671870716456
8690,1.0,0.9996718823719004
8691,1.0,0.999671894026911
8692,1.0,0.9996719056814877
8693,1.0,0.9996719173356304
8694,1.0,0.9996719289893393
8695,1.0,0.9996719406426146
8696,1.0,0.9996719522954561
8697,1.0,0.999671963947864
8698,1.0,0.9996719755998381
8699,1.0,0.9996719872513787
8700,1.0,0.9996719989024859
8701,1.0,0.9996720105531595
8702,1.0,0.9996720222033998
8703,1.0,0.9996720338532066
8704,1.0,0.9996720455025798
8705,1.0,0.9996720571515202
8706,1.0,0.999672068800027
8707,1.0,0.9996720804481006
8708,1.0,0.9996720920957411
8709,1.0,0.9996721037429483
8710,1.0,0.9996721153897227
8711,1.0,0.9996721270360639
8712,1.0,0.9996721386819721
8713,1.0,0.9996721503274472
8714,1.0,0.9996721619724896
8715,1.0,0.9996721736170991
8716,1.0,0.9996721852612757
8717,1.0,0.9996721969050195
8718,1.0,0.9996722085483307
8719,1.0,0.999672220191209
8720,1.0,0.9996722318336546
8721,1.0,0.9996722434756677
8722,1.0,0.9996722551172483
8723,1.0,0.9996722667583964
8724,1.0,0.9996722783991118
8725,1.0,0.9996722900393948
8726,1.0,0.9996723016792455
8727,1.0,0.9996723133186639
8728,1.0,0.9996723249576498
8729,1.0,0.9996723365962036
8730,1.0,0.9996723482343252
8731,1.0,0.9996723598720144
8732,1.0,0.9996723715092715
8733,1.0,0.9996723831460966
8734,1.0,0.9996723947824896
8735,1.0,0.9996724064184505
8736,1.0,0.9996724180539796
8737,1.0,0.9996724296890765
8738,1.0,0.9996724413237419
8739,1.0,0.9996724529579751
8740,1.0,0.9996724645917766
8741,1.0,0.9996724762251464
8742,1.0,0.9996724878580844
8743,1.0,0.9996724994905908
8744,1.0,0.9996725111226653
8745,1.0,0.9996725227543085
8746,1.0,0.9996725343855201
8747,1.0,0.9996725460163002
8748,1.0,0.9996725576466486
8749,1.0,0.9996725692765659
8750,1.0,0.9996725809060515
8751,1.0,0.999672592535106
8752,1.0,0.9996726041637292
8753,1.0,0.9996726157919209
8754,1.0,0.9996726274196815
8755,1.0,0.9996726390470111
8756,1.0,0.9996726506739091
8757,1.0,0.9996726623003762
8758,1.0,0.9996726739264125
8759,1.0,0.9996726855520177
8760,1.0,0.9996726971771918
8761,1.0,0.9996727088019349
8762,1.0,0.9996727204262473
8763,1.0,0.9996727320501287
8764,1.0,0.9996727436735794
8765,1.0,0.9996727552965993
8766,1.0,0.9996727669191883
8767,1.0,0.9996727785413468
8768,1.0,0.9996727901630746
8769,1.0,0.999672801784372
8770,1.0,0.9996728134052384
8771,1.0,0.9996728250256747
8772,1.0,0.9996728366456802
8773,1.0,0.9996728482652554
8774,1.0,0.9996728598844001
8775,1.0,0.9996728715031146
8776,1.0,0.9996728831213987
8777,1.0,0.9996728947392525
8778,1.0,0.999672906356676
8779,1.0,0.9996729179736694
8780,1.0,0.9996729295902327
8781,1.0,0.9996729412063657
8782,1.0,0.9996729528220688
8783,1.0,0.9996729644373415
8784,1.0,0.9996729760521847
8785,1.0,0.9996729876665976
8786,1.0,0.9996729992805806
8787,1.0,0.9996730108941339
8788,1.0,0.9996730225072573
8789,1.0,0.9996730341199508
8790,1.0,0.9996730457322146
8791,1.0,0.9996730573440488
8792,1.0,0.999673068955453
8793,1.0,0.9996730805664279
8794,1.0,0.9996730921769731
8795,1.0,0.9996731037870885
8796,1.0,0.9996731153967745
8797,1.0,0.9996731270060312
8798,1.0,0.9996731386148584
8799,1.0,0.9996731502232562
8800,1.0,0.9996731618312243
8801,1.0,0.9996731734387635
8802,1.0,0.9996731850458732
8803,1.0,0.9996731966525537
8804,1.0,0.9996732082588051
8805,1.0,0.9996732198646272
8806,1.0,0.9996732314700202
8807,1.0,0.999673243074984
8808,1.0,0.999673254679519
8809,1.0,0.9996732662836247
8810,1.0,0.9996732778873018
8811,1.0,0.9996732894905497
8812,1.0,0.9996733010933688
8813,1.0,0.9996733126957589
8814,1.0,0.9996733242977202
8815,1.0,0.9996733358992528
8816,1.0,0.9996733475003566
8817,1.0,0.9996733591010318
8818,1.0,0.9996733707012785
8819,1.0,0.9996733823010964
8820,1.0,0.9996733939004855
8821,1.0,0.9996734054994462
8822,1.0,0.9996734170979784
8823,1.0,0.9996734286960822
8824,1.0,0.9996734402937577
8825,1.0,0.9996734518910045
8826,1.0,0.9996734634878232
8827,1.0,0.9996734750842136
8828,1.0,0.9996734866801755
8829,1.0,0.9996734982757093
8830,1.0,0.9996735098708147
8831,1.0,0.999673521465492
8832,1.0,0.9996735330597415
8833,1.0,0.9996735446535627
8834,1.0,0.9996735562469559
8835,1.0,0.999673567839921
8836,1.0,0.999673579432458
8837,1.0,0.9996735910245672
8838,1.0,0.9996736026162486
8839,1.0,0.9996736142075019
8840,1.0,0.9996736257983277
8841,1.0,0.9996736373887255
8842,1.0,0.9996736489786956
8843,1.0,0.9996736605682381
8844,1.0,0.9996736721573527
8845,1.0,0.9996736837460398
8846,1.0,0.9996736953342995
8847,1.0,0.9996737069221313
8848,1.0,0.9996737185095358
8849,1.0,0.9996737300965127
8850,1.0,0.9996737416830622
8851,1.0,0.9996737532691843
8852,1.0,0.999673764854879
8853,1.0,0.9996737764401465
8854,1.0,0.9996737880249865
8855,1.0,0.9996737996093994
8856,1.0,0.999673811193385
8857,1.0,0.9996738227769436
8858,1.0,0.9996738343600748
8859,1.0,0.9996738459427791
8860,1.0,0.9996738575250561
8861,1.0,0.9996738691069063
8862,1.0,0.9996738806883293
8863,1.0,0.9996738922693253
8864,1.0,0.9996739038498946
8865,1.0,0.9996739154300368
8866,1.0,0.9996739270097523
8867,1.0,0.9996739385890411
8868,1.0,0.9996739501679028
8869,1.0,0.9996739617463379
8870,1.0,0.9996739733243464
8871,1.0,0.9996739849019282
8872,1.0,0.9996739964790834
8873,1.0,0.9996740080558119
8874,1.0,0.9996740196321139
8875,1.0,0.9996740312079893
8876,1.0,0.9996740427834383
8877,1.0,0.9996740543584607
8878,1.0,0.999674065933057
8879,1.0,0.9996740775072268
8880,1.0,0.9996740890809701
8881,1.0,0.9996741006542872
8882,1.0,0.9996741122271781
8883,1.0,0.9996741237996426
8884,1.0,0.999674135371681
8885,1.0,0.9996741469432933
8886,1.0,0.9996741585144794
8887,1.0,0.9996741700852395
8888,1.0,0.9996741816555734
8889,1.0,0.9996741932254817
8890,1.0,0.9996742047949635
8891,1.0,0.9996742163640198
8892,1.0,0.9996742279326498
8893,1.0,0.999674239500854
8894,1.0,0.9996742510686326
8895,1.0,0.9996742626359851
8896,1.0,0.9996742742029121
8897,1.0,0.9996742857694133
8898,1.0,0.999674297335489
8899,1.0,0.9996743089011388
8900,1.0,0.999674320466363
8901,1.0,0.9996743320311616
8902,1.0,0.9996743435955349
8903,1.0,0.9996743551594824
8904,1.0,0.9996743667230046
8905,1.0,0.9996743782861012
8906,1.0,0.9996743898487723
8907,1.0,0.9996744014110183
8908,1.0,0.9996744129728389
8909,1.0,0.9996744245342342
8910,1.0,0.9996744360952042
8911,1.0,0.9996744476557492
8912,1.0,0.9996744592158687
8913,1.0,0.9996744707755632
8914,1.0,0.9996744823348324
8915,1.0,0.9996744938936768
8916,1.0,0.9996745054520958
8917,1.0,0.99967451701009
8918,1.0,0.9996745285676593
8919,1.0,0.9996745401248034
8920,1.0,0.9996745516815229
8921,1.0,0.9996745632378173
8922,1.0,0.9996745747936869
8923,1.0,0.9996745863491318
8924,1.0,0.9996745979041518
8925,1.0,0.999674609458747
8926,1.0,0.9996746210129178
8927,1.0,0.9996746325666634
8928,1.0,0.9996746441199847
8929,1.0,0.9996746556728815
8930,1.0,0.9996746672253537
8931,1.0,0.9996746787774012
8932,1.0,0.9996746903290246
8933,1.0,0.9996747018802232
8934,1.0,0.9996747134309975
8935,1.0,0.9996747249813474
8936,1.0,0.9996747365312729
8937,1.0,0.9996747480807741
8938,1.0,0.9996747596298509
8939,1.0,0.9996747711785037
8940,1.0,0.999674782726732
8941,1.0,0.9996747942745362
8942,1.0,0.9996748058219161
8943,1.0,0.9996748173688724
8944,1.0,0.9996748289154042
8945,1.0,0.999674840461512
8946,1.0,0.9996748520071959
8947,1.0,0.9996748635524558
8948,1.0,0.9996748750972917
8949,1.0,0.9996748866417038
8950,1.0,0.9996748981856919
8951,1.0,0.9996749097292562
8952,1.0,0.9996749212723968
8953,1.0,0.9996749328151134
8954,1.0,0.9996749443574066
8955,1.0,0.9996749558992758
8956,1.0,0.9996749674407216
8957,1.0,0.9996749789817434
8958,1.0,0.9996749905223417
8959,1.0,0.9996750020625167
8960,1.0,0.9996750136022678
8961,1.0,0.9996750251415958
8962,1.0,0.9996750366805001
8963,1.0,0.9996750482189809
8964,1.0,0.9996750597570383
8965,1.0,0.9996750712946725
8966,1.0,0.9996750828318833
8967,1.0,0.9996750943686709
8968,1.0,0.9996751059050349
8969,1.0,0.9996751174409759
8970,1.0,0.9996751289764939
8971,1.0,0.9996751405115886
8972,1.0,0.9996751520462599
8973,1.0,0.9996751635805085
8974,1.0,0.9996751751143336
8975,1.0,0.9996751866477359
8976,1.0,0.9996751981807153
8977,1.0,0.9996752097132716
8978,1.0,0.9996752212454051
8979,1.0,0.9996752327771156
8980,1.0,0.999675244308403
8981,1.0,0.999675255839268
8982,1.0,0.99967526736971
8983,1.0,0.9996752788997293
8984,1.0,0.9996752904293259
8985,1.0,0.9996753019584997
8986,1.0,0.9996753134872508
8987,1.0,0.9996753250155795
8988,1.0,0.9996753365434854
8989,1.0,0.9996753480709688
8990,1.0,0.9996753595980296
8991,1.0,0.9996753711246679
8992,1.0,0.9996753826508838
8993,1.0,0.9996753941766771
8994,1.0,0.9996754057020482
8995,1.0,0.9996754172269967
8996,1.0,0.9996754287515232
8997,1.0,0.9996754402756272
8998,1.0,0.999675451799309
8999,1.0,0.9996754633225684
9000,1.0,0.9996754748454059
9001,1.0,0.999675486367821
9002,1.0,0.9996754978898138
9003,1.0,0.9996755094113847
9004,1.0,0.9996755209325335
9005,1.0,0.9996755324532602
9006,1.0,0.9996755439735651
9007,1.0,0.9996755554934479
9008,1.0,0.9996755670129087
9009,1.0,0.9996755785319476
9010,1.0,0.9996755900505647
9011,1.0,0.9996756015687599
9012,1.0,0.9996756130865333
9013,1.0,0.9996756246038848
9014,1.0,0.9996756361208147
9015,1.0,0.9996756476373228
9016,1.0,0.9996756591534094
9017,1.0,0.999675670669074
9018,1.0,0.9996756821843173
9019,1.0,0.9996756936991387
9020,1.0,0.9996757052135389
9021,1.0,0.9996757167275174
9022,1.0,0.9996757282410742
9023,1.0,0.9996757397542099
9024,1.0,0.999675751266924
9025,1.0,0.9996757627792165
9026,1.0,0.999675774291088
9027,1.0,0.999675785802538
9028,1.0,0.9996757973135667
9029,1.0,0.9996758088241742
9030,1.0,0.9996758203343603
9031,1.0,0.9996758318441253
9032,1.0,0.9996758433534693
9033,1.0,0.999675854862392
9034,1.0,0.9996758663708935
9035,1.0,0.999675877878974
9036,1.0,0.9996758893866333
9037,1.0,0.999675900893872
9038,1.0,0.9996759124006893
9039,1.0,0.9996759239070858
9040,1.0,0.9996759354130615
9041,1.0,0.9996759469186162
9042,1.0,0.9996759584237501
9043,1.0,0.999675969928463
9044,1.0,0.9996759814327553
9045,1.0,0.9996759929366267
9046,1.0,0.9996760044400775
9047,1.0,0.9996760159431074
9048,1.0,0.9996760274457169
9049,1.0,0.9996760389479057
9050,1.0,0.9996760504496737
9051,1.0,0.9996760619510214
9052,1.0,0.9996760734519484
9053,1.0,0.9996760849524549
9054,1.0,0.999676096452541
9055,1.0,0.9996761079522065
9056,1.0,0.9996761194514517
9057,1.0,0.9996761309502764
9058,1.0,0.9996761424486809
9059,1.0,0.999676153946665
9060,1.0,0.9996761654442287
9061,1.0,0.9996761769413723
9062,1.0,0.9996761884380957
9063,1.0,0.9996761999343989
9064,1.0,0.9996762114302817
9065,1.0,0.9996762229257445
9066,1.0,0.9996762344207872
9067,1.0,0.9996762459154099
9068,1.0,0.9996762574096125
9069,1.0,0.9996762689033952
9070,1.0,0.9996762803967578
9071,1.0,0.9996762918897005
9072,1.0,0.9996763033822232
9073,1.0,0.9996763148743261
9074,1.0,0.9996763263660091
9075,1.0,0.9996763378572723
9076,1.0,0.9996763493481157
9077,1.0,0.9996763608385392
9078,1.0,0.9996763723285431
9079,1.0,0.9996763838181272
9080,1.0,0.9996763953072916
9081,1.0,0.9996764067960366
9082,1.0,0.9996764182843618
9083,1.0,0.9996764297722676
9084,1.0,0.9996764412597535
9085,1.0,0.9996764527468203
9086,1.0,0.9996764642334673
9087,1.0,0.9996764757196951
9088,1.0,0.9996764872055032
9089,1.0,0.9996764986908919
9090,1.0,0.9996765101758613
9091,1.0,0.9996765216604114
9092,1.0,0.9996765331445423
9093,1.0,0.9996765446282541
9094,1.0,0.9996765561115462
9095,1.0,0.9996765675944194
9096,1.0,0.9996765790768732
9097,1.0,0.9996765905589081
9098,1.0,0.9996766020405236
9099,1.0,0.99967661352172
9100,1.0,0.9996766250024974
9101,1.0,0.999676636482856
9102,1.0,0.9996766479627954
9103,1.0,0.9996766594423158
9104,1.0,0.9996766709214173
9105,1.0,0.9996766824001001
9106,1.0,0.9996766938783638
9107,1.0,0.9996767053562085
9108,1.0,0.9996767168336345
9109,1.0,0.9996767283106419
9110,1.0,0.9996767397872303
9111,1.0,0.9996767512634002
9112,1.0,0.9996767627391512
9113,1.0,0.9996767742144836
9114,1.0,0.9996767856893972
9115,1.0,0.9996767971638922
9116,1.0,0.9996768086379688
9117,1.0,0.999676820111627
9118,1.0,0.9996768315848664
9119,1.0,0.9996768430576873
9120,1.0,0.9996768545300899
9121,1.0,0.9996768660020738
9122,1.0,0.9996768774736395
9123,1.0,0.999676888944787
9124,1.0,0.9996769004155159
9125,1.0,0.9996769118858266
9126,1.0,0.999676923355719
9127,1.0,0.9996769348251932
9128,1.0,0.999676946294249
9129,1.0,0.9996769577628867
9130,1.0,0.9996769692311063
9131,1.0,0.9996769806989076
9132,1.0,0.9996769921662909
9133,1.0,0.9996770036332562
9134,1.0,0.9996770150998032
9135,1.0,0.9996770265659324
9136,1.0,0.9996770380316435
9137,1.0,0.9996770494969368
9138,1.0,0.999677060961812
9139,1.0,0.9996770724262694
9140,1.0,0.9996770838903088
9141,1.0,0.9996770953539306
9142,1.0,0.9996771068171345
9143,1.0,0.9996771182799205
9144,1.0,0.9996771297422887
9145,1.0,0.9996771412042395
9146,1.0,0.9996771526657723
9147,1.0,0.9996771641268877
9148,1.0,0.9996771755875852
9149,1.0,0.9996771870478652
9150,1.0,0.9996771985077276
9151,1.0,0.9996772099671726
9152,1.0,0.9996772214261997
9153,1.0,0.9996772328848097
9154,1.0,0.9996772443430022
9155,1.0,0.999677255800777
9156,1.0,0.9996772672581345
9157,1.0,0.9996772787150747
9158,1.0,0.9996772901715977
9159,1.0,0.9996773016277033
9160,1.0,0.9996773130833914
9161,1.0,0.9996773245386626
9162,1.0,0.9996773359935163
9163,1.0,0.999677347447953
9164,1.0,0.9996773589019722
9165,1.0,0.9996773703555747
9166,1.0,0.9996773818087595
9167,1.0,0.9996773932615278
9168,1.0,0.9996774047138788
9169,1.0,0.9996774161658128
9170,1.0,0.9996774276173299
9171,1.0,0.9996774390684298
9172,1.0,0.999677450519113
9173,1.0,0.9996774619693792
9174,1.0,0.9996774734192285
9175,1.0,0.9996774848686609
9176,1.0,0.9996774963176767
9177,1.0,0.9996775077662752
9178,1.0,0.9996775192144574
9179,1.0,0.9996775306622228
9180,1.0,0.9996775421095713
9181,1.0,0.9996775535565032
9182,1.0,0.9996775650030186
9183,1.0,0.9996775764491173
9184,1.0,0.9996775878947993
9185,1.0,0.9996775993400648
9186,1.0,0.9996776107849138
9187,1.0,0.9996776222293463
9188,1.0,0.9996776336733624
9189,1.0,0.9996776451169618
9190,1.0,0.9996776565601451
9191,1.0,0.9996776680029116
9192,1.0,0.9996776794452621
9193,1.0,0.999677690887196
9194,1.0,0.9996777023287138
9195,1.0,0.9996777137698152
9196,1.0,0.9996777252105002
9197,1.0,0.9996777366507693
9198,1.0,0.999677748090622
9199,1.0,0.9996777595300587
9200,1.0,0.9996777709690791
9201,1.0,0.9996777824076832
9202,1.0,0.9996777938458716
9203,1.0,0.9996778052836438
9204,1.0,0.999677816721
9205,1.0,0.9996778281579402
9206,1.0,0.9996778395944643
9207,1.0,0.9996778510305727
9208,1.0,0.999677862466265
9209,1.0,0.9996778739015415
9210,1.0,0.9996778853364021
9211,1.0,0.9996778967708468
9212,1.0,0.9996779082048758
9213,1.0,0.9996779196384891
9214,1.0,0.9996779310716867
9215,1.0,0.9996779425044682
9216,1.0,0.9996779539368346
9217,1.0,0.9996779653687847
9218,1.0,0.9996779768003196
9219,1.0,0.9996779882314387
9220,1.0,0.9996779996621422
9221,1.0,0.9996780110924303
9222,1.0,0.999678022522303
9223,1.0,0.9996780339517598
9224,1.0,0.9996780453808015
9225,1.0,0.9996780568094275
9226,1.0,0.9996780682376384
9227,1.0,0.9996780796654336
9228,1.0,0.9996780910928137
9229,1.0,0.9996781025197783
9230,1.0,0.9996781139463278
9231,1.0,0.9996781253724617
9232,1.0,0.9996781367981806
9233,1.0,0.9996781482234842
9234,1.0,0.9996781596483726
9235,1.0,0.999678171072846
9236,1.0,0.9996781824969042
9237,1.0,0.9996781939205471
9238,1.0,0.9996782053437752
9239,1.0,0.999678216766588
9240,1.0,0.999678228188986
9241,1.0,0.999678239610969
9242,1.0,0.9996782510325369
9243,1.0,0.99967826245369
9244,1.0,0.9996782738744279
9245,1.0,0.9996782852947512
9246,1.0,0.9996782967146596
9247,1.0,0.9996783081341533
9248,1.0,0.9996783195532319
9249,1.0,0.999678330971896
9250,1.0,0.9996783423901451
9251,1.0,0.9996783538079796
9252,1.0,0.9996783652253994
9253,1.0,0.9996783766424047
9254,1.0,0.9996783880589951
9255,1.0,0.9996783994751711
9256,1.0,0.9996784108909323
9257,1.0,0.9996784223062792
9258,1.0,0.9996784337212113
9259,1.0,0.9996784451357291
9260,1.0,0.9996784565498323
9261,1.0,0.9996784679635212
9262,1.0,0.9996784793767957
9263,1.0,0.9996784907896558
9264,1.0,0.9996785022021014
9265,1.0,0.9996785136141327
9266,1.0,0.9996785250257498
9267,1.0,0.9996785364369526
9268,1.0,0.9996785478477409
9269,1.0,0.9996785592581152
9270,1.0,0.9996785706680754
9271,1.0,0.9996785820776212
9272,1.0,0.9996785934867529
9273,1.0,0.9996786048954706
9274,1.0,0.9996786163037742
9275,1.0,0.9996786277116637
9276,1.0,0.9996786391191391
9277,1.0,0.9996786505262005
9278,1.0,0.9996786619328479
9279,1.0,0.9996786733390817
9280,1.0,0.9996786847449011
9281,1.0,0.9996786961503069
9282,1.0,0.9996787075552984
9283,1.0,0.9996787189598765
9284,1.0,0.9996787303640408
9285,1.0,0.999678741767791
9286,1.0,0.9996787531711276
9287,1.0,0.9996787645740505
9288,1.0,0.9996787759765595
9289,1.0,0.999678787378655
9290,1.0,0.9996787987803367
9291,1.0,0.9996788101816049
9292,1.0,0.9996788215824595
9293,1.0,0.9996788329829005
9294,1.0,0.9996788443829278
9295,1.0,0.9996788557825418
9296,1.0,0.9996788671817423
9297,1.0,0.9996788785805291
9298,1.0,0.9996788899789025
9299,1.0,0.9996789013768625
9300,1.0,0.9996789127744091
9301,1.0,0.9996789241715425
9302,1.0,0.9996789355682625
9303,1.0,0.9996789469645692
9304,1.0,0.9996789583604627
9305,1.0,0.9996789697559425
9306,1.0,0.9996789811510095
9307,1.0,0.9996789925456633
9308,1.0,0.9996790039399037
9309,1.0,0.999679015333731
9310,1.0,0.9996790267271455
9311,1.0,0.9996790381201466
9312,1.0,0.9996790495127347
9313,1.0,0.9996790609049097
9314,1.0,0.9996790722966716
9315,1.0,0.9996790836880207
9316,1.0,0.9996790950789566
9317,1.0,0.9996791064694797
9318,1.0,0.9996791178595898
9319,1.0,0.9996791292492873
9320,1.0,0.9996791406385717
9321,1.0,0.9996791520274434
9322,1.0,0.9996791634159021
9323,1.0,0.9996791748039482
9324,1.0,0.9996791861915814
9325,1.0,0.9996791975788021
9326,1.0,0.9996792089656098
9327,1.0,0.999679220352005
9328,1.0,0.9996792317379873
9329,1.0,0.9996792431235573
9330,1.0,0.9996792545087148
9331,1.0,0.9996792658934593
9332,1.0,0.9996792772777918
9333,1.0,0.9996792886617113
9334,1.0,0.9996793000452184
9335,1.0,0.9996793114283132
9336,1.0,0.9996793228109955
9337,1.0,0.9996793341932654
9338,1.0,0.9996793455751228
9339,1.0,0.9996793569565681
9340,1.0,0.999679368337601
9341,1.0,0.9996793797182214
9342,1.0,0.9996793910984296
9343,1.0,0.9996794024782254
9344,1.0,0.9996794138576091
9345,1.0,0.9996794252365809
9346,1.0,0.99967943661514
9347,1.0,0.9996794479932873
9348,1.0,0.9996794593710223
9349,1.0,0.9996794707483454
9350,1.0,0.9996794821252564
9351,1.0,0.9996794935017552
9352,1.0,0.9996795048778421
9353,1.0,0.9996795162535168
9354,1.0,0.9996795276287797
9355,1.0,0.9996795390036306
9356,1.0,0.9996795503780697
9357,1.0,0.9996795617520967
9358,1.0,0.999679573125712
9359,1.0,0.9996795844989155
9360,1.0,0.9996795958717071
9361,1.0,0.9996796072440869
9362,1.0,0.9996796186160549
9363,1.0,0.9996796299876114
9364,1.0,0.9996796413587559
9365,1.0,0.9996796527294889
9366,1.0,0.9996796640998102
9367,1.0,0.9996796754697198
9368,1.0,0.9996796868392179
9369,1.0,0.9996796982083045
9370,1.0,0.9996797095769794
9371,1.0,0.9996797209452427
9372,1.0,0.9996797323130946
9373,1.0,0.999679743680535
9374,1.0,0.9996797550475639
9375,1.0,0.9996797664141814
9376,1.0,0.9996797777803877
9377,1.0,0.9996797891461825
9378,1.0,0.9996798005115658
9379,1.0,0.9996798118765379
9380,1.0,0.9996798232410986
9381,1.0,0.9996798346052481
9382,1.0,0.9996798459689866
9383,1.0,0.9996798573323136
9384,1.0,0.9996798686952295
9385,1.0,0.9996798800577341
9386,1.0,0.9996798914198277
9387,1.0,0.9996799027815102
9388,1.0,0.9996799141427815
9389,1.0,0.9996799255036417
9390,1.0,0.9996799368640911
9391,1.0,0.9996799482241293
9392,1.0,0.9996799595837564
9393,1.0,0.9996799709429727
9394,1.0,0.9996799823017781
9395,1.0,0.9996799936601725
9396,1.0,0.9996800050181561
9397,1.0,0.9996800163757286
9398,1.0,0.9996800277328906
9399,1.0,0.9996800390896414
9400,1.0,0.9996800504459818
9401,1.0,0.9996800618019113
9402,1.0,0.9996800731574299
9403,1.0,0.9996800845125381
9404,1.0,0.9996800958672354
9405,1.0,0.9996801072215222
9406,1.0,0.9996801185753982
9407,1.0,0.9996801299288637
9408,1.0,0.9996801412819184
9409,1.0,0.9996801526345628
9410,1.0,0.9996801639867965
9411,1.0,0.9996801753386201
9412,1.0,0.9996801866900328
9413,1.0,0.9996801980410349
9414,1.0,0.9996802093916268
9415,1.0,0.9996802207418084
9416,1.0,0.9996802320915796
9417,1.0,0.9996802434409403
9418,1.0,0.9996802547898908
9419,1.0,0.9996802661384308
9420,1.0,0.9996802774865609
9421,1.0,0.9996802888342804
9422,1.0,0.9996803001815896
9423,1.0,0.9996803115284889
9424,1.0,0.9996803228749778
9425,1.0,0.9996803342210567
9426,1.0,0.9996803455667255
9427,1.0,0.9996803569119841
9428,1.0,0.9996803682568326
9429,1.0,0.9996803796012712
9430,1.0,0.9996803909452996
9431,1.0,0.9996804022889181
9432,1.0,0.9996804136321265
9433,1.0,0.9996804249749249
9434,1.0,0.9996804363173135
9435,1.0,0.9996804476592923
9436,1.0,0.9996804590008609
9437,1.0,0.99968047034202
9438,1.0,0.999680481682769
9439,1.0,0.9996804930231085
9440,1.0,0.9996805043630381
9441,1.0,0.9996805157025577
9442,1.0,0.9996805270416678
9443,1.0,0.9996805383803682
9444,1.0,0.9996805497186589
9445,1.0,0.99968056105654
9446,1.0,0.9996805723940113
9447,1.0,0.9996805837310733
9448,1.0,0.9996805950677254
9449,1.0,0.9996806064039682
9450,1.0,0.9996806177398012
9451,1.0,0.9996806290752249
9452,1.0,0.9996806404102391
9453,1.0,0.9996806517448439
9454,1.0,0.9996806630790391
9455,1.0,0.999680674412825
9456,1.0,0.9996806857462014
9457,1.0,0.9996806970791684
9458,1.0,0.9996807084117262
9459,1.0,0.999680719743875
9460,1.0,0.9996807310756142
9461,1.0,0.999680742406944
9462,1.0,0.999680753737865
9463,1.0,0.9996807650683763
9464,1.0,0.9996807763984787
9465,1.0,0.9996807877281719
9466,1.0,0.999680799057456
9467,1.0,0.999680810386331
9468,1.0,0.9996808217147968
9469,1.0,0.9996808330428536
9470,1.0,0.9996808443705016
9471,1.0,0.9996808556977403
9472,1.0,0.9996808670245702
9473,1.0,0.9996808783509908
9474,1.0,0.999680889677003
9475,1.0,0.9996809010026058
9476,1.0,0.9996809123278
9477,1.0,0.9996809236525851
9478,1.0,0.9996809349769616
9479,1.0,0.9996809463009293
9480,1.0,0.9996809576244882
9481,1.0,0.9996809689476381
9482,1.0,0.9996809802703794
9483,1.0,0.9996809915927122
9484,1.0,0.9996810029146359
9485,1.0,0.9996810142361513
9486,1.0,0.9996810255572579
9487,1.0,0.999681036877956
9488,1.0,0.9996810481982454
9489,1.0,0.9996810595181261
9490,1.0,0.9996810708375986
9491,1.0,0.9996810821566623
9492,1.0,0.9996810934753178
9493,1.0,0.9996811047935644
9494,1.0,0.9996811161114029
9495,1.0,0.9996811274288329
9496,1.0,0.9996811387458543
9497,1.0,0.9996811500624675
9498,1.0,0.9996811613786724
9499,1.0,0.999681172694469
9500,1.0,0.9996811840098573
9501,1.0,0.9996811953248372
9502,1.0,0.9996812066394088
9503,1.0,0.9996812179535723
9504,1.0,0.9996812292673277
9505,1.0,0.9996812405806748
9506,1.0,0.9996812518936138
9507,1.0,0.9996812632061448
9508,1.0,0.9996812745182674
9509,1.0,0.9996812858299821
9510,1.0,0.9996812971412885
9511,1.0,0.9996813084521873
9512,1.0,0.9996813197626778
9513,1.0,0.9996813310727602
9514,1.0,0.999681342382435
9515,1.0,0.9996813536917017
9516,1.0,0.9996813650005606
9517,1.0,0.9996813763090113
9518,1.0,0.9996813876170546
9519,1.0,0.9996813989246897
9520,1.0,0.9996814102319171
9521,1.0,0.9996814215387366
9522,1.0,0.9996814328451485
9523,1.0,0.9996814441511527
9524,1.0,0.9996814554567492
9525,1.0,0.9996814667619379
9526,1.0,0.999681478066719
9527,1.0,0.9996814893710922
9528,1.0,0.999681500675058
9529,1.0,0.9996815119786163
9530,1.0,0.9996815232817668
9531,1.0,0.99968153458451
9532,1.0,0.9996815458868454
9533,1.0,0.9996815571887734
9534,1.0,0.9996815684902941
9535,1.0,0.9996815797914073
9536,1.0,0.9996815910921131
9537,1.0,0.9996816023924112
9538,1.0,0.9996816136923024
9539,1.0,0.9996816249917857
9540,1.0,0.999681636290862
9541,1.0,0.999681647589531
9542,1.0,0.9996816588877926
9543,1.0,0.9996816701856471
9544,1.0,0.9996816814830941
9545,1.0,0.9996816927801342
9546,1.0,0.9996817040767668
9547,1.0,0.9996817153729926
9548,1.0,0.9996817266688112
9549,1.0,0.9996817379642224
9550,1.0,0.9996817492592267
9551,1.0,0.9996817605538239
9552,1.0,0.999681771848014
9553,1.0,0.9996817831417972
9554,1.0,0.9996817944351732
9555,1.0,0.9996818057281425
9556,1.0,0.9996818170207048
9557,1.0,0.99968182831286
9558,1.0,0.9996818396046084
9559,1.0,0.9996818508959501
9560,1.0,0.9996818621868847
9561,1.0,0.9996818734774127
9562,1.0,0.9996818847675337
9563,1.0,0.9996818960572479
9564,1.0,0.9996819073465554
9565,1.0,0.9996819186354561
9566,1.0,0.9996819299239502
9567,1.0,0.9996819412120378
9568,1.0,0.9996819524997184
9569,1.0,0.9996819637869926
9570,1.0,0.9996819750738601
9571,1.0,0.999681986360321
9572,1.0,0.9996819976463754
9573,1.0,0.999682008932023
9574,1.0,0.9996820202172644
9575,1.0,0.9996820315020992
9576,1.0,0.9996820427865274
9577,1.0,0.9996820540705494
9578,1.0,0.9996820653541648
9579,1.0,0.9996820766373737
9580,1.0,0.9996820879201765
9581,1.0,0.9996820992025728
9582,1.0,0.9996821104845627
9583,1.0,0.9996821217661466
9584,1.0,0.9996821330473238
9585,1.0,0.9996821443280951
9586,1.0,0.9996821556084599
9587,1.0,0.9996821668884187
9588,1.0,0.999682178167971
9589,1.0,0.9996821894471174
9590,1.0,0.9996822007258577
9591,1.0,0.9996822120041916
9592,1.0,0.9996822232821196
9593,1.0,0.9996822345596417
9594,1.0,0.9996822458367575
9595,1.0,0.9996822571134675
9596,1.0,0.9996822683897713
9597,1.0,0.9996822796656691
9598,1.0,0.999682290941161
9599,1.0,0.9996823022162471
9600,1.0,0.9996823134909273
9601,1.0,0.9996823247652015
9602,1.0,0.9996823360390698
9603,1.0,0.9996823473125324
9604,1.0,0.9996823585855891
9605,1.0,0.99968236985824
9606,1.0,0.9996823811304852
9607,1.0,0.9996823924023246
9608,1.0,0.9996824036737584
9609,1.0,0.9996824149447864
9610,1.0,0.9996824262154087
9611,1.0,0.9996824374856254
9612,1.0,0.9996824487554364
9613,1.0,0.999682460024842
9614,1.0,0.9996824712938419
9615,1.0,0.9996824825624362
9616,1.0,0.9996824938306251
9617,1.0,0.9996825050984084
9618,1.0,0.9996825163657862
9619,1.0,0.9996825276327588
9620,1.0,0.9996825388993257
9621,1.0,0.9996825501654871
9622,1.0,0.9996825614312433
9623,1.0,0.9996825726965941
9624,1.0,0.9996825839615396
9625,1.0,0.9996825952260796
9626,1.0,0.9996826064902147
9627,1.0,0.9996826177539441
9628,1.0,0.9996826290172683
9629,1.0,0.9996826402801875
9630,1.0,0.9996826515427013
9631,1.0,0.99968266280481
9632,1.0,0.9996826740665137
9633,1.0,0.999682685327812
9634,1.0,0.9996826965887053
9635,1.0,0.9996827078491934
9636,1.0,0.9996827191092768
9637,1.0,0.9996827303689548
9638,1.0,0.9996827416282278
9639,1.0,0.999682752887096
9640,1.0,0.9996827641455591
9641,1.0,0.9996827754036173
9642,1.0,0.9996827866612705
9643,1.0,0.999682797918519
9644,1.0,0.9996828091753625
9645,1.0,0.999682820431801
9646,1.0,0.9996828316878349
9647,1.0,0.9996828429434639
9648,1.0,0.9996828541986882
9649,1.0,0.9996828654535075
9650,1.0,0.9996828767079222
9651,1.0,0.9996828879619324
9652,1.0,0.9996828992155377
9653,1.0,0.9996829104687383
9654,1.0,0.9996829217215343
9655,1.0,0.9996829329739256
9656,1.0,0.9996829442259124
9657,1.0,0.9996829554774945
9658,1.0,0.9996829667286721
9659,1.0,0.9996829779794454
9660,1.0,0.9996829892298138
9661,1.0,0.999683000479778
9662,1.0,0.9996830117293377
9663,1.0,0.9996830229784931
9664,1.0,0.9996830342272436
9665,1.0,0.9996830454755901
9666,1.0,0.9996830567235322
9667,1.0,0.99968306797107
9668,1.0,0.9996830792182033
9669,1.0,0.9996830904649324
9670,1.0,0.9996831017112572
9671,1.0,0.9996831129571777
9672,1.0,0.9996831242026941
9673,1.0,0.9996831354478061
9674,1.0,0.9996831466925141
9675,1.0,0.9996831579368177
9676,1.0,0.9996831691807174
9677,1.0,0.9996831804242129
9678,1.0,0.9996831916673043
9679,1.0,0.9996832029099917
9680,1.0,0.999683214152275
9681,1.0,0.9996832253941542
9682,1.0,0.9996832366356295
9683,1.0,0.9996832478767007
9684,1.0,0.9996832591173682
9685,1.0,0.9996832703576316
9686,1.0,0.9996832815974911
9687,1.0,0.9996832928369466
9688,1.0,0.9996833040759985
9689,1.0,0.9996833153146463
9690,1.0,0.9996833265528905
9691,1.0,0.9996833377907307
9692,1.0,0.9996833490281672
9693,1.0,0.9996833602652001
9694,1.0,0.999683371501829
9695,1.0,0.9996833827380543
9696,1.0,0.9996833939738761
9697,1.0,0.9996834052092941
9698,1.0,0.9996834164443085
9699,1.0,0.999683427678919
9700,1.0,0.9996834389131262
9701,1.0,0.9996834501469299
9702,1.0,0.99968346138033
9703,1.0,0.9996834726133265
9704,1.0,0.9996834838459194
9705,1.0,0.999683495078109
9706,1.0,0.9996835063098951
9707,1.0,0.9996835175412778
9708,1.0,0.9996835287722571
9709,1.0,0.9996835400028329
9710,1.0,0.9996835512330055
9711,1.0,0.9996835624627746
9712,1.0,0.9996835736921403
9713,1.0,0.9996835849211031
9714,1.0,0.9996835961496624
9715,1.0,0.9996836073778184
9716,1.0,0.9996836186055711
9717,1.0,0.9996836298329208
9718,1.0,0.9996836410598672
9719,1.0,0.9996836522864104
9720,1.0,0.9996836635125507
9721,1.0,0.9996836747382877
9722,1.0,0.9996836859636217
9723,1.0,0.9996836971885524
9724,1.0,0.9996837084130804
9725,1.0,0.999683719637205
9726,1.0,0.999683730860927
9727,1.0,0.9996837420842457
9728,1.0,0.9996837533071617
9729,1.0,0.9996837645296744
9730,1.0,0.9996837757517847
9731,1.0,0.9996837869734918
9732,1.0,0.9996837981947961
9733,1.0,0.9996838094156975
9734,1.0,0.9996838206361961
9735,1.0,0.9996838318562918
9736,1.0,0.9996838430759849
9737,1.0,0.9996838542952753
9738,1.0,0.9996838655141628
9739,1.0,0.9996838767326476
9740,1.0,0.9996838879507298
9741,1.0,0.9996838991684094
9742,1.0,0.9996839103856863
9743,1.0,0.9996839216025607
9744,1.0,0.9996839328190322
9745,1.0,0.9996839440351013
9746,1.0,0.9996839552507679
9747,1.0,0.999683966466032
9748,1.0,0.9996839776808935
9749,1.0,0.9996839888953525
9750,1.0,0.9996840001094092
9751,1.0,0.9996840113230632
9752,1.0,0.999684022536315
9753,1.0,0.9996840337491644
9754,1.0,0.9996840449616115
9755,1.0,0.999684056173656
9756,1.0,0.9996840673852981
9757,1.0,0.9996840785965383
9758,1.0,0.9996840898073761
9759,1.0,0.9996841010178115
9760,1.0,0.9996841122278448
9761,1.0,0.9996841234374758
9762,1.0,0.9996841346467046
9763,1.0,0.9996841458555313
9764,1.0,0.9996841570639559
9765,1.0,0.9996841682719781
9766,1.0,0.9996841794795986
9767,1.0,0.9996841906868169
9768,1.0,0.9996842018936329
9769,1.0,0.9996842131000472
9770,1.0,0.9996842243060593
9771,1.0,0.9996842355116695
9772,1.0,0.9996842467168777
9773,1.0,0.9996842579216839
9774,1.0,0.9996842691260882
9775,1.0,0.9996842803300905
9776,1.0,0.9996842915336912
9777,1.0,0.99968430273689
9778,1.0,0.9996843139396867
9779,1.0,0.9996843251420817
9780,1.0,0.9996843363440752
9781,1.0,0.9996843475456666
9782,1.0,0.9996843587468565
9783,1.0,0.9996843699476443
9784,1.0,0.9996843811480307
9785,1.0,0.9996843923480155
9786,1.0,0.9996844035475985
9787,1.0,0.9996844147467798
9788,1.0,0.9996844259455597
9789,1.0,0.9996844371439378
9790,1.0,0.9996844483419144
9791,1.0,0.9996844595394895
9792,1.0,0.9996844707366631
9793,1.0,0.9996844819334352
9794,1.0,0.9996844931298059
9795,1.0,0.999684504325775
9796,1.0,0.9996845155213427
9797,1.0,0.9996845267165091
9798,1.0,0.9996845379112739
9799,1.0,0.9996845491056376
9800,1.0,0.9996845602995997
9801,1.0,0.9996845714931606
9802,1.0,0.9996845826863202
9803,1.0,0.9996845938790786
9804,1.0,0.9996846050714356
9805,1.0,0.9996846162633917
9806,1.0,0.9996846274549461
9807,1.0,0.9996846386460998
9808,1.0,0.9996846498368519
9809,1.0,0.999684661027203
9810,1.0,0.9996846722171532
9811,1.0,0.9996846834067021
9812,1.0,0.9996846945958499
9813,1.0,0.9996847057845968
9814,1.0,0.9996847169729425
9815,1.0,0.9996847281608873
9816,1.0,0.9996847393484309
9817,1.0,0.9996847505355739
9818,1.0,0.9996847617223158
9819,1.0,0.9996847729086568
9820,1.0,0.9996847840945967
9821,1.0,0.999684795280136
9822,1.0,0.9996848064652742
9823,1.0,0.9996848176500118
9824,1.0,0.9996848288343484
9825,1.0,0.9996848400182843
9826,1.0,0.9996848512018196
9827,1.0,0.9996848623849539
9828,1.0,0.9996848735676875
9829,1.0,0.9996848847500204
9830,1.0,0.9996848959319528
9831,1.0,0.9996849071134845
9832,1.0,0.9996849182946154
9833,1.0,0.9996849294753457
9834,1.0,0.9996849406556756
9835,1.0,0.9996849518356048
9836,1.0,0.9996849630151337
9837,1.0,0.9996849741942617
9838,1.0,0.9996849853729892
9839,1.0,0.9996849965513165
9840,1.0,0.9996850077292433
9841,1.0,0.9996850189067696
9842,1.0,0.9996850300838954
9843,1.0,0.9996850412606207
9844,1.0,0.9996850524369459
9845,1.0,0.9996850636128706
9846,1.0,0.9996850747883952
9847,1.0,0.9996850859635193
9848,1.0,0.999685097138243
9849,1.0,0.9996851083125669
9850,1.0,0.9996851194864902
9851,1.0,0.9996851306600133
9852,1.0,0.9996851418331361
9853,1.0,0.999685153005859
9854,1.0,0.9996851641781815
9855,1.0,0.9996851753501041
9856,1.0,0.9996851865216266
9857,1.0,0.9996851976927488
9858,1.0,0.9996852088634709
9859,1.0,0.9996852200337931
9860,1.0,0.9996852312037153
9861,1.0,0.9996852423732375
9862,1.0,0.9996852535423599
9863,1.0,0.999685264711082
9864,1.0,0.9996852758794043
9865,1.0,0.999685287047327
9866,1.0,0.9996852982148492
9867,1.0,0.999685309381972
9868,1.0,0.9996853205486947
9869,1.0,0.9996853317150179
9870,1.0,0.9996853428809409
9871,1.0,0.9996853540464643
9872,1.0,0.9996853652115882
9873,1.0,0.999685376376312
9874,1.0,0.9996853875406363
9875,1.0,0.9996853987045609
9876,1.0,0.9996854098680856
9877,1.0,0.9996854210312109
9878,1.0,0.9996854321939364
9879,1.0,0.9996854433562624
9880,1.0,0.9996854545181888
9881,1.0,0.9996854656797155
9882,1.0,0.9996854768408429
9883,1.0,0.9996854880015708
9884,1.0,0.9996854991618989
9885,1.0,0.9996855103218278
9886,1.0,0.999685521481357
9887,1.0,0.9996855326404871
9888,1.0,0.9996855437992175
9889,1.0,0.9996855549575487
9890,1.0,0.9996855661154805
9891,1.0,0.9996855772730129
9892,1.0,0.999685588430146
9893,1.0,0.9996855995868799
9894,1.0,0.9996856107432143
9895,1.0,0.9996856218991497
9896,1.0,0.9996856330546857
9897,1.0,0.9996856442098225
9898,1.0,0.9996856553645602
9899,1.0,0.9996856665188986
9900,1.0,0.9996856776728379
9901,1.0,0.9996856888263783
9902,1.0,0.9996856999795193
9903,1.0,0.9996857111322613
9904,1.0,0.9996857222846042
9905,1.0,0.9996857334365481
9906,1.0,0.9996857445880931
9907,1.0,0.999685755739239
9908,1.0,0.9996857668899859
9909,1.0,0.9996857780403338
9910,1.0,0.999685789190283
9911,1.0,0.9996858003398329
9912,1.0,0.9996858114889843
9913,1.0,0.9996858226377366
9914,1.0,0.9996858337860901
9915,1.0,0.999685844934045
9916,1.0,0.9996858560816009
9917,1.0,0.999685867228758
9918,1.0,0.9996858783755164
9919,1.0,0.9996858895218761
9920,1.0,0.9996859006678369
9921,1.0,0.9996859118133992
9922,1.0,0.9996859229585628
9923,1.0,0.9996859341033277
9924,1.0,0.9996859452476939
9925,1.0,0.9996859563916618
9926,1.0,0.9996859675352308
9927,1.0,0.9996859786784013
9928,1.0,0.9996859898211734
9929,1.0,0.9996860009635468
9930,1.0,0.9996860121055218
9931,1.0,0.9996860232470982
9932,1.0,0.9996860343882763
9933,1.0,0.999686045529056
9934,1.0,0.9996860566694372
9935,1.0,0.9996860678094199
9936,1.0,0.9996860789490044
9937,1.0,0.9996860900881905
9938,1.0,0.9996861012269782
9939,1.0,0.9996861123653678
9940,1.0,0.9996861235033588
9941,1.0,0.9996861346409518
9942,1.0,0.9996861457781465
9943,1.0,0.9996861569149429
9944,1.0,0.9996861680513414
9945,1.0,0.9996861791873413
9946,1.0,0.9996861903229433
9947,1.0,0.999686201458147
9948,1.0,0.9996862125929526
9949,1.0,0.9996862237273605
9950,1.0,0.9996862348613698
9951,1.0,0.9996862459949815
9952,1.0,0.9996862571281948
9953,1.0,0.9996862682610103
9954,1.0,0.9996862793934279
9955,1.0,0.9996862905254472
9956,1.0,0.999686301657069
9957,1.0,0.9996863127882927
9958,1.0,0.9996863239191183
9959,1.0,0.9996863350495461
9960,1.0,0.9996863461795764
9961,1.0,0.9996863573092085
9962,1.0,0.9996863684384428
9963,1.0,0.9996863795672796
9964,1.0,0.9996863906957184
9965,1.0,0.9996864018237593
9966,1.0,0.9996864129514027
9967,1.0,0.9996864240786485
9968,1.0,0.9996864352054965
9969,1.0,0.9996864463319467
9970,1.0,0.9996864574579993
9971,1.0,0.9996864685836545
9972,1.0,0.999686479708912
9973,1.0,0.999686490833772
9974,1.0,0.9996865019582343
9975,1.0,0.9996865130822989
9976,1.0,0.9996865242059664
9977,1.0,0.999686535329236
9978,1.0,0.9996865464521085
9979,1.0,0.9996865575745834
9980,1.0,0.9996865686966607
9981,1.0,0.9996865798183407
9982,1.0,0.9996865909396235
9983,1.0,0.9996866020605087
9984,1.0,0.9996866131809967
9985,1.0,0.9996866243010877
9986,1.0,0.999686635420781
9987,1.0,0.9996866465400769
9988,1.0,0.9996866576589758
9989,1.0,0.9996866687774776
9990,1.0,0.9996866798955818
9991,1.0,0.9996866910132889
9992,1.0,0.999686702130599
9993,1.0,0.9996867132475118
9994,1.0,0.9996867243640277
9995,1.0,0.9996867354801462
9996,1.0,0.9996867465958679
9997,1.0,0.9996867577111923
9998,1.0,0.9996867688261198
9999,1.0,0.9996867799406501
10000,1.0,0.9996867910547836
