x,actual_cdf,predicted_cdf
0,0.0,0.0
1,0.0,0.0022684335708618164
2,0.0,0.004537105560302734
3,0.0,0.006805896759033203
4,0.0,0.009074926376342773
5,0.0,0.011343955993652344
6,0.0,0.013613104820251465
7,0.0,0.015882372856140137
8,0.0,0.01815164089202881
9,0.0,0.02042090892791748
10,0.0,0.022690296173095703
11,0.0,0.024959564208984375
12,0.0,0.027228832244873047
13,0.0,0.029497861862182617
14,0.0,0.03176701068878174
15,0.0,0.03403592109680176
16,0.0,0.03630471229553223
17,0.0,0.038573384284973145
18,0.0,0.04084181785583496
19,0.0,0.04311013221740723
20,0.0,0.04537808895111084
21,0.0,0.04764580726623535
22,0.0,0.04991328716278076
23,0.0,0.05218052864074707
24,0.0,0.05444741249084473
25,0.0,0.05671393871307373
26,0.0,0.05897998809814453
27,0.0,0.06124567985534668
28,0.0,0.06351101398468018
29,0.0,0.06577587127685547
30,0.0,0.06804025173187256
31,0.0,0.07030415534973145
32,0.0,0.07256758213043213
33,0.0,0.07483029365539551
34,0.0,0.07709264755249023
35,0.0,0.07935428619384766
36,0.0,0.08161544799804688
37,0.0,0.08387589454650879
38,0.0,0.08613574504852295
39,0.0,0.0883948802947998
40,0.0,0.09065330028533936
41,0.0,0.0929110050201416
42,0.0,0.09516799449920654
43,0.0,0.09742414951324463
44,0.0,0.09967958927154541
45,0.0,0.10193419456481934
46,1e-05,0.1041879653930664
47,1e-05,0.10644090175628662
48,4e-05,0.10869288444519043
49,6e-05,0.11094403266906738
50,7e-05,0.11319410800933838
51,8e-05,0.11544334888458252
52,0.0001,0.11769163608551025
53,0.00013,0.11993885040283203
54,0.00015,0.1221851110458374
55,0.0002,0.12443029880523682
56,0.00022,0.12667441368103027
57,0.00026,0.12891733646392822
58,0.00029,0.13115930557250977
59,0.00031,0.1334000825881958
60,0.0004,0.13563978672027588
61,0.00043,0.13787829875946045
62,0.0005,0.14011549949645996
63,0.00058,0.14235150814056396
64,0.00065,0.14458632469177246
65,0.00072,0.1468198299407959
66,0.00082,0.14905202388763428
67,0.00093,0.1512829065322876
68,0.00103,0.1535125970840454
69,0.00116,0.15574073791503906
70,0.00124,0.1579676866531372
71,0.00144,0.1601930856704712
72,0.00161,0.16241717338562012
73,0.0019,0.16463983058929443
74,0.00213,0.16686081886291504
75,0.00227,0.16908049583435059
76,0.00245,0.17129862308502197
77,0.00259,0.1735152006149292
78,0.00281,0.17573022842407227
79,0.00309,0.17794370651245117
80,0.00334,0.18015563488006592
81,0.00357,0.18236589431762695
82,0.00392,0.18457460403442383
83,0.00421,0.18678152561187744
84,0.00461,0.1889868974685669
85,0.00499,0.19119048118591309
86,0.00542,0.19339227676391602
87,0.0058,0.19559252262115479
88,0.00628,0.1977907419204712
89,0.00668,0.19998741149902344
90,0.00722,0.20218217372894287
91,0.00766,0.20437514781951904
92,0.00813,0.2065662145614624
93,0.00857,0.2087554931640625
94,0.00924,0.21094274520874023
95,0.01004,0.2131282091140747
96,0.01069,0.21531176567077637
97,0.01136,0.21749329566955566
98,0.01211,0.21967291831970215
99,0.01302,0.22185063362121582
100,0.01381,0.22402620315551758
101,0.01467,0.22619962692260742
102,0.01557,0.228371262550354
103,0.01629,0.23054063320159912
104,0.01712,0.23270809650421143
105,0.01813,0.23487329483032227
106,0.01913,0.23703646659851074
107,0.02008,0.23919737339019775
108,0.02118,0.2413562536239624
109,0.0222,0.24351274967193604
110,0.02312,0.2456672191619873
111,0.0243,0.24781954288482666
112,0.02557,0.249969482421875
113,0.02666,0.2521171569824219
114,0.02779,0.2542625665664673
115,0.0291,0.2564055919647217
116,0.03049,0.2585463523864746
117,0.03186,0.2606848478317261
118,0.03322,0.2628209590911865
119,0.03473,0.26495468616485596
120,0.03615,0.2670860290527344
121,0.0378,0.2692149877548218
122,0.03919,0.2713414430618286
123,0.04066,0.27346551418304443
124,0.04222,0.2755870819091797
125,0.04382,0.2777060270309448
126,0.04544,0.2798227071762085
127,0.04727,0.28193676471710205
128,0.04882,0.28404831886291504
129,0.05057,0.2861572504043579
130,0.05227,0.28826355934143066
131,0.05426,0.29036736488342285
132,0.05606,0.2924685478210449
133,0.05798,0.2945671081542969
134,0.05997,0.2966630458831787
135,0.06193,0.29875636100769043
136,0.06369,0.3008469343185425
137,0.06581,0.30293476581573486
138,0.06774,0.30501997470855713
139,0.07017,0.3071024417877197
140,0.0721,0.30918216705322266
141,0.07447,0.31125903129577637
142,0.07668,0.31333327293395996
143,0.07891,0.3154045343399048
144,0.08118,0.3174731731414795
145,0.08361,0.31953883171081543
146,0.08608,0.32160186767578125
147,0.08845,0.3236619234085083
148,0.09088,0.32571911811828613
149,0.0931,0.3277733325958252
150,0.09545,0.32982468605041504
151,0.09826,0.33187317848205566
152,0.10075,0.3339186906814575
153,0.10321,0.33596134185791016
154,0.1059,0.3380007743835449
155,0.10838,0.34003746509552
156,0.11089,0.3420710563659668
157,0.11364,0.3441016674041748
158,0.11621,0.34612929821014404
159,0.11911,0.34815382957458496
160,0.12202,0.3501753807067871
161,0.12533,0.35219383239746094
162,0.12782,0.35420918464660645
163,0.13057,0.3562213182449341
164,0.13331,0.35823047161102295
165,0.13639,0.36023640632629395
166,0.13907,0.36223936080932617
167,0.14216,0.3642390966415405
168,0.1451,0.366235613822937
169,0.14813,0.3682289123535156
170,0.15101,0.37021923065185547
171,0.15398,0.37220609188079834
172,0.15679,0.3741898536682129
173,0.16004,0.37617039680480957
174,0.16293,0.3781474828720093
175,0.16596,0.3801215887069702
176,0.16919,0.3820922374725342
177,0.17247,0.3840595483779907
178,0.1756,0.38602375984191895
179,0.17877,0.3879845142364502
180,0.18171,0.3899421691894531
181,0.18463,0.39189624786376953
182,0.18788,0.39384710788726807
183,0.19121,0.39579451084136963
184,0.19429,0.39773857593536377
185,0.19761,0.39967918395996094
186,0.20112,0.40161657333374023
187,0.20428,0.403550386428833
188,0.20782,0.40548086166381836
189,0.21128,0.40740787982940674
190,0.21444,0.4093315601348877
191,0.21728,0.41125166416168213
192,0.22093,0.4131683111190796
193,0.22472,0.4150815010070801
194,0.2281,0.4169912338256836
195,0.23182,0.4188973903656006
196,0.23503,0.4208000898361206
197,0.23838,0.42269933223724365
198,0.2419,0.4245949983596802
199,0.24548,0.4264869689941406
200,0.24887,0.42837560176849365
201,0.25276,0.43026065826416016
202,0.2561,0.43214190006256104
203,0.25947,0.43401992321014404
204,0.2631,0.4358940124511719
205,0.26679,0.4377647638320923
206,0.26995,0.4396318197250366
207,0.27339,0.44149529933929443
208,0.27694,0.44335508346557617
209,0.28044,0.4452112913131714
210,0.28394,0.447063684463501
211,0.28761,0.4489126205444336
212,0.29132,0.4507577419281006
213,0.29485,0.4525994062423706
214,0.29833,0.454437255859375
215,0.30186,0.4562714099884033
216,0.30541,0.458101749420166
217,0.30906,0.45992863178253174
218,0.31267,0.4617515802383423
219,0.31629,0.46357083320617676
220,0.32005,0.4653865098953247
221,0.32411,0.4671982526779175
222,0.32773,0.4690062999725342
223,0.33148,0.4708106517791748
224,0.33522,0.47261130809783936
225,0.33881,0.4744081497192383
226,0.34227,0.47620105743408203
227,0.34596,0.47799015045166016
228,0.34917,0.47977566719055176
229,0.35302,0.48155736923217773
230,0.35684,0.4833352565765381
231,0.36037,0.48510921001434326
232,0.36392,0.48687946796417236
233,0.36722,0.48864567279815674
234,0.37065,0.4904083013534546
235,0.37395,0.49216699600219727
236,0.37734,0.49392199516296387
237,0.38099,0.4956728219985962
238,0.38454,0.49741995334625244
239,0.38811,0.49916326999664307
240,0.39145,0.5009026527404785
241,0.39502,0.5026382207870483
242,0.39876,0.504369854927063
243,0.40257,0.5060975551605225
244,0.4061,0.5078214406967163
245,0.40975,0.5095415115356445
246,0.4131,0.511257529258728
247,0.41657,0.5129697322845459
248,0.42023,0.5146780014038086
249,0.42376,0.5163823366165161
250,0.42743,0.5180827379226685
251,0.43096,0.5197792053222656
252,0.43437,0.5214717388153076
253,0.43816,0.5231603384017944
254,0.4417,0.5248448848724365
255,0.44503,0.526525616645813
256,0.44856,0.5282025337219238
257,0.45201,0.5298753976821899
258,0.45557,0.5315440893173218
259,0.45881,0.533208966255188
260,0.46215,0.5348700284957886
261,0.4657,0.5365269184112549
262,0.4691,0.538179874420166
263,0.47259,0.539828896522522
264,0.47604,0.5414739847183228
265,0.47936,0.5431150197982788
266,0.48274,0.5447520017623901
267,0.48609,0.5463850498199463
268,0.48948,0.5480141639709473
269,0.49289,0.5496392250061035
270,0.49641,0.5512603521347046
271,0.49944,0.5528774261474609
272,0.50275,0.5544904470443726
273,0.50613,0.556099534034729
274,0.50908,0.5577045679092407
275,0.51241,0.5593057870864868
276,0.51586,0.5609027147293091
277,0.51895,0.5624957084655762
278,0.52211,0.5640847682952881
279,0.52489,0.5656697750091553
280,0.52796,0.5672506093978882
281,0.53125,0.5688275098800659
282,0.53436,0.5704004764556885
283,0.53773,0.5719693899154663
284,0.54108,0.5735341310501099
285,0.54413,0.5750950574874878
286,0.54741,0.576651930809021
287,0.55034,0.5782046318054199
288,0.55345,0.5797531604766846
289,0.55634,0.5812978744506836
290,0.55935,0.5828386545181274
291,0.5624,0.584375262260437
292,0.56537,0.5859076976776123
293,0.56835,0.587436318397522
294,0.57107,0.5889610052108765
295,0.57407,0.5904812812805176
296,0.57689,0.5919976234436035
297,0.5797,0.5935101509094238
298,0.58255,0.5950185060501099
299,0.58524,0.5965228080749512
300,0.58816,0.5980230569839478
301,0.59119,0.5995191335678101
302,0.59413,0.6010113954544067
303,0.59736,0.6024996042251587
304,0.60001,0.6039836406707764
305,0.60259,0.6054637432098389
306,0.60571,0.6069397926330566
307,0.60877,0.6084115505218506
308,0.61132,0.6098796129226685
309,0.61427,0.6113436222076416
310,0.61722,0.6128034591674805
311,0.61969,0.6142592430114746
312,0.62244,0.6157110929489136
313,0.625,0.6171588897705078
314,0.62775,0.6186026334762573
315,0.63061,0.6200422048568726
316,0.63338,0.6214780807495117
317,0.63607,0.622909665107727
318,0.63881,0.6243373155593872
319,0.64125,0.6257607936859131
320,0.64375,0.6271804571151733
321,0.64621,0.6285959482192993
322,0.64907,0.6300073862075806
323,0.65157,0.6314148902893066
324,0.65394,0.6328184604644775
325,0.65641,0.6342178583145142
326,0.65913,0.6356134414672852
327,0.66171,0.6370047330856323
328,0.66436,0.6383922100067139
329,0.66684,0.6397755146026611
330,0.66951,0.6411550045013428
331,0.6719,0.6425304412841797
332,0.67426,0.6439018249511719
333,0.67658,0.6452692747116089
334,0.6791,0.6466325521469116
335,0.68164,0.6479920148849487
336,0.68383,0.6493475437164307
337,0.68602,0.6506990194320679
338,0.68819,0.6520463228225708
339,0.69059,0.6533898115158081
340,0.69308,0.6547294855117798
341,0.69544,0.6560648679733276
342,0.69757,0.6573964357376099
343,0.69967,0.6587239503860474
344,0.70182,0.6600475311279297
345,0.70409,0.6613672971725464
346,0.70616,0.6626830101013184
347,0.70835,0.6639946699142456
348,0.71045,0.6653023958206177
349,0.71269,0.6666061878204346
350,0.71502,0.6679061651229858
351,0.71713,0.6692022085189819
352,0.71918,0.6704940795898438
353,0.72131,0.6717822551727295
354,0.72342,0.673066258430481
355,0.72556,0.6743464469909668
356,0.72767,0.6756227016448975
357,0.72967,0.676895260810852
358,0.73164,0.6781636476516724
359,0.73356,0.679428219795227
360,0.73557,0.680688738822937
361,0.73754,0.6819454431533813
362,0.73945,0.6831983327865601
363,0.74134,0.6844472885131836
364,0.7434,0.6856924295425415
365,0.74509,0.6869333982467651
366,0.74704,0.6881709098815918
367,0.74908,0.6894041299819946
368,0.75097,0.6906337738037109
369,0.75299,0.6918594837188721
370,0.75478,0.693081259727478
371,0.75677,0.6942993402481079
372,0.75912,0.6955132484436035
373,0.7612,0.6967235803604126
374,0.763,0.6979299783706665
375,0.76481,0.6991326808929443
376,0.76663,0.7003312110900879
377,0.76833,0.7015262842178345
378,0.7699,0.7027173042297363
379,0.7718,0.7039046287536621
380,0.77362,0.7050881385803223
381,0.77574,0.7062678337097168
382,0.77746,0.7074435949325562
383,0.77923,0.708615779876709
384,0.78091,0.7097841501235962
385,0.78265,0.7109485864639282
386,0.78443,0.7121093273162842
387,0.78624,0.7132662534713745
388,0.78792,0.7144194841384888
389,0.78957,0.7155687808990479
390,0.79121,0.7167145013809204
391,0.79303,0.7178564071655273
392,0.79461,0.7189946174621582
393,0.79621,0.7201290130615234
394,0.79781,0.7212598323822021
395,0.79952,0.7223867177963257
396,0.80111,0.7235099077224731
397,0.80285,0.7246294021606445
398,0.80427,0.7257453203201294
399,0.80564,0.7268574237823486
400,0.80724,0.7279660701751709
401,0.80867,0.7290706634521484
402,0.81025,0.730171799659729
403,0.81155,0.7312690019607544
404,0.81306,0.7323627471923828
405,0.81455,0.7334527969360352
406,0.81599,0.7345391511917114
407,0.81753,0.7356219291687012
408,0.81879,0.7367010116577148
409,0.82019,0.737776517868042
410,0.82157,0.7388483285903931
411,0.82328,0.7399164438247681
412,0.8247,0.7409812211990356
413,0.82607,0.7420419454574585
414,0.82752,0.7430993318557739
415,0.8288,0.7441532611846924
416,0.83024,0.7452033758163452
417,0.83152,0.7462499141693115
418,0.83286,0.7472928762435913
419,0.83437,0.7483323812484741
420,0.83576,0.7493681907653809
421,0.8371,0.7504005432128906
422,0.83838,0.7514290809631348
423,0.83975,0.7524542808532715
424,0.84088,0.7534760236740112
425,0.84214,0.7544940710067749
426,0.8434,0.7555086612701416
427,0.8444,0.7565197944641113
428,0.84583,0.7575273513793945
429,0.8471,0.7585314512252808
430,0.84829,0.75953209400177
431,0.84969,0.7605291604995728
432,0.85075,0.7615228891372681
433,0.852,0.7625129222869873
434,0.85324,0.7634994983673096
435,0.85441,0.764482855796814
436,0.85551,0.7654623985290527
437,0.85681,0.7664388418197632
438,0.85803,0.7674117088317871
439,0.85926,0.7683812379837036
440,0.86028,0.769347071647644
441,0.86128,0.7703096866607666
442,0.86237,0.7712688446044922
443,0.86373,0.7722247838973999
444,0.8649,0.7731770277023315
445,0.86594,0.7741260528564453
446,0.86683,0.7750716209411621
447,0.86783,0.7760138511657715
448,0.86881,0.776952862739563
449,0.86975,0.7778884172439575
450,0.87094,0.7788205146789551
451,0.872,0.7797492742538452
452,0.87291,0.780674934387207
453,0.87395,0.7815971374511719
454,0.87507,0.7825158834457397
455,0.87612,0.7834314107894897
456,0.87717,0.7843436002731323
457,0.87807,0.7852526903152466
458,0.87898,0.7861582040786743
459,0.87976,0.7870606184005737
460,0.88055,0.7879596948623657
461,0.8815,0.7888556718826294
462,0.88247,0.7897481918334961
463,0.88358,0.7906376123428345
464,0.88458,0.7915236949920654
465,0.88548,0.792406439781189
466,0.88654,0.7932862043380737
467,0.88737,0.7941626310348511
468,0.88833,0.7950358390808105
469,0.88923,0.7959057092666626
470,0.89031,0.7967724800109863
471,0.89111,0.7976361513137817
472,0.89191,0.7984966039657593
473,0.89291,0.7993539571762085
474,0.89376,0.8002079725265503
475,0.89466,0.8010590076446533
476,0.8955,0.8019068241119385
477,0.8964,0.8027514219284058
478,0.89728,0.8035929203033447
479,0.89792,0.8044313192367554
480,0.89878,0.8052667379379272
481,0.89957,0.8060989379882812
482,0.90028,0.8069279193878174
483,0.90114,0.8077540397644043
484,0.90191,0.8085768222808838
485,0.90277,0.8093966245651245
486,0.90343,0.8102134466171265
487,0.90417,0.8110272884368896
488,0.90494,0.8118377923965454
489,0.90566,0.8126455545425415
490,0.90653,0.8134499788284302
491,0.90721,0.8142516613006592
492,0.90803,0.8150501251220703
493,0.90878,0.8158457279205322
494,0.90943,0.8166383504867554
495,0.9102,0.8174278736114502
496,0.91093,0.8182142972946167
497,0.91159,0.818997859954834
498,0.91218,0.819778561592102
499,0.91288,0.8205560445785522
500,0.91344,0.8213307857513428
501,0.91408,0.8221026659011841
502,0.91485,0.8228713274002075
503,0.91568,0.8236372470855713
504,0.91626,0.8244000673294067
505,0.91688,0.8251602649688721
506,0.91765,0.8259174823760986
507,0.91831,0.8266717195510864
508,0.91892,0.8274229764938354
509,0.91956,0.8281713724136353
510,0.92033,0.8289169073104858
511,0.92108,0.8296597003936768
512,0.92167,0.8303996324539185
513,0.92233,0.8311365842819214
514,0.92301,0.8318707942962646
515,0.92369,0.8326021432876587
516,0.92421,0.8333306312561035
517,0.9248,0.8340563774108887
518,0.92549,0.8347792625427246
519,0.92593,0.8354992866516113
520,0.92647,0.8362166881561279
521,0.927,0.8369312286376953
522,0.92758,0.8376427888870239
523,0.92817,0.838351845741272
524,0.92882,0.8390581607818604
525,0.92941,0.83976149559021
526,0.92983,0.840462327003479
527,0.93033,0.8411602973937988
528,0.93092,0.8418554067611694
529,0.93134,0.8425480127334595
530,0.93185,0.8432377576828003
531,0.93238,0.8439251184463501
532,0.93294,0.844609260559082
533,0.9335,0.845291256904602
534,0.93397,0.8459701538085938
535,0.93455,0.8466465473175049
536,0.9351,0.8473204374313354
537,0.93562,0.8479914665222168
538,0.93609,0.8486597537994385
539,0.93667,0.8493256568908691
540,0.93733,0.8499888181686401
541,0.9377,0.8506494760513306
542,0.93828,0.8513071537017822
543,0.93882,0.8519625663757324
544,0.93936,0.8526153564453125
545,0.93987,0.8532655239105225
546,0.94038,0.8539130687713623
547,0.94081,0.854557991027832
548,0.94137,0.8552004098892212
549,0.94183,0.8558403253555298
550,0.94227,0.8564774990081787
551,0.94266,0.8571122884750366
552,0.94302,0.8577446937561035
553,0.94349,0.8583743572235107
554,0.94398,0.859001636505127
555,0.94441,0.8596261739730835
556,0.9449,0.8602484464645386
557,0.94532,0.8608680963516235
558,0.94579,0.8614852428436279
559,0.94627,0.8621000051498413
560,0.94665,0.8627122640609741
561,0.94722,0.8633219003677368
562,0.94766,0.863929271697998
563,0.94804,0.8645341396331787
564,0.94858,0.8651367425918579
565,0.949,0.865736722946167
566,0.94941,0.8663343191146851
567,0.94987,0.8669295310974121
568,0.95019,0.867522120475769
569,0.95063,0.8681125640869141
570,0.95101,0.8687005043029785
571,0.95145,0.869286298751831
572,0.95181,0.8698693513870239
573,0.95229,0.8704501390457153
574,0.95272,0.8710287809371948
575,0.95318,0.8716049194335938
576,0.95347,0.8721786737442017
577,0.95383,0.8727501630783081
578,0.95416,0.8733193874359131
579,0.95449,0.873885989189148
580,0.95496,0.87445068359375
581,0.95534,0.8750126361846924
582,0.95579,0.8755725622177124
583,0.95609,0.876130223274231
584,0.95641,0.8766855001449585
585,0.95683,0.8772386312484741
586,0.95725,0.8777893781661987
587,0.9576,0.8783378601074219
588,0.95797,0.8788841962814331
589,0.95828,0.8794280290603638
590,0.95875,0.8799698352813721
591,0.95909,0.8805094957351685
592,0.95939,0.8810467720031738
593,0.95974,0.8815820217132568
594,0.96004,0.8821147680282593
595,0.96032,0.8826454877853394
596,0.96067,0.883173942565918
597,0.96106,0.8837004899978638
598,0.96145,0.884224534034729
599,0.96185,0.8847464323043823
600,0.96217,0.8852661848068237
601,0.9626,0.8857839107513428
602,0.96292,0.8862994909286499
603,0.96327,0.8868129253387451
604,0.96347,0.8873239755630493
605,0.96379,0.8878332376480103
606,0.96406,0.8883402347564697
607,0.96441,0.8888452053070068
608,0.96464,0.889348030090332
609,0.96488,0.8898485898971558
610,0.96525,0.8903472423553467
611,0.96561,0.8908437490463257
612,0.96589,0.8913382291793823
613,0.96614,0.8918306827545166
614,0.96635,0.892320990562439
615,0.96662,0.892809271812439
616,0.96693,0.893295407295227
617,0.96721,0.8937797546386719
618,0.96753,0.8942618370056152
619,0.96773,0.8947418928146362
620,0.96798,0.8952200412750244
621,0.96816,0.8956961631774902
622,0.96848,0.8961702585220337
623,0.96873,0.8966425657272339
624,0.9689,0.8971126079559326
625,0.96921,0.8975808620452881
626,0.96944,0.8980468511581421
627,0.96969,0.8985112905502319
628,0.96996,0.8989734649658203
629,0.97013,0.8994337320327759
630,0.97046,0.8998920917510986
631,0.97074,0.9003485441207886
632,0.97103,0.9008030891418457
633,0.9712,0.9012556076049805
634,0.97146,0.9017062187194824
635,0.97169,0.9021549224853516
636,0.97199,0.902601957321167
637,0.97217,0.9030469655990601
638,0.97236,0.9034899473190308
639,0.97262,0.9039310216903687
640,0.97282,0.9043704271316528
641,0.97303,0.9048078060150146
642,0.97323,0.9052432775497437
643,0.97336,0.9056771993637085
644,0.97366,0.906109094619751
645,0.97386,0.9065390825271606
646,0.97413,0.906967282295227
647,0.97436,0.9073935747146606
648,0.97455,0.9078181982040405
649,0.97467,0.9082409143447876
650,0.97484,0.9086618423461914
651,0.97508,0.909080982208252
652,0.9753,0.9094984531402588
653,0.97554,0.9099137783050537
654,0.97567,0.910327672958374
655,0.97581,0.9107397794723511
656,0.97601,0.9111498594284058
657,0.97618,0.9115582704544067
658,0.97633,0.911965012550354
659,0.97654,0.912369966506958
660,0.97668,0.9127733707427979
661,0.9769,0.9131746292114258
662,0.97713,0.9135746955871582
663,0.97729,0.9139726161956787
664,0.97743,0.9143689870834351
665,0.97767,0.9147635698318481
666,0.97786,0.9151566028594971
667,0.97807,0.9155477285385132
668,0.97827,0.9159371852874756
669,0.97842,0.9163252115249634
670,0.97858,0.9167113304138184
671,0.9787,0.9170957803726196
672,0.97888,0.9174785614013672
673,0.97908,0.9178599119186401
674,0.97927,0.9182392358779907
675,0.97943,0.9186172485351562
676,0.97958,0.9189935922622681
677,0.97973,0.9193681478500366
678,0.97989,0.9197412729263306
679,0.98004,0.9201126098632812
680,0.98019,0.9204822778701782
681,0.98037,0.9208505153656006
682,0.98053,0.9212170839309692
683,0.98068,0.9215821027755737
684,0.98084,0.921945333480835
685,0.98103,0.9223071336746216
686,0.98118,0.9226672649383545
687,0.98134,0.9230260848999023
688,0.98146,0.9233832359313965
689,0.98158,0.9237387180328369
690,0.98172,0.9240926504135132
691,0.98186,0.9244450330734253
692,0.98195,0.9247958660125732
693,0.98216,0.9251452684402466
694,0.98229,0.9254931211471558
695,0.98243,0.9258394241333008
696,0.98257,0.9261841773986816
697,0.9827,0.9265276193618774
698,0.98288,0.92686927318573
699,0.98307,0.927209734916687
700,0.98319,0.9275484085083008
701,0.98331,0.9278855323791504
702,0.98347,0.9282214641571045
703,0.98356,0.928555965423584
704,0.98373,0.9288887977600098
705,0.98388,0.9292200803756714
706,0.98412,0.929550051689148
707,0.98432,0.9298785924911499
708,0.98446,0.9302055835723877
709,0.98463,0.9305312633514404
710,0.98475,0.930855393409729
711,0.98485,0.931178092956543
712,0.98495,0.9314996004104614
713,0.98509,0.9318194389343262
714,0.98519,0.9321379661560059
715,0.98537,0.9324551820755005
716,0.98553,0.9327706098556519
717,0.98561,0.9330850839614868
718,0.9857,0.9333980083465576
719,0.98581,0.9337093830108643
720,0.98591,0.9340195655822754
721,0.98601,0.9343281984329224
722,0.98613,0.9346358776092529
723,0.9862,0.9349417686462402
724,0.98631,0.9352463483810425
725,0.9864,0.9355498552322388
726,0.98648,0.9358516931533813
727,0.98656,0.936152458190918
728,0.98668,0.9364516735076904
729,0.98674,0.9367496967315674
730,0.98687,0.9370464086532593
731,0.98701,0.9373416900634766
732,0.98709,0.9376356601715088
733,0.98714,0.9379284381866455
734,0.98722,0.9382199048995972
735,0.9873,0.9385099411010742
736,0.9874,0.9387989044189453
737,0.98748,0.9390864372253418
738,0.9876,0.9393726587295532
739,0.98771,0.9396575689315796
740,0.98785,0.9399412870407104
741,0.98795,0.9402238130569458
742,0.9881,0.940504789352417
743,0.98823,0.9407849311828613
744,0.98832,0.9410635232925415
745,0.9884,0.9413409233093262
746,0.98848,0.9416170120239258
747,0.98856,0.9418919086456299
748,0.98872,0.942165732383728
749,0.98883,0.9424382448196411
750,0.98893,0.9427095651626587
751,0.98903,0.9429794549942017
752,0.98912,0.9432483911514282
753,0.98924,0.9435161352157593
754,0.98937,0.9437824487686157
755,0.98941,0.9440475702285767
756,0.98948,0.9443116188049316
757,0.98953,0.9445745944976807
758,0.98961,0.9448362588882446
759,0.98965,0.9450967311859131
760,0.98971,0.9453561305999756
761,0.98979,0.945614218711853
762,0.98989,0.9458712339401245
763,0.99002,0.94612717628479
764,0.99013,0.9463818073272705
765,0.99022,0.9466352462768555
766,0.99027,0.9468878507614136
767,0.99036,0.9471390247344971
768,0.99049,0.9473892450332642
769,0.99059,0.9476381540298462
770,0.99064,0.9478859901428223
771,0.99073,0.9481327533721924
772,0.99079,0.9483784437179565
773,0.99083,0.9486228227615356
774,0.99092,0.9488663673400879
775,0.991,0.9491087198257446
776,0.99104,0.9493498802185059
777,0.99107,0.9495899677276611
778,0.99113,0.9498292207717896
779,0.99122,0.9500669240951538
780,0.99126,0.9503041505813599
781,0.99138,0.9505399465560913
782,0.99143,0.9507746696472168
783,0.99149,0.9510083198547363
784,0.99157,0.9512408971786499
785,0.99168,0.9514724016189575
786,0.99178,0.9517030715942383
787,0.99184,0.951932430267334
788,0.99192,0.9521608352661133
789,0.99202,0.9523882865905762
790,0.99207,0.9526145458221436
791,0.99212,0.9528398513793945
792,0.99218,0.9530642032623291
793,0.99224,0.9532874822616577
794,0.99227,0.9535096883773804
795,0.99235,0.9537310600280762
796,0.99239,0.953951358795166
797,0.99247,0.9541704654693604
798,0.9925,0.9543887376785278
799,0.99256,0.9546060562133789
800,0.99268,0.954822301864624
801,0.99276,0.9550375938415527
802,0.99285,0.9552518129348755
803,0.99288,0.9554650783538818
804,0.99294,0.9556775093078613
805,0.99304,0.9558888673782349
806,0.9931,0.9560991525650024
807,0.99316,0.9563087224960327
808,0.99317,0.9565171003341675
809,0.99324,0.9567247629165649
810,0.99329,0.9569312334060669
811,0.99337,0.9571369886398315
812,0.99339,0.9573415517807007
813,0.99343,0.957545280456543
814,0.99346,0.9577480554580688
815,0.99354,0.9579501152038574
816,0.99358,0.9581509828567505
817,0.99363,0.9583511352539062
818,0.99368,0.9585503339767456
819,0.99375,0.9587483406066895
820,0.99378,0.958945631980896
821,0.99384,0.9591422080993652
822,0.99386,0.959337592124939
823,0.99394,0.9595321416854858
824,0.99395,0.9597259759902954
825,0.99398,0.959918737411499
826,0.99404,0.9601106643676758
827,0.99408,0.9603016376495361
828,0.99414,0.9604917764663696
829,0.99417,0.9606812000274658
830,0.99418,0.960869550704956
831,0.99423,0.9610570669174194
832,0.99429,0.961243748664856
833,0.99431,0.9614295959472656
834,0.99435,0.9616144895553589
835,0.99438,0.9617986679077148
836,0.99442,0.961982011795044
837,0.99445,0.9621644020080566
838,0.99448,0.9623459577560425
839,0.99452,0.9625265598297119
840,0.99453,0.9627065658569336
841,0.9946,0.9628857374191284
842,0.99463,0.9630639553070068
843,0.99467,0.9632412195205688
844,0.99469,0.9634180068969727
845,0.99471,0.9635937213897705
846,0.99475,0.9637686014175415
847,0.99478,0.9639428853988647
848,0.99482,0.9641162157058716
849,0.99486,0.9642887115478516
850,0.99489,0.9644604921340942
851,0.99492,0.9646314382553101
852,0.99498,0.9648016691207886
853,0.99502,0.9649710655212402
854,0.99506,0.9651397466659546
855,0.99511,0.9653075933456421
856,0.99515,0.9654744863510132
857,0.99521,0.9656407833099365
858,0.99527,0.9658063650131226
859,0.99531,0.9659711122512817
860,0.99532,0.9661349058151245
861,0.99535,0.9662983417510986
862,0.99537,0.9664605855941772
863,0.99539,0.9666223526000977
864,0.99544,0.9667832851409912
865,0.99547,0.9669435024261475
866,0.99553,0.9671028852462769
867,0.99562,0.967261552810669
868,0.99563,0.9674196243286133
869,0.99568,0.9675767421722412
870,0.99571,0.9677331447601318
871,0.99576,0.9678889513015747
872,0.99578,0.9680441617965698
873,0.99581,0.968198299407959
874,0.99583,0.9683519601821899
875,0.99588,0.968504786491394
876,0.99592,0.9686570167541504
877,0.99594,0.9688085317611694
878,0.99597,0.9689592123031616
879,0.996,0.9691091775894165
880,0.99601,0.9692587852478027
881,0.99604,0.969407320022583
882,0.99606,0.9695553779602051
883,0.99609,0.9697026014328003
884,0.99613,0.9698489904403687
885,0.99613,0.9699950218200684
886,0.9962,0.9701402187347412
887,0.99625,0.9702848196029663
888,0.99626,0.9704285860061646
889,0.99627,0.9705718755722046
890,0.99629,0.9707144498825073
891,0.9963,0.9708560705184937
892,0.99632,0.9709973335266113
893,0.99635,0.9711378812789917
894,0.99639,0.9712778329849243
895,0.99641,0.9714169502258301
896,0.99642,0.9715555906295776
897,0.99645,0.9716933965682983
898,0.99647,0.9718308448791504
899,0.99649,0.971967339515686
900,0.99652,0.9721033573150635
901,0.99655,0.9722385406494141
902,0.9966,0.9723732471466064
903,0.99662,0.9725074768066406
904,0.99662,0.972640872001648
905,0.99667,0.9727737903594971
906,0.9967,0.9729057550430298
907,0.99674,0.973037600517273
908,0.99678,0.9731684923171997
909,0.9968,0.9732986688613892
910,0.99684,0.9734283685684204
911,0.99686,0.973557710647583
912,0.99687,0.9736860990524292
913,0.99692,0.9738140106201172
914,0.99697,0.9739413261413574
915,0.99699,0.9740681648254395
916,0.99703,0.9741942882537842
917,0.99706,0.9743196964263916
918,0.99707,0.9744447469711304
919,0.99708,0.9745690822601318
920,0.99708,0.974692702293396
921,0.9971,0.974815845489502
922,0.99711,0.9749383926391602
923,0.99712,0.9750604629516602
924,0.99713,0.9751818180084229
925,0.99715,0.9753026962280273
926,0.99715,0.9754229784011841
927,0.99715,0.9755427837371826
928,0.99718,0.9756618738174438
929,0.99724,0.9757804870605469
930,0.99726,0.9758985042572021
931,0.99726,0.9760160446166992
932,0.99727,0.976132869720459
933,0.99727,0.9762492179870605
934,0.99728,0.9763652086257935
935,0.9973,0.9764804840087891
936,0.99736,0.9765952825546265
937,0.99739,0.9767093658447266
938,0.9974,0.9768229722976685
939,0.9974,0.9769359827041626
940,0.99743,0.9770487546920776
941,0.99744,0.9771608114242554
942,0.99746,0.9772721529006958
943,0.99747,0.9773831367492676
944,0.9975,0.9774936437606812
945,0.99753,0.9776036739349365
946,0.99756,0.9777129888534546
947,0.99759,0.9778218269348145
948,0.99763,0.9779303073883057
949,0.99765,0.9780381917953491
950,0.99768,0.9781454801559448
951,0.99768,0.9782524108886719
952,0.99768,0.9783587455749512
953,0.99769,0.9784643650054932
954,0.99771,0.9785698652267456
955,0.99773,0.9786746501922607
956,0.99775,0.9787789583206177
957,0.99775,0.9788827896118164
958,0.99775,0.9789862632751465
959,0.99775,0.9790889024734497
960,0.99778,0.9791914224624634
961,0.99778,0.9792932271957397
962,0.99779,0.9793945550918579
963,0.99781,0.9794957637786865
964,0.99785,0.9795961380004883
965,0.99789,0.9796959161758423
966,0.99791,0.9797954559326172
967,0.99793,0.9798945188522339
968,0.99793,0.9799931049346924
969,0.99794,0.9800909757614136
970,0.99794,0.9801887273788452
971,0.99795,0.9802858829498291
972,0.99796,0.9803824424743652
973,0.99798,0.9804787635803223
974,0.99799,0.980574369430542
975,0.998,0.9806698560714722
976,0.99801,0.9807645082473755
977,0.99802,0.9808590412139893
978,0.99803,0.9809529781341553
979,0.99806,0.9810463190078735
980,0.99806,0.9811394214630127
981,0.99807,0.9812320470809937
982,0.99808,0.981324315071106
983,0.99809,0.9814159870147705
984,0.99811,0.9815073013305664
985,0.99813,0.9815981388092041
986,0.99814,0.981688380241394
987,0.99815,0.9817785024642944
988,0.99817,0.9818680286407471
989,0.99818,0.981957197189331
990,0.99818,0.9820458889007568
991,0.9982,0.982134222984314
992,0.99821,0.9822220802307129
993,0.99822,0.9823093414306641
994,0.99824,0.9823964834213257
995,0.99825,0.98248291015625
996,0.99828,0.9825692176818848
997,0.99834,0.9826549291610718
998,0.99837,0.9827404022216797
999,0.99838,0.9828252792358398
1000,0.99838,0.9829099178314209
1001,0.9984,0.9829939603805542
1002,0.99842,0.9830776453018188
1003,0.99842,0.9831610918045044
1004,0.99843,0.9832439422607422
1005,0.99843,0.9833264350891113
1006,0.99844,0.9834086894989014
1007,0.99849,0.9834903478622437
1008,0.9985,0.9835716485977173
1009,0.99852,0.9836528301239014
1010,0.99853,0.9837332963943481
1011,0.99853,0.9838135242462158
1012,0.99854,0.9838932752609253
1013,0.99855,0.9839727878570557
1014,0.99857,0.9840518236160278
1015,0.99857,0.9841305017471313
1016,0.99858,0.9842088222503662
1017,0.99858,0.9842867851257324
1018,0.99861,0.9843641519546509
1019,0.99865,0.9844413995742798
1020,0.99866,0.9845181703567505
1021,0.99868,0.984594464302063
1022,0.99868,0.9846705198287964
1023,0.9987,0.9847463369369507
1024,0.9987,0.9848217964172363
1025,0.9987,0.9848966598510742
1026,0.99871,0.984971284866333
1027,0.99874,0.9850455522537231
1028,0.99875,0.9851193428039551
1029,0.99876,0.9851927757263184
1030,0.99877,0.9852660894393921
1031,0.99878,0.9853389263153076
1032,0.99878,0.9854112863540649
1033,0.99878,0.9854834079742432
1034,0.99878,0.9855552911758423
1035,0.99878,0.9856268167495728
1036,0.99879,0.9856977462768555
1037,0.9988,0.9857685565948486
1038,0.99882,0.9858390092849731
1039,0.99883,0.985909104347229
1040,0.99884,0.9859788417816162
1041,0.99885,0.9860482215881348
1042,0.99885,0.9861171245574951
1043,0.99885,0.9861860275268555
1044,0.99885,0.9862544536590576
1045,0.99885,0.9863224029541016
1046,0.99887,0.9863901138305664
1047,0.99887,0.9864575862884521
1048,0.99887,0.9865247011184692
1049,0.99887,0.9865914583206177
1050,0.99888,0.9866578578948975
1051,0.99888,0.9867238998413086
1052,0.99888,0.9867898225784302
1053,0.99889,0.9868552684783936
1054,0.99889,0.9869203567504883
1055,0.99889,0.9869853258132935
1056,0.9989,0.9870498180389404
1057,0.99891,0.9871140718460083
1058,0.99892,0.987177848815918
1059,0.99892,0.9872413873672485
1060,0.99893,0.9873046875
1061,0.99895,0.9873678684234619
1062,0.99897,0.9874304533004761
1063,0.99897,0.9874927997589111
1064,0.99897,0.9875550270080566
1065,0.99897,0.9876166582107544
1066,0.99897,0.9876781702041626
1067,0.99898,0.9877393245697021
1068,0.99899,0.9878003597259521
1069,0.99899,0.987860918045044
1070,0.999,0.9879212379455566
1071,0.99903,0.9879813194274902
1072,0.99905,0.9880408048629761
1073,0.99905,0.9881001710891724
1074,0.99905,0.9881594181060791
1075,0.99905,0.9882183074951172
1076,0.99907,0.9882769584655762
1077,0.99908,0.988335132598877
1078,0.99908,0.9883930683135986
1079,0.99908,0.9884508848190308
1080,0.9991,0.9885083436965942
1081,0.9991,0.9885654449462891
1082,0.99913,0.9886224269866943
1083,0.99914,0.988679051399231
1084,0.99914,0.9887353181838989
1085,0.99915,0.9887912273406982
1086,0.99916,0.9888471364974976
1087,0.99916,0.9889024496078491
1088,0.99916,0.9889578819274902
1089,0.99916,0.9890128374099731
1090,0.99917,0.989067554473877
1091,0.99918,0.9891220331192017
1092,0.99919,0.9891760349273682
1093,0.99921,0.9892300367355347
1094,0.99921,0.989283561706543
1095,0.99921,0.9893370866775513
1096,0.99922,0.9893902540206909
1097,0.99922,0.9894430637359619
1098,0.99923,0.9894956350326538
1099,0.99923,0.9895480871200562
1100,0.99923,0.9896001815795898
1101,0.99923,0.9896520376205444
1102,0.99923,0.9897035360336304
1103,0.99923,0.9897550344467163
1104,0.99924,0.9898061752319336
1105,0.99924,0.9898569583892822
1106,0.99925,0.9899073839187622
1107,0.99925,0.9899579286575317
1108,0.99925,0.9900079965591431
1109,0.99927,0.9900578260421753
1110,0.99927,0.990107536315918
1111,0.99927,0.990156888961792
1112,0.99929,0.9902060031890869
1113,0.9993,0.9902548789978027
1114,0.99931,0.9903035163879395
1115,0.99931,0.9903519153594971
1116,0.99931,0.9904000759124756
1117,0.99932,0.9904481172561646
1118,0.99932,0.9904958009719849
1119,0.99932,0.9905432462692261
1120,0.99932,0.9905904531478882
1121,0.99932,0.9906376600265503
1122,0.99932,0.9906845092773438
1123,0.99933,0.9907310009002686
1124,0.99933,0.9907772541046143
1125,0.99934,0.9908233880996704
1126,0.99936,0.9908691644668579
1127,0.99936,0.990915060043335
1128,0.99936,0.9909603595733643
1129,0.99936,0.991005539894104
1130,0.99937,0.9910506010055542
1131,0.99937,0.9910953044891357
1132,0.99938,0.9911400079727173
1133,0.99938,0.9911841154098511
1134,0.99938,0.9912283420562744
1135,0.99938,0.9912723302841187
1136,0.99939,0.9913160800933838
1137,0.99939,0.9913594722747803
1138,0.99939,0.9914027452468872
1139,0.9994,0.991445779800415
1140,0.9994,0.9914885759353638
1141,0.9994,0.9915313720703125
1142,0.9994,0.991573691368103
1143,0.9994,0.9916160106658936
1144,0.99941,0.9916578531265259
1145,0.99941,0.9916996955871582
1146,0.99942,0.9917412996292114
1147,0.99943,0.9917826652526855
1148,0.99944,0.9918239116668701
1149,0.99944,0.9918650388717651
1150,0.99946,0.991905689239502
1151,0.99947,0.9919463396072388
1152,0.99948,0.9919865131378174
1153,0.99949,0.9920268058776855
1154,0.99949,0.9920667409896851
1155,0.99949,0.9921066761016846
1156,0.9995,0.9921462535858154
1157,0.9995,0.9921857118606567
1158,0.99951,0.9922250509262085
1159,0.99951,0.9922640323638916
1160,0.99951,0.9923027753829956
1161,0.99951,0.9923413991928101
1162,0.99951,0.9923796653747559
1163,0.99951,0.9924180507659912
1164,0.99951,0.9924561977386475
1165,0.99951,0.9924939870834351
1166,0.99952,0.9925318956375122
1167,0.99952,0.9925692081451416
1168,0.99953,0.9926066398620605
1169,0.99954,0.9926438331604004
1170,0.99954,0.9926807880401611
1171,0.99954,0.9927173852920532
1172,0.99954,0.9927541017532349
1173,0.99954,0.9927905797958374
1174,0.99954,0.9928268194198608
1175,0.99954,0.9928627014160156
1176,0.99954,0.99289870262146
1177,0.99954,0.9929344654083252
1178,0.99955,0.9929699897766113
1179,0.99955,0.9930052757263184
1180,0.99956,0.9930405616760254
1181,0.99956,0.9930756092071533
1182,0.99956,0.9931104183197021
1183,0.99956,0.993145227432251
1184,0.99956,0.9931795597076416
1185,0.99956,0.9932138919830322
1186,0.99956,0.9932479858398438
1187,0.99956,0.9932820796966553
1188,0.99956,0.9933159351348877
1189,0.99956,0.993349552154541
1190,0.99956,0.9933829307556152
1191,0.99957,0.9934163093566895
1192,0.99958,0.9934495687484741
1193,0.99958,0.9934824705123901
1194,0.99958,0.9935153722763062
1195,0.99959,0.9935480356216431
1196,0.99959,0.9935804605484009
1197,0.99959,0.9936130046844482
1198,0.99959,0.993645191192627
1199,0.9996,0.9936771392822266
1200,0.9996,0.9937092065811157
1201,0.9996,0.9937406778335571
1202,0.99961,0.9937723875045776
1203,0.99961,0.9938037395477295
1204,0.99961,0.9938349723815918
1205,0.99961,0.993865966796875
1206,0.99961,0.9938970804214478
1207,0.99962,0.9939278364181519
1208,0.99962,0.9939584732055664
1209,0.99962,0.9939889907836914
1210,0.99962,0.9940192699432373
1211,0.99962,0.9940494298934937
1212,0.99963,0.9940794706344604
1213,0.99963,0.9941093921661377
1214,0.99964,0.9941391944885254
1215,0.99964,0.9941686391830444
1216,0.99965,0.9941983222961426
1217,0.99965,0.994227409362793
1218,0.99965,0.9942566156387329
1219,0.99965,0.9942857027053833
1220,0.99965,0.9943146705627441
1221,0.99965,0.9943434000015259
1222,0.99965,0.994371771812439
1223,0.99965,0.9944002628326416
1224,0.99965,0.9944287538528442
1225,0.99965,0.9944568872451782
1226,0.99966,0.9944849014282227
1227,0.99967,0.994512677192688
1228,0.99967,0.9945403337478638
1229,0.99967,0.9945681095123291
1230,0.99967,0.9945956468582153
1231,0.99968,0.9946229457855225
1232,0.9997,0.99465012550354
1233,0.9997,0.9946771860122681
1234,0.9997,0.994704008102417
1235,0.9997,0.9947308301925659
1236,0.9997,0.9947576522827148
1237,0.9997,0.9947841167449951
1238,0.9997,0.9948104619979858
1239,0.9997,0.9948368072509766
1240,0.9997,0.9948629140853882
1241,0.99971,0.9948890209197998
1242,0.99972,0.9949148893356323
1243,0.99972,0.9949405193328857
1244,0.99972,0.9949661493301392
1245,0.99972,0.994991660118103
1246,0.99972,0.9950170516967773
1247,0.99972,0.9950422048568726
1248,0.99973,0.9950673580169678
1249,0.99974,0.995092511177063
1250,0.99975,0.9951171875
1251,0.99975,0.9951421022415161
1252,0.99975,0.9951667785644531
1253,0.99976,0.995191216468811
1254,0.99976,0.995215654373169
1255,0.99976,0.9952398538589478
1256,0.99976,0.9952640533447266
1257,0.99976,0.9952880144119263
1258,0.99976,0.995311975479126
1259,0.99976,0.9953356981277466
1260,0.99976,0.9953595399856567
1261,0.99976,0.9953830242156982
1262,0.99976,0.9954065084457397
1263,0.99976,0.9954297542572021
1264,0.99976,0.9954530000686646
1265,0.99976,0.9954760074615479
1266,0.99976,0.9954990148544312
1267,0.99976,0.9955217838287354
1268,0.99976,0.9955445528030396
1269,0.99977,0.9955672025680542
1270,0.99977,0.9955897331237793
1271,0.99978,0.9956120252609253
1272,0.99978,0.9956343173980713
1273,0.99978,0.9956566095352173
1274,0.99979,0.9956786632537842
1275,0.99979,0.9957005977630615
1276,0.99979,0.9957224130630493
1277,0.99979,0.9957442283630371
1278,0.9998,0.9957658052444458
1279,0.9998,0.995787501335144
1280,0.9998,0.9958088397979736
1281,0.9998,0.9958299398422241
1282,0.99981,0.9958512783050537
1283,0.99981,0.9958724975585938
1284,0.99981,0.9958933591842651
1285,0.99981,0.9959142208099365
1286,0.99981,0.9959350824356079
1287,0.99981,0.9959558248519897
1288,0.99981,0.9959762096405029
1289,0.99981,0.9959968328475952
1290,0.99981,0.9960170984268188
1291,0.99981,0.996037483215332
1292,0.99981,0.9960576295852661
1293,0.99981,0.9960776567459106
1294,0.99981,0.9960975646972656
1295,0.99981,0.9961174726486206
1296,0.99981,0.996137261390686
1297,0.99981,0.9961569309234619
1298,0.99981,0.9961766004562378
1299,0.99981,0.9961961507797241
1300,0.99981,0.9962153434753418
1301,0.99981,0.996234655380249
1302,0.99981,0.9962538480758667
1303,0.99981,0.9962730407714844
1304,0.99981,0.9962921142578125
1305,0.99981,0.996310830116272
1306,0.99981,0.996329665184021
1307,0.99982,0.9963483810424805
1308,0.99982,0.9963668584823608
1309,0.99982,0.9963854551315308
1310,0.99982,0.9964039325714111
1311,0.99983,0.996422290802002
1312,0.99983,0.9964405298233032
1313,0.99983,0.9964586496353149
1314,0.99983,0.9964768886566162
1315,0.99983,0.9964947700500488
1316,0.99983,0.9965125322341919
1317,0.99984,0.9965304136276245
1318,0.99984,0.9965481758117676
1319,0.99984,0.9965658187866211
1320,0.99984,0.9965833425521851
1321,0.99984,0.9966007471084595
1322,0.99984,0.9966180324554443
1323,0.99984,0.9966354370117188
1324,0.99984,0.9966524839401245
1325,0.99984,0.9966696500778198
1326,0.99984,0.9966866970062256
1327,0.99984,0.9967036247253418
1328,0.99984,0.9967204332351685
1329,0.99984,0.9967373609542847
1330,0.99984,0.9967539310455322
1331,0.99984,0.9967706203460693
1332,0.99985,0.9967869520187378
1333,0.99985,0.9968034029006958
1334,0.99985,0.9968197345733643
1335,0.99985,0.9968359470367432
1336,0.99985,0.9968521595001221
1337,0.99985,0.9968682527542114
1338,0.99985,0.9968842267990112
1339,0.99985,0.9969003200531006
1340,0.99985,0.9969160556793213
1341,0.99986,0.9969320297241211
1342,0.99986,0.9969476461410522
1343,0.99986,0.9969631433486938
1344,0.99986,0.996978759765625
1345,0.99986,0.9969942569732666
1346,0.99986,0.9970097541809082
1347,0.99986,0.9970248937606812
1348,0.99986,0.9970401525497437
1349,0.99987,0.9970552921295166
1350,0.99987,0.9970703125
1351,0.99987,0.9970853328704834
1352,0.99987,0.9971002340316772
1353,0.99987,0.9971152544021606
1354,0.99987,0.9971300363540649
1355,0.99987,0.9971446990966797
1356,0.99987,0.9971592426300049
1357,0.99987,0.9971737861633301
1358,0.99987,0.9971882104873657
1359,0.99988,0.9972027540206909
1360,0.99988,0.997217059135437
1361,0.99988,0.9972312450408936
1362,0.99989,0.9972455501556396
1363,0.99989,0.9972596168518066
1364,0.99989,0.9972735643386841
1365,0.99989,0.9972876310348511
1366,0.9999,0.9973016977310181
1367,0.9999,0.9973154067993164
1368,0.9999,0.9973292350769043
1369,0.9999,0.9973428249359131
1370,0.9999,0.9973565340042114
1371,0.9999,0.9973701238632202
1372,0.9999,0.997383713722229
1373,0.9999,0.9973969459533691
1374,0.9999,0.9974102973937988
1375,0.9999,0.9974236488342285
1376,0.9999,0.9974370002746582
1377,0.9999,0.9974499940872192
1378,0.9999,0.9974631071090698
1379,0.9999,0.9974762201309204
1380,0.9999,0.9974889755249023
1381,0.9999,0.9975020885467529
1382,0.9999,0.9975149631500244
1383,0.9999,0.9975275993347168
1384,0.9999,0.9975403547286987
1385,0.9999,0.9975529909133911
1386,0.9999,0.9975656270980835
1387,0.9999,0.9975780248641968
1388,0.9999,0.9975905418395996
1389,0.9999,0.9976029396057129
1390,0.9999,0.9976153373718262
1391,0.9999,0.9976274967193604
1392,0.9999,0.997639536857605
1393,0.9999,0.9976516962051392
1394,0.9999,0.9976638555526733
1395,0.9999,0.9976760149002075
1396,0.9999,0.997687816619873
1397,0.9999,0.9976997375488281
1398,0.9999,0.9977116584777832
1399,0.9999,0.9977233409881592
1400,0.9999,0.9977352619171143
1401,0.9999,0.9977468252182007
1402,0.9999,0.9977582693099976
1403,0.9999,0.9977699518203735
1404,0.9999,0.9977813959121704
1405,0.9999,0.9977927207946777
1406,0.9999,0.9978041648864746
1407,0.9999,0.9978153705596924
1408,0.9999,0.9978268146514893
1409,0.99991,0.997838020324707
1410,0.99991,0.9978491067886353
1411,0.99991,0.9978600740432739
1412,0.99991,0.9978710412979126
1413,0.99991,0.9978822469711304
1414,0.99991,0.9978929758071899
1415,0.99991,0.9979038238525391
1416,0.99991,0.9979145526885986
1417,0.99991,0.9979255199432373
1418,0.99991,0.9979362487792969
1419,0.99991,0.9979467391967773
1420,0.99991,0.9979574680328369
1421,0.99991,0.9979678392410278
1422,0.99991,0.9979783296585083
1423,0.99992,0.9979888200759888
1424,0.99992,0.9979993104934692
1425,0.99992,0.9980095624923706
1426,0.99992,0.9980196952819824
1427,0.99992,0.9980299472808838
1428,0.99992,0.9980401992797852
1429,0.99992,0.9980502128601074
1430,0.99992,0.9980604648590088
1431,0.99992,0.998070478439331
1432,0.99992,0.9980801343917847
1433,0.99992,0.9980901479721069
1434,0.99992,0.9981001615524292
1435,0.99992,0.9981099367141724
1436,0.99992,0.9981197118759155
1437,0.99992,0.9981294870376587
1438,0.99992,0.9981390237808228
1439,0.99992,0.9981486797332764
1440,0.99992,0.9981582164764404
1441,0.99992,0.9981677532196045
1442,0.99993,0.9981772899627686
1443,0.99993,0.9981865882873535
1444,0.99993,0.9981961250305176
1445,0.99993,0.9982054233551025
1446,0.99993,0.998214602470398
1447,0.99993,0.9982239007949829
1448,0.99993,0.9982329607009888
1449,0.99993,0.9982420206069946
1450,0.99994,0.9982513189315796
1451,0.99994,0.9982603788375854
1452,0.99994,0.9982692003250122
1453,0.99995,0.9982781410217285
1454,0.99995,0.9982872009277344
1455,0.99996,0.9982960224151611
1456,0.99996,0.9983048439025879
1457,0.99996,0.9983136653900146
1458,0.99996,0.9983222484588623
1459,0.99996,0.9983310699462891
1460,0.99996,0.9983396530151367
1461,0.99996,0.9983481168746948
1462,0.99996,0.9983566999435425
1463,0.99996,0.9983652830123901
1464,0.99996,0.9983736276626587
1465,0.99996,0.9983822107315063
1466,0.99996,0.9983905553817749
1467,0.99996,0.9983989000320435
1468,0.99996,0.998407244682312
1469,0.99996,0.9984155893325806
1470,0.99996,0.9984235763549805
1471,0.99996,0.9984316825866699
1472,0.99996,0.9984397888183594
1473,0.99996,0.9984478950500488
1474,0.99996,0.9984560012817383
1475,0.99996,0.9984641075134277
1476,0.99996,0.9984719753265381
1477,0.99996,0.9984800815582275
1478,0.99996,0.9984879493713379
1479,0.99996,0.9984956979751587
1480,0.99996,0.9985033273696899
1481,0.99996,0.9985111951828003
1482,0.99996,0.9985188245773315
1483,0.99996,0.9985266923904419
1484,0.99996,0.9985343217849731
1485,0.99996,0.9985419511795044
1486,0.99996,0.9985495805740356
1487,0.99996,0.9985569715499878
1488,0.99996,0.998564600944519
1489,0.99996,0.9985719919204712
1490,0.99996,0.9985792636871338
1491,0.99996,0.9985866546630859
1492,0.99996,0.9985940456390381
1493,0.99996,0.9986014366149902
1494,0.99996,0.9986085891723633
1495,0.99996,0.9986157417297363
1496,0.99996,0.9986231327056885
1497,0.99996,0.9986302852630615
1498,0.99996,0.9986374378204346
1499,0.99997,0.9986443519592285
1500,0.99998,0.9986515045166016
1501,0.99998,0.9986584186553955
1502,0.99998,0.998665452003479
1503,0.99998,0.998672366142273
1504,0.99998,0.9986792802810669
1505,0.99998,0.9986861944198608
1506,0.99998,0.9986928701400757
1507,0.99998,0.9986997842788696
1508,0.99998,0.9987064599990845
1509,0.99998,0.9987131357192993
1510,0.99998,0.9987200498580933
1511,0.99998,0.998726487159729
1512,0.99998,0.9987331628799438
1513,0.99998,0.9987398386001587
1514,0.99998,0.9987465143203735
1515,0.99998,0.9987529516220093
1516,0.99998,0.9987592697143555
1517,0.99998,0.9987657070159912
1518,0.99998,0.998772144317627
1519,0.99998,0.9987785816192627
1520,0.99998,0.9987850189208984
1521,0.99998,0.9987912178039551
1522,0.99998,0.9987976551055908
1523,0.99998,0.9988038539886475
1524,0.99998,0.9988100528717041
1525,0.99998,0.9988162517547607
1526,0.99998,0.9988224506378174
1527,0.99998,0.998828649520874
1528,0.99998,0.9988348484039307
1529,0.99998,0.9988408088684082
1530,0.99998,0.9988467693328857
1531,0.99998,0.9988529682159424
1532,0.99998,0.9988588094711304
1533,0.99998,0.9988647699356079
1534,0.99998,0.9988707304000854
1535,0.99998,0.9988764524459839
1536,0.99998,0.9988824129104614
1537,0.99998,0.9988881349563599
1538,0.99998,0.9988940954208374
1539,0.99998,0.9988998174667358
1540,0.99998,0.9989055395126343
1541,0.99998,0.9989112615585327
1542,0.99998,0.9989169836044312
1543,0.99998,0.9989227056503296
1544,0.99998,0.9989281892776489
1545,0.99998,0.9989339113235474
1546,0.99998,0.9989393949508667
1547,0.99998,0.998944878578186
1548,0.99998,0.9989503622055054
1549,0.99998,0.9989558458328247
1550,0.99999,0.998961329460144
1551,0.99999,0.9989666938781738
1552,0.99999,0.9989721775054932
1553,0.99999,0.9989774227142334
1554,0.99999,0.9989829063415527
1555,0.99999,0.998988151550293
1556,0.99999,0.9989933967590332
1557,0.99999,0.9989986419677734
1558,0.99999,0.9990038871765137
1559,0.99999,0.9990091323852539
1560,0.99999,0.9990143775939941
1561,0.99999,0.9990193843841553
1562,0.99999,0.9990246295928955
1563,0.99999,0.9990296363830566
1564,0.99999,0.9990348815917969
1565,0.99999,0.999039888381958
1566,0.99999,0.9990448951721191
1567,0.99999,0.9990499019622803
1568,0.99999,0.9990549087524414
1569,0.99999,0.9990599155426025
1570,0.99999,0.9990646839141846
1571,0.99999,0.9990696907043457
1572,0.99999,0.9990744590759277
1573,0.99999,0.9990792274475098
1574,0.99999,0.9990842342376709
1575,0.99999,0.9990888833999634
1576,1.0,0.9990936517715454
1577,1.0,0.9990984201431274
1578,1.0,0.9991031885147095
1579,1.0,0.9991077184677124
1580,1.0,0.9991124868392944
1581,1.0,0.9991170167922974
1582,1.0,0.9991217851638794
1583,1.0,0.9991263151168823
1584,1.0,0.9991308450698853
1585,1.0,0.9991353750228882
1586,1.0,0.9991399049758911
1587,1.0,0.999144434928894
1588,1.0,0.999148964881897
1589,1.0,0.9991534948348999
1590,1.0,0.9991580247879028
1591,1.0,0.9991623163223267
1592,1.0,0.9991666078567505
1593,1.0,0.9991711378097534
1594,1.0,0.9991754293441772
1595,1.0,0.9991797208786011
1596,1.0,0.9991840124130249
1597,1.0,0.9991883039474487
1598,1.0,0.9991925954818726
1599,1.0,0.9991968870162964
1600,1.0,0.9992011785507202
1601,1.0,0.9992052316665649
1602,1.0,0.9992095232009888
1603,1.0,0.9992135763168335
1604,1.0,0.9992176294326782
1605,1.0,0.999221920967102
1606,1.0,0.9992259740829468
1607,1.0,0.999229907989502
1608,1.0,0.9992339611053467
1609,1.0,0.9992380142211914
1610,1.0,0.999241828918457
1611,1.0,0.9992458820343018
1612,1.0,0.9992499351501465
1613,1.0,0.9992537498474121
1614,1.0,0.9992578029632568
1615,1.0,0.9992616176605225
1616,1.0,0.9992654323577881
1617,1.0,0.9992694854736328
1618,1.0,0.9992733001708984
1619,1.0,0.9992771148681641
1620,1.0,0.9992809295654297
1621,1.0,0.9992847442626953
1622,1.0,0.9992883205413818
1623,1.0,0.9992921352386475
1624,1.0,0.9992959499359131
1625,1.0,0.9992995262145996
1626,1.0,0.9993033409118652
1627,1.0,0.9993069171905518
1628,1.0,0.9993104934692383
1629,1.0,0.9993143081665039
1630,1.0,0.9993178844451904
1631,1.0,0.999321460723877
1632,1.0,0.9993250370025635
1633,1.0,0.99932861328125
1634,1.0,0.9993321895599365
1635,1.0,0.999335527420044
1636,1.0,0.9993391036987305
1637,1.0,0.999342679977417
1638,1.0,0.9993460178375244
1639,1.0,0.9993495941162109
1640,1.0,0.9993529319763184
1641,1.0,0.9993562698364258
1642,1.0,0.9993596076965332
1643,1.0,0.9993631839752197
1644,1.0,0.9993665218353271
1645,1.0,0.9993698596954346
1646,1.0,0.999373197555542
1647,1.0,0.9993762969970703
1648,1.0,0.9993796348571777
1649,1.0,0.9993829727172852
1650,1.0,0.9993863105773926
1651,1.0,0.9993894100189209
1652,1.0,0.9993927478790283
1653,1.0,0.9993958473205566
1654,1.0,0.9993991851806641
1655,1.0,0.9994021654129028
1656,1.0,0.9994052648544312
1657,1.0,0.9994083642959595
1658,1.0,0.9994114637374878
1659,1.0,0.9994145631790161
1660,1.0,0.9994176626205444
1661,1.0,0.9994207620620728
1662,1.0,0.9994238615036011
1663,1.0,0.9994269609451294
1664,1.0,0.9994298219680786
1665,1.0,0.9994329214096069
1666,1.0,0.9994360208511353
1667,1.0,0.9994388818740845
1668,1.0,0.9994419813156128
1669,1.0,0.999444842338562
1670,1.0,0.9994477033615112
1671,1.0,0.9994505643844604
1672,1.0,0.9994536638259888
1673,1.0,0.999456524848938
1674,1.0,0.9994593858718872
1675,1.0,0.9994622468948364
1676,1.0,0.9994651079177856
1677,1.0,0.9994679689407349
1678,1.0,0.999470591545105
1679,1.0,0.9994734525680542
1680,1.0,0.9994763135910034
1681,1.0,0.9994789361953735
1682,1.0,0.9994817972183228
1683,1.0,0.9994844198226929
1684,1.0,0.9994872808456421
1685,1.0,0.9994899034500122
1686,1.0,0.9994927644729614
1687,1.0,0.9994953870773315
1688,1.0,0.9994980096817017
1689,1.0,0.9995006322860718
1690,1.0,0.9995032548904419
1691,1.0,0.999505877494812
1692,1.0,0.9995085000991821
1693,1.0,0.9995111227035522
1694,1.0,0.9995137453079224
1695,1.0,0.9995163679122925
1696,1.0,0.9995189905166626
1697,1.0,0.9995213747024536
1698,1.0,0.9995239973068237
1699,1.0,0.9995263814926147
1700,1.0,0.9995290040969849
1701,1.0,0.9995313882827759
1702,1.0,0.999534010887146
1703,1.0,0.999536395072937
1704,1.0,0.9995390176773071
1705,1.0,0.9995414018630981
1706,1.0,0.9995437860488892
1707,1.0,0.9995461702346802
1708,1.0,0.9995485544204712
1709,1.0,0.9995509386062622
1710,1.0,0.9995533227920532
1711,1.0,0.9995557069778442
1712,1.0,0.9995580911636353
1713,1.0,0.9995604753494263
1714,1.0,0.9995628595352173
1715,1.0,0.9995650053024292
1716,1.0,0.9995673894882202
1717,1.0,0.9995697736740112
1718,1.0,0.9995719194412231
1719,1.0,0.9995743036270142
1720,1.0,0.9995764493942261
1721,1.0,0.9995788335800171
1722,1.0,0.999580979347229
1723,1.0,0.9995831251144409
1724,1.0,0.9995855093002319
1725,1.0,0.9995876550674438
1726,1.0,0.9995898008346558
1727,1.0,0.9995919466018677
1728,1.0,0.9995940923690796
1729,1.0,0.9995962381362915
1730,1.0,0.9995983839035034
1731,1.0,0.9996005296707153
1732,1.0,0.9996026754379272
1733,1.0,0.9996048212051392
1734,1.0,0.9996069669723511
1735,1.0,0.999609112739563
1736,1.0,0.9996110200881958
1737,1.0,0.9996131658554077
1738,1.0,0.9996153116226196
1739,1.0,0.9996172189712524
1740,1.0,0.9996193647384644
1741,1.0,0.9996212720870972
1742,1.0,0.9996234178543091
1743,1.0,0.9996253252029419
1744,1.0,0.9996272325515747
1745,1.0,0.9996293783187866
1746,1.0,0.9996312856674194
1747,1.0,0.9996331930160522
1748,1.0,0.9996351003646851
1749,1.0,0.999637246131897
1750,1.0,0.9996391534805298
1751,1.0,0.9996410608291626
1752,1.0,0.9996429681777954
1753,1.0,0.9996448755264282
1754,1.0,0.999646782875061
1755,1.0,0.9996486902236938
1756,1.0,0.9996503591537476
1757,1.0,0.9996522665023804
1758,1.0,0.9996541738510132
1759,1.0,0.9996559619903564
1760,1.0,0.9996576309204102
1761,1.0,0.999659538269043
1762,1.0,0.9996614456176758
1763,1.0,0.9996631145477295
1764,1.0,0.9996650218963623
1765,1.0,0.999666690826416
1766,1.0,0.9996685981750488
1767,1.0,0.9996702671051025
1768,1.0,0.9996721744537354
1769,1.0,0.9996738433837891
1770,1.0,0.9996755123138428
1771,1.0,0.9996771812438965
1772,1.0,0.9996790885925293
1773,1.0,0.999680757522583
1774,1.0,0.9996824264526367
1775,1.0,0.9996840953826904
1776,1.0,0.9996857643127441
1777,1.0,0.9996874332427979
1778,1.0,0.9996891021728516
1779,1.0,0.9996907711029053
1780,1.0,0.999692440032959
1781,1.0,0.9996941089630127
1782,1.0,0.9996957778930664
1783,1.0,0.9996974468231201
1784,1.0,0.9996988773345947
1785,1.0,0.9997005462646484
1786,1.0,0.9997022151947021
1787,1.0,0.9997036457061768
1788,1.0,0.9997053146362305
1789,1.0,0.9997069835662842
1790,1.0,0.9997084140777588
1791,1.0,0.9997100830078125
1792,1.0,0.9997115135192871
1793,1.0,0.9997131824493408
1794,1.0,0.9997146129608154
1795,1.0,0.9997162818908691
1796,1.0,0.9997177124023438
1797,1.0,0.9997191429138184
1798,1.0,0.9997208118438721
1799,1.0,0.9997222423553467
1800,1.0,0.9997236728668213
1801,1.0,0.9997251033782959
1802,1.0,0.9997265338897705
1803,1.0,0.9997279644012451
1804,1.0,0.9997296333312988
1805,1.0,0.9997310638427734
1806,1.0,0.999732494354248
1807,1.0,0.9997339248657227
1808,1.0,0.9997353553771973
1809,1.0,0.9997367858886719
1810,1.0,0.9997382164001465
1811,1.0,0.999739408493042
1812,1.0,0.9997408390045166
1813,1.0,0.9997422695159912
1814,1.0,0.9997437000274658
1815,1.0,0.9997451305389404
1816,1.0,0.9997463226318359
1817,1.0,0.9997477531433105
1818,1.0,0.9997491836547852
1819,1.0,0.9997503757476807
1820,1.0,0.9997518062591553
1821,1.0,0.9997529983520508
1822,1.0,0.9997544288635254
1823,1.0,0.999755859375
1824,1.0,0.9997570514678955
1825,1.0,0.9997584819793701
1826,1.0,0.9997596740722656
1827,1.0,0.9997608661651611
1828,1.0,0.9997622966766357
1829,1.0,0.9997634887695312
1830,1.0,0.9997646808624268
1831,1.0,0.9997661113739014
1832,1.0,0.9997673034667969
1833,1.0,0.9997684955596924
1834,1.0,0.9997696876525879
1835,1.0,0.9997711181640625
1836,1.0,0.999772310256958
1837,1.0,0.9997735023498535
1838,1.0,0.999774694442749
1839,1.0,0.9997758865356445
1840,1.0,0.99977707862854
1841,1.0,0.9997782707214355
1842,1.0,0.999779462814331
1843,1.0,0.9997806549072266
1844,1.0,0.9997818470001221
1845,1.0,0.9997830390930176
1846,1.0,0.9997842311859131
1847,1.0,0.9997854232788086
1848,1.0,0.999786376953125
1849,1.0,0.9997875690460205
1850,1.0,0.999788761138916
1851,1.0,0.9997899532318115
1852,1.0,0.999791145324707
1853,1.0,0.9997920989990234
1854,1.0,0.999793291091919
1855,1.0,0.9997944831848145
1856,1.0,0.9997954368591309
1857,1.0,0.9997966289520264
1858,1.0,0.9997975826263428
1859,1.0,0.9997987747192383
1860,1.0,0.9997997283935547
1861,1.0,0.9998009204864502
1862,1.0,0.9998018741607666
1863,1.0,0.9998030662536621
1864,1.0,0.9998040199279785
1865,1.0,0.999805212020874
1866,1.0,0.9998061656951904
1867,1.0,0.9998073577880859
1868,1.0,0.9998083114624023
1869,1.0,0.9998092651367188
1870,1.0,0.9998104572296143
1871,1.0,0.9998114109039307
1872,1.0,0.9998123645782471
1873,1.0,0.9998133182525635
1874,1.0,0.999814510345459
1875,1.0,0.9998154640197754
1876,1.0,0.9998164176940918
1877,1.0,0.9998173713684082
1878,1.0,0.9998183250427246
1879,1.0,0.999819278717041
1880,1.0,0.9998202323913574
1881,1.0,0.9998211860656738
1882,1.0,0.9998221397399902
1883,1.0,0.9998230934143066
1884,1.0,0.999824047088623
1885,1.0,0.9998250007629395
1886,1.0,0.9998259544372559
1887,1.0,0.9998269081115723
1888,1.0,0.9998278617858887
1889,1.0,0.9998288154602051
1890,1.0,0.9998297691345215
1891,1.0,0.9998307228088379
1892,1.0,0.9998316764831543
1893,1.0,0.9998323917388916
1894,1.0,0.999833345413208
1895,1.0,0.9998342990875244
1896,1.0,0.9998352527618408
1897,1.0,0.9998359680175781
1898,1.0,0.9998369216918945
1899,1.0,0.9998378753662109
1900,1.0,0.9998388290405273
1901,1.0,0.9998395442962646
1902,1.0,0.999840497970581
1903,1.0,0.9998412132263184
1904,1.0,0.9998421669006348
1905,1.0,0.9998431205749512
1906,1.0,0.9998438358306885
1907,1.0,0.9998447895050049
1908,1.0,0.9998455047607422
1909,1.0,0.9998464584350586
1910,1.0,0.9998471736907959
1911,1.0,0.9998481273651123
1912,1.0,0.9998488426208496
1913,1.0,0.999849796295166
1914,1.0,0.9998505115509033
1915,1.0,0.9998512268066406
1916,1.0,0.999852180480957
1917,1.0,0.9998528957366943
1918,1.0,0.9998536109924316
1919,1.0,0.999854564666748
1920,1.0,0.9998552799224854
1921,1.0,0.9998559951782227
1922,1.0,0.9998569488525391
1923,1.0,0.9998576641082764
1924,1.0,0.9998583793640137
1925,1.0,0.999859094619751
1926,1.0,0.9998598098754883
1927,1.0,0.9998607635498047
1928,1.0,0.999861478805542
1929,1.0,0.9998621940612793
1930,1.0,0.9998629093170166
1931,1.0,0.9998636245727539
1932,1.0,0.9998643398284912
1933,1.0,0.9998650550842285
1934,1.0,0.9998657703399658
1935,1.0,0.9998664855957031
1936,1.0,0.9998672008514404
1937,1.0,0.9998679161071777
1938,1.0,0.999868631362915
1939,1.0,0.9998693466186523
1940,1.0,0.9998700618743896
1941,1.0,0.999870777130127
1942,1.0,0.9998714923858643
1943,1.0,0.9998722076416016
1944,1.0,0.9998729228973389
1945,1.0,0.9998736381530762
1946,1.0,0.9998743534088135
1947,1.0,0.9998750686645508
1948,1.0,0.9998757839202881
1949,1.0,0.9998762607574463
1950,1.0,0.9998769760131836
1951,1.0,0.9998776912689209
1952,1.0,0.9998784065246582
1953,1.0,0.9998791217803955
1954,1.0,0.9998795986175537
1955,1.0,0.999880313873291
1956,1.0,0.9998810291290283
1957,1.0,0.9998815059661865
1958,1.0,0.9998822212219238
1959,1.0,0.9998829364776611
1960,1.0,0.9998834133148193
1961,1.0,0.9998841285705566
1962,1.0,0.999884843826294
1963,1.0,0.9998853206634521
1964,1.0,0.9998860359191895
1965,1.0,0.9998867511749268
1966,1.0,0.999887228012085
1967,1.0,0.9998879432678223
1968,1.0,0.9998884201049805
1969,1.0,0.9998891353607178
1970,1.0,0.999889612197876
1971,1.0,0.9998903274536133
1972,1.0,0.9998908042907715
1973,1.0,0.9998915195465088
1974,1.0,0.999891996383667
1975,1.0,0.9998927116394043
1976,1.0,0.9998931884765625
1977,1.0,0.9998939037322998
1978,1.0,0.999894380569458
1979,1.0,0.9998948574066162
1980,1.0,0.9998955726623535
1981,1.0,0.9998960494995117
1982,1.0,0.999896764755249
1983,1.0,0.9998972415924072
1984,1.0,0.9998977184295654
1985,1.0,0.9998984336853027
1986,1.0,0.9998989105224609
1987,1.0,0.9998993873596191
1988,1.0,0.9999001026153564
1989,1.0,0.9999005794525146
1990,1.0,0.9999010562896729
1991,1.0,0.999901533126831
1992,1.0,0.9999022483825684
1993,1.0,0.9999027252197266
1994,1.0,0.9999032020568848
1995,1.0,0.999903678894043
1996,1.0,0.9999041557312012
1997,1.0,0.9999048709869385
1998,1.0,0.9999053478240967
1999,1.0,0.9999058246612549
2000,1.0,0.9999063014984131
2001,1.0,0.9999067783355713
2002,1.0,0.9999072551727295
2003,1.0,0.9999079704284668
2004,1.0,0.999908447265625
2005,1.0,0.9999089241027832
2006,1.0,0.9999094009399414
2007,1.0,0.9999098777770996
2008,1.0,0.9999103546142578
2009,1.0,0.999910831451416
2010,1.0,0.9999113082885742
2011,1.0,0.9999117851257324
2012,1.0,0.9999122619628906
2013,1.0,0.9999127388000488
2014,1.0,0.999913215637207
2015,1.0,0.9999136924743652
2016,1.0,0.9999141693115234
2017,1.0,0.9999146461486816
2018,1.0,0.9999151229858398
2019,1.0,0.999915599822998
2020,1.0,0.9999160766601562
2021,1.0,0.9999165534973145
2022,1.0,0.9999170303344727
2023,1.0,0.9999175071716309
2024,1.0,0.99991774559021
2025,1.0,0.9999182224273682
2026,1.0,0.9999186992645264
2027,1.0,0.9999191761016846
2028,1.0,0.9999196529388428
2029,1.0,0.999920129776001
2030,1.0,0.9999206066131592
2031,1.0,0.9999208450317383
2032,1.0,0.9999213218688965
2033,1.0,0.9999217987060547
2034,1.0,0.9999222755432129
2035,1.0,0.9999227523803711
2036,1.0,0.9999229907989502
2037,1.0,0.9999234676361084
2038,1.0,0.9999239444732666
2039,1.0,0.9999244213104248
2040,1.0,0.9999246597290039
2041,1.0,0.9999251365661621
2042,1.0,0.9999256134033203
2043,1.0,0.9999258518218994
2044,1.0,0.9999263286590576
2045,1.0,0.9999268054962158
2046,1.0,0.999927282333374
2047,1.0,0.9999275207519531
2048,1.0,0.9999279975891113
2049,1.0,0.9999284744262695
2050,1.0,0.9999287128448486
2051,1.0,0.9999291896820068
2052,1.0,0.9999294281005859
2053,1.0,0.9999299049377441
2054,1.0,0.9999303817749023
2055,1.0,0.9999306201934814
2056,1.0,0.9999310970306396
2057,1.0,0.9999313354492188
2058,1.0,0.999931812286377
2059,1.0,0.9999322891235352
2060,1.0,0.9999325275421143
2061,1.0,0.9999330043792725
2062,1.0,0.9999332427978516
2063,1.0,0.9999337196350098
2064,1.0,0.9999339580535889
2065,1.0,0.9999344348907471
2066,1.0,0.9999346733093262
2067,1.0,0.9999351501464844
2068,1.0,0.9999353885650635
2069,1.0,0.9999358654022217
2070,1.0,0.9999361038208008
2071,1.0,0.999936580657959
2072,1.0,0.9999368190765381
2073,1.0,0.9999372959136963
2074,1.0,0.9999375343322754
2075,1.0,0.9999380111694336
2076,1.0,0.9999382495880127
2077,1.0,0.9999384880065918
2078,1.0,0.99993896484375
2079,1.0,0.9999392032623291
2080,1.0,0.9999396800994873
2081,1.0,0.9999399185180664
2082,1.0,0.9999401569366455
2083,1.0,0.9999406337738037
2084,1.0,0.9999408721923828
2085,1.0,0.9999411106109619
2086,1.0,0.9999415874481201
2087,1.0,0.9999418258666992
2088,1.0,0.9999420642852783
2089,1.0,0.9999425411224365
2090,1.0,0.9999427795410156
2091,1.0,0.9999430179595947
2092,1.0,0.9999434947967529
2093,1.0,0.999943733215332
2094,1.0,0.9999439716339111
2095,1.0,0.9999444484710693
2096,1.0,0.9999446868896484
2097,1.0,0.9999449253082275
2098,1.0,0.9999451637268066
2099,1.0,0.9999456405639648
2100,1.0,0.999945878982544
2101,1.0,0.999946117401123
2102,1.0,0.9999463558197021
2103,1.0,0.9999468326568604
2104,1.0,0.9999470710754395
2105,1.0,0.9999473094940186
2106,1.0,0.9999475479125977
2107,1.0,0.9999480247497559
2108,1.0,0.999948263168335
2109,1.0,0.9999485015869141
2110,1.0,0.9999487400054932
2111,1.0,0.9999489784240723
2112,1.0,0.9999494552612305
2113,1.0,0.9999496936798096
2114,1.0,0.9999499320983887
2115,1.0,0.9999501705169678
2116,1.0,0.9999504089355469
2117,1.0,0.999950647354126
2118,1.0,0.9999508857727051
2119,1.0,0.9999513626098633
2120,1.0,0.9999516010284424
2121,1.0,0.9999518394470215
2122,1.0,0.9999520778656006
2123,1.0,0.9999523162841797
2124,1.0,0.9999525547027588
2125,1.0,0.9999527931213379
2126,1.0,0.999953031539917
2127,1.0,0.9999532699584961
2128,1.0,0.9999535083770752
2129,1.0,0.9999539852142334
2130,1.0,0.9999542236328125
2131,1.0,0.9999544620513916
2132,1.0,0.9999547004699707
2133,1.0,0.9999549388885498
2134,1.0,0.9999551773071289
2135,1.0,0.999955415725708
2136,1.0,0.9999556541442871
2137,1.0,0.9999558925628662
2138,1.0,0.9999561309814453
2139,1.0,0.9999563694000244
2140,1.0,0.9999566078186035
2141,1.0,0.9999568462371826
2142,1.0,0.9999570846557617
2143,1.0,0.9999573230743408
2144,1.0,0.9999575614929199
2145,1.0,0.999957799911499
2146,1.0,0.9999580383300781
2147,1.0,0.9999582767486572
2148,1.0,0.9999585151672363
2149,1.0,0.9999587535858154
2150,1.0,0.9999589920043945
2151,1.0,0.9999592304229736
2152,1.0,0.9999594688415527
2153,1.0,0.9999597072601318
2154,1.0,0.9999599456787109
2155,1.0,0.9999599456787109
2156,1.0,0.99996018409729
2157,1.0,0.9999604225158691
2158,1.0,0.9999606609344482
2159,1.0,0.9999608993530273
2160,1.0,0.9999611377716064
2161,1.0,0.9999613761901855
2162,1.0,0.9999616146087646
2163,1.0,0.9999618530273438
2164,1.0,0.9999620914459229
2165,1.0,0.9999620914459229
2166,1.0,0.999962329864502
2167,1.0,0.999962568283081
2168,1.0,0.9999628067016602
2169,1.0,0.9999630451202393
2170,1.0,0.9999632835388184
2171,1.0,0.9999635219573975
2172,1.0,0.9999637603759766
2173,1.0,0.9999637603759766
2174,1.0,0.9999639987945557
2175,1.0,0.9999642372131348
2176,1.0,0.9999644756317139
2177,1.0,0.999964714050293
2178,1.0,0.9999649524688721
2179,1.0,0.9999649524688721
2180,1.0,0.9999651908874512
2181,1.0,0.9999654293060303
2182,1.0,0.9999656677246094
2183,1.0,0.9999659061431885
2184,1.0,0.9999659061431885
2185,1.0,0.9999661445617676
2186,1.0,0.9999663829803467
2187,1.0,0.9999666213989258
2188,1.0,0.9999666213989258
2189,1.0,0.9999668598175049
2190,1.0,0.999967098236084
2191,1.0,0.9999673366546631
2192,1.0,0.9999675750732422
2193,1.0,0.9999675750732422
2194,1.0,0.9999678134918213
2195,1.0,0.9999680519104004
2196,1.0,0.9999682903289795
2197,1.0,0.9999682903289795
2198,1.0,0.9999685287475586
2199,1.0,0.9999687671661377
2200,1.0,0.9999687671661377
2201,1.0,0.9999690055847168
2202,1.0,0.9999692440032959
2203,1.0,0.999969482421875
2204,1.0,0.999969482421875
2205,1.0,0.9999697208404541
2206,1.0,0.9999699592590332
2207,1.0,0.9999699592590332
2208,1.0,0.9999701976776123
2209,1.0,0.9999704360961914
2210,1.0,0.9999706745147705
2211,1.0,0.9999706745147705
2212,1.0,0.9999709129333496
2213,1.0,0.9999711513519287
2214,1.0,0.9999711513519287
2215,1.0,0.9999713897705078
2216,1.0,0.9999716281890869
2217,1.0,0.9999716281890869
2218,1.0,0.999971866607666
2219,1.0,0.9999721050262451
2220,1.0,0.9999721050262451
2221,1.0,0.9999723434448242
2222,1.0,0.9999725818634033
2223,1.0,0.9999725818634033
2224,1.0,0.9999728202819824
2225,1.0,0.9999728202819824
2226,1.0,0.9999730587005615
2227,1.0,0.9999732971191406
2228,1.0,0.9999732971191406
2229,1.0,0.9999735355377197
2230,1.0,0.9999737739562988
2231,1.0,0.9999737739562988
2232,1.0,0.9999740123748779
2233,1.0,0.9999740123748779
2234,1.0,0.999974250793457
2235,1.0,0.9999744892120361
2236,1.0,0.9999744892120361
2237,1.0,0.9999747276306152
2238,1.0,0.9999747276306152
2239,1.0,0.9999749660491943
2240,1.0,0.9999752044677734
2241,1.0,0.9999752044677734
2242,1.0,0.9999754428863525
2243,1.0,0.9999754428863525
2244,1.0,0.9999756813049316
2245,1.0,0.9999756813049316
2246,1.0,0.9999759197235107
2247,1.0,0.9999761581420898
2248,1.0,0.9999761581420898
2249,1.0,0.999976396560669
2250,1.0,0.999976396560669
2251,1.0,0.999976634979248
2252,1.0,0.999976634979248
2253,1.0,0.9999768733978271
2254,1.0,0.9999768733978271
2255,1.0,0.9999771118164062
2256,1.0,0.9999771118164062
2257,1.0,0.9999773502349854
2258,1.0,0.9999775886535645
2259,1.0,0.9999775886535645
2260,1.0,0.9999778270721436
2261,1.0,0.9999778270721436
2262,1.0,0.9999780654907227
2263,1.0,0.9999780654907227
2264,1.0,0.9999783039093018
2265,1.0,0.9999783039093018
2266,1.0,0.9999785423278809
2267,1.0,0.9999785423278809
2268,1.0,0.99997878074646
2269,1.0,0.99997878074646
2270,1.0,0.9999790191650391
2271,1.0,0.9999790191650391
2272,1.0,0.9999792575836182
2273,1.0,0.9999792575836182
2274,1.0,0.9999794960021973
2275,1.0,0.9999794960021973
2276,1.0,0.9999797344207764
2277,1.0,0.9999797344207764
2278,1.0,0.9999799728393555
2279,1.0,0.9999799728393555
2280,1.0,0.9999799728393555
2281,1.0,0.9999802112579346
2282,1.0,0.9999802112579346
2283,1.0,0.9999804496765137
2284,1.0,0.9999804496765137
2285,1.0,0.9999806880950928
2286,1.0,0.9999806880950928
2287,1.0,0.9999809265136719
2288,1.0,0.9999809265136719
2289,1.0,0.999981164932251
2290,1.0,0.999981164932251
2291,1.0,0.999981164932251
2292,1.0,0.9999814033508301
2293,1.0,0.9999814033508301
2294,1.0,0.9999816417694092
2295,1.0,0.9999816417694092
2296,1.0,0.9999818801879883
2297,1.0,0.9999818801879883
2298,1.0,0.9999821186065674
2299,1.0,0.9999821186065674
2300,1.0,0.9999821186065674
2301,1.0,0.9999823570251465
2302,1.0,0.9999823570251465
2303,1.0,0.9999825954437256
2304,1.0,0.9999825954437256
2305,1.0,0.9999825954437256
2306,1.0,0.9999828338623047
2307,1.0,0.9999828338623047
2308,1.0,0.9999830722808838
2309,1.0,0.9999830722808838
2310,1.0,0.9999830722808838
2311,1.0,0.9999833106994629
2312,1.0,0.9999833106994629
2313,1.0,0.999983549118042
2314,1.0,0.999983549118042
2315,1.0,0.999983549118042
2316,1.0,0.9999837875366211
2317,1.0,0.9999837875366211
2318,1.0,0.9999840259552002
2319,1.0,0.9999840259552002
2320,1.0,0.9999840259552002
2321,1.0,0.9999842643737793
2322,1.0,0.9999842643737793
2323,1.0,0.9999842643737793
2324,1.0,0.9999845027923584
2325,1.0,0.9999845027923584
2326,1.0,0.9999845027923584
2327,1.0,0.9999847412109375
2328,1.0,0.9999847412109375
2329,1.0,0.9999849796295166
2330,1.0,0.9999849796295166
2331,1.0,0.9999849796295166
2332,1.0,0.9999852180480957
2333,1.0,0.9999852180480957
2334,1.0,0.9999852180480957
2335,1.0,0.9999854564666748
2336,1.0,0.9999854564666748
2337,1.0,0.9999854564666748
2338,1.0,0.9999856948852539
2339,1.0,0.9999856948852539
2340,1.0,0.9999856948852539
2341,1.0,0.999985933303833
2342,1.0,0.999985933303833
2343,1.0,0.999985933303833
2344,1.0,0.9999861717224121
2345,1.0,0.9999861717224121
2346,1.0,0.9999861717224121
2347,1.0,0.9999864101409912
2348,1.0,0.9999864101409912
2349,1.0,0.9999864101409912
2350,1.0,0.9999866485595703
2351,1.0,0.9999866485595703
2352,1.0,0.9999866485595703
2353,1.0,0.9999868869781494
2354,1.0,0.9999868869781494
2355,1.0,0.9999868869781494
2356,1.0,0.9999871253967285
2357,1.0,0.9999871253967285
2358,1.0,0.9999871253967285
2359,1.0,0.9999871253967285
2360,1.0,0.9999873638153076
2361,1.0,0.9999873638153076
2362,1.0,0.9999873638153076
2363,1.0,0.9999876022338867
2364,1.0,0.9999876022338867
2365,1.0,0.9999876022338867
2366,1.0,0.9999878406524658
2367,1.0,0.9999878406524658
2368,1.0,0.9999878406524658
2369,1.0,0.9999878406524658
2370,1.0,0.9999880790710449
2371,1.0,0.9999880790710449
2372,1.0,0.9999880790710449
2373,1.0,0.999988317489624
2374,1.0,0.999988317489624
2375,1.0,0.999988317489624
2376,1.0,0.999988317489624
2377,1.0,0.9999885559082031
2378,1.0,0.9999885559082031
2379,1.0,0.9999885559082031
2380,1.0,0.9999885559082031
2381,1.0,0.9999887943267822
2382,1.0,0.9999887943267822
2383,1.0,0.9999887943267822
2384,1.0,0.9999887943267822
2385,1.0,0.9999890327453613
2386,1.0,0.9999890327453613
2387,1.0,0.9999890327453613
2388,1.0,0.9999892711639404
2389,1.0,0.9999892711639404
2390,1.0,0.9999892711639404
2391,1.0,0.9999892711639404
2392,1.0,0.9999895095825195
2393,1.0,0.9999895095825195
2394,1.0,0.9999895095825195
2395,1.0,0.9999895095825195
2396,1.0,0.9999897480010986
2397,1.0,0.9999897480010986
2398,1.0,0.9999897480010986
2399,1.0,0.9999897480010986
2400,1.0,0.9999899864196777
2401,1.0,0.9999899864196777
2402,1.0,0.9999899864196777
2403,1.0,0.9999899864196777
2404,1.0,0.9999899864196777
2405,1.0,0.9999902248382568
2406,1.0,0.9999902248382568
2407,1.0,0.9999902248382568
2408,1.0,0.9999902248382568
2409,1.0,0.9999904632568359
2410,1.0,0.9999904632568359
2411,1.0,0.9999904632568359
2412,1.0,0.9999904632568359
2413,1.0,0.999990701675415
2414,1.0,0.999990701675415
2415,1.0,0.999990701675415
2416,1.0,0.999990701675415
2417,1.0,0.999990701675415
2418,1.0,0.9999909400939941
2419,1.0,0.9999909400939941
2420,1.0,0.9999909400939941
2421,1.0,0.9999909400939941
2422,1.0,0.9999909400939941
2423,1.0,0.9999911785125732
2424,1.0,0.9999911785125732
2425,1.0,0.9999911785125732
2426,1.0,0.9999911785125732
2427,1.0,0.9999914169311523
2428,1.0,0.9999914169311523
2429,1.0,0.9999914169311523
2430,1.0,0.9999914169311523
2431,1.0,0.9999914169311523
2432,1.0,0.9999916553497314
2433,1.0,0.9999916553497314
2434,1.0,0.9999916553497314
2435,1.0,0.9999916553497314
2436,1.0,0.9999916553497314
2437,1.0,0.9999918937683105
2438,1.0,0.9999918937683105
2439,1.0,0.9999918937683105
2440,1.0,0.9999918937683105
2441,1.0,0.9999918937683105
2442,1.0,0.9999921321868896
2443,1.0,0.9999921321868896
2444,1.0,0.9999921321868896
2445,1.0,0.9999921321868896
2446,1.0,0.9999921321868896
2447,1.0,0.9999921321868896
2448,1.0,0.9999923706054688
2449,1.0,0.9999923706054688
2450,1.0,0.9999923706054688
2451,1.0,0.9999923706054688
2452,1.0,0.9999923706054688
2453,1.0,0.9999926090240479
2454,1.0,0.9999926090240479
2455,1.0,0.9999926090240479
2456,1.0,0.9999926090240479
2457,1.0,0.9999926090240479
2458,1.0,0.9999926090240479
2459,1.0,0.999992847442627
2460,1.0,0.999992847442627
2461,1.0,0.999992847442627
2462,1.0,0.999992847442627
2463,1.0,0.999992847442627
2464,1.0,0.999992847442627
2465,1.0,0.999993085861206
2466,1.0,0.999993085861206
2467,1.0,0.999993085861206
2468,1.0,0.999993085861206
2469,1.0,0.999993085861206
2470,1.0,0.999993085861206
2471,1.0,0.9999933242797852
2472,1.0,0.9999933242797852
2473,1.0,0.9999933242797852
2474,1.0,0.9999933242797852
2475,1.0,0.9999933242797852
2476,1.0,0.9999933242797852
2477,1.0,0.9999935626983643
2478,1.0,0.9999935626983643
2479,1.0,0.9999935626983643
2480,1.0,0.9999935626983643
2481,1.0,0.9999935626983643
2482,1.0,0.9999935626983643
2483,1.0,0.9999935626983643
2484,1.0,0.9999938011169434
2485,1.0,0.9999938011169434
2486,1.0,0.9999938011169434
2487,1.0,0.9999938011169434
2488,1.0,0.9999938011169434
2489,1.0,0.9999938011169434
2490,1.0,0.9999940395355225
2491,1.0,0.9999940395355225
2492,1.0,0.9999940395355225
2493,1.0,0.9999940395355225
2494,1.0,0.9999940395355225
2495,1.0,0.9999940395355225
2496,1.0,0.9999940395355225
2497,1.0,0.9999942779541016
2498,1.0,0.9999942779541016
2499,1.0,0.9999942779541016
2500,1.0,0.9999942779541016
2501,1.0,0.9999942779541016
2502,1.0,0.9999942779541016
2503,1.0,0.9999942779541016
2504,1.0,0.9999942779541016
2505,1.0,0.9999945163726807
2506,1.0,0.9999945163726807
2507,1.0,0.9999945163726807
2508,1.0,0.9999945163726807
2509,1.0,0.9999945163726807
2510,1.0,0.9999945163726807
2511,1.0,0.9999945163726807
2512,1.0,0.9999947547912598
2513,1.0,0.9999947547912598
2514,1.0,0.9999947547912598
2515,1.0,0.9999947547912598
2516,1.0,0.9999947547912598
2517,1.0,0.9999947547912598
2518,1.0,0.9999947547912598
2519,1.0,0.9999947547912598
2520,1.0,0.9999949932098389
2521,1.0,0.9999949932098389
2522,1.0,0.9999949932098389
2523,1.0,0.9999949932098389
2524,1.0,0.9999949932098389
2525,1.0,0.9999949932098389
2526,1.0,0.9999949932098389
2527,1.0,0.9999949932098389
2528,1.0,0.999995231628418
2529,1.0,0.999995231628418
2530,1.0,0.999995231628418
2531,1.0,0.999995231628418
2532,1.0,0.999995231628418
2533,1.0,0.999995231628418
2534,1.0,0.999995231628418
2535,1.0,0.999995231628418
2536,1.0,0.999995231628418
2537,1.0,0.9999954700469971
2538,1.0,0.9999954700469971
2539,1.0,0.9999954700469971
2540,1.0,0.9999954700469971
2541,1.0,0.9999954700469971
2542,1.0,0.9999954700469971
2543,1.0,0.9999954700469971
2544,1.0,0.9999954700469971
2545,1.0,0.9999954700469971
2546,1.0,0.9999957084655762
2547,1.0,0.9999957084655762
2548,1.0,0.9999957084655762
2549,1.0,0.9999957084655762
2550,1.0,0.9999957084655762
2551,1.0,0.9999957084655762
2552,1.0,0.9999957084655762
2553,1.0,0.9999957084655762
2554,1.0,0.9999957084655762
2555,1.0,0.9999957084655762
2556,1.0,0.9999959468841553
2557,1.0,0.9999959468841553
2558,1.0,0.9999959468841553
2559,1.0,0.9999959468841553
2560,1.0,0.9999959468841553
2561,1.0,0.9999959468841553
2562,1.0,0.9999959468841553
2563,1.0,0.9999959468841553
2564,1.0,0.9999959468841553
2565,1.0,0.9999959468841553
2566,1.0,0.9999961853027344
2567,1.0,0.9999961853027344
2568,1.0,0.9999961853027344
2569,1.0,0.9999961853027344
2570,1.0,0.9999961853027344
2571,1.0,0.9999961853027344
2572,1.0,0.9999961853027344
2573,1.0,0.9999961853027344
2574,1.0,0.9999961853027344
2575,1.0,0.9999961853027344
2576,1.0,0.9999961853027344
2577,1.0,0.9999964237213135
2578,1.0,0.9999964237213135
2579,1.0,0.9999964237213135
2580,1.0,0.9999964237213135
2581,1.0,0.9999964237213135
2582,1.0,0.9999964237213135
2583,1.0,0.9999964237213135
2584,1.0,0.9999964237213135
2585,1.0,0.9999964237213135
2586,1.0,0.9999964237213135
2587,1.0,0.9999964237213135
2588,1.0,0.9999964237213135
2589,1.0,0.9999966621398926
2590,1.0,0.9999966621398926
2591,1.0,0.9999966621398926
2592,1.0,0.9999966621398926
2593,1.0,0.9999966621398926
2594,1.0,0.9999966621398926
2595,1.0,0.9999966621398926
2596,1.0,0.9999966621398926
2597,1.0,0.9999966621398926
2598,1.0,0.9999966621398926
2599,1.0,0.9999966621398926
2600,1.0,0.9999966621398926
2601,1.0,0.9999969005584717
2602,1.0,0.9999969005584717
2603,1.0,0.9999969005584717
2604,1.0,0.9999969005584717
2605,1.0,0.9999969005584717
2606,1.0,0.9999969005584717
2607,1.0,0.9999969005584717
2608,1.0,0.9999969005584717
2609,1.0,0.9999969005584717
2610,1.0,0.9999969005584717
2611,1.0,0.9999969005584717
2612,1.0,0.9999969005584717
2613,1.0,0.9999969005584717
2614,1.0,0.9999971389770508
2615,1.0,0.9999971389770508
2616,1.0,0.9999971389770508
2617,1.0,0.9999971389770508
2618,1.0,0.9999971389770508
2619,1.0,0.9999971389770508
2620,1.0,0.9999971389770508
2621,1.0,0.9999971389770508
2622,1.0,0.9999971389770508
2623,1.0,0.9999971389770508
2624,1.0,0.9999971389770508
2625,1.0,0.9999971389770508
2626,1.0,0.9999971389770508
2627,1.0,0.9999971389770508
2628,1.0,0.9999971389770508
2629,1.0,0.9999973773956299
2630,1.0,0.9999973773956299
2631,1.0,0.9999973773956299
2632,1.0,0.9999973773956299
2633,1.0,0.9999973773956299
2634,1.0,0.9999973773956299
2635,1.0,0.9999973773956299
2636,1.0,0.9999973773956299
2637,1.0,0.9999973773956299
2638,1.0,0.9999973773956299
2639,1.0,0.9999973773956299
2640,1.0,0.9999973773956299
2641,1.0,0.9999973773956299
2642,1.0,0.9999973773956299
2643,1.0,0.9999973773956299
2644,1.0,0.9999973773956299
2645,1.0,0.999997615814209
2646,1.0,0.999997615814209
2647,1.0,0.999997615814209
2648,1.0,0.999997615814209
2649,1.0,0.999997615814209
2650,1.0,0.999997615814209
2651,1.0,0.999997615814209
2652,1.0,0.999997615814209
2653,1.0,0.999997615814209
2654,1.0,0.999997615814209
2655,1.0,0.999997615814209
2656,1.0,0.999997615814209
2657,1.0,0.999997615814209
2658,1.0,0.999997615814209
2659,1.0,0.999997615814209
2660,1.0,0.999997615814209
2661,1.0,0.999997615814209
2662,1.0,0.9999978542327881
2663,1.0,0.9999978542327881
2664,1.0,0.9999978542327881
2665,1.0,0.9999978542327881
2666,1.0,0.9999978542327881
2667,1.0,0.9999978542327881
2668,1.0,0.9999978542327881
2669,1.0,0.9999978542327881
2670,1.0,0.9999978542327881
2671,1.0,0.9999978542327881
2672,1.0,0.9999978542327881
2673,1.0,0.9999978542327881
2674,1.0,0.9999978542327881
2675,1.0,0.9999978542327881
2676,1.0,0.9999978542327881
2677,1.0,0.9999978542327881
2678,1.0,0.9999978542327881
2679,1.0,0.9999978542327881
2680,1.0,0.9999978542327881
2681,1.0,0.9999980926513672
2682,1.0,0.9999980926513672
2683,1.0,0.9999980926513672
2684,1.0,0.9999980926513672
2685,1.0,0.9999980926513672
2686,1.0,0.9999980926513672
2687,1.0,0.9999980926513672
2688,1.0,0.9999980926513672
2689,1.0,0.9999980926513672
2690,1.0,0.9999980926513672
2691,1.0,0.9999980926513672
2692,1.0,0.9999980926513672
2693,1.0,0.9999980926513672
2694,1.0,0.9999980926513672
2695,1.0,0.9999980926513672
2696,1.0,0.9999980926513672
2697,1.0,0.9999980926513672
2698,1.0,0.9999980926513672
2699,1.0,0.9999980926513672
2700,1.0,0.9999980926513672
2701,1.0,0.9999980926513672
2702,1.0,0.9999980926513672
2703,1.0,0.9999983310699463
2704,1.0,0.9999983310699463
2705,1.0,0.9999983310699463
2706,1.0,0.9999983310699463
2707,1.0,0.9999983310699463
2708,1.0,0.9999983310699463
2709,1.0,0.9999983310699463
2710,1.0,0.9999983310699463
2711,1.0,0.9999983310699463
2712,1.0,0.9999983310699463
2713,1.0,0.9999983310699463
2714,1.0,0.9999983310699463
2715,1.0,0.9999983310699463
2716,1.0,0.9999983310699463
2717,1.0,0.9999983310699463
2718,1.0,0.9999983310699463
2719,1.0,0.9999983310699463
2720,1.0,0.9999983310699463
2721,1.0,0.9999983310699463
2722,1.0,0.9999983310699463
2723,1.0,0.9999983310699463
2724,1.0,0.9999983310699463
2725,1.0,0.9999983310699463
2726,1.0,0.9999983310699463
2727,1.0,0.9999985694885254
2728,1.0,0.9999985694885254
2729,1.0,0.9999985694885254
2730,1.0,0.9999985694885254
2731,1.0,0.9999985694885254
2732,1.0,0.9999985694885254
2733,1.0,0.9999985694885254
2734,1.0,0.9999985694885254
2735,1.0,0.9999985694885254
2736,1.0,0.9999985694885254
2737,1.0,0.9999985694885254
2738,1.0,0.9999985694885254
2739,1.0,0.9999985694885254
2740,1.0,0.9999985694885254
2741,1.0,0.9999985694885254
2742,1.0,0.9999985694885254
2743,1.0,0.9999985694885254
2744,1.0,0.9999985694885254
2745,1.0,0.9999985694885254
2746,1.0,0.9999985694885254
2747,1.0,0.9999985694885254
2748,1.0,0.9999985694885254
2749,1.0,0.9999985694885254
2750,1.0,0.9999985694885254
2751,1.0,0.9999985694885254
2752,1.0,0.9999985694885254
2753,1.0,0.9999985694885254
2754,1.0,0.9999985694885254
2755,1.0,0.9999985694885254
2756,1.0,0.9999988079071045
2757,1.0,0.9999988079071045
2758,1.0,0.9999988079071045
2759,1.0,0.9999988079071045
2760,1.0,0.9999988079071045
2761,1.0,0.9999988079071045
2762,1.0,0.9999988079071045
2763,1.0,0.9999988079071045
2764,1.0,0.9999988079071045
2765,1.0,0.9999988079071045
2766,1.0,0.9999988079071045
2767,1.0,0.9999988079071045
2768,1.0,0.9999988079071045
2769,1.0,0.9999988079071045
2770,1.0,0.9999988079071045
2771,1.0,0.9999988079071045
2772,1.0,0.9999988079071045
2773,1.0,0.9999988079071045
2774,1.0,0.9999988079071045
2775,1.0,0.9999988079071045
2776,1.0,0.9999988079071045
2777,1.0,0.9999988079071045
2778,1.0,0.9999988079071045
2779,1.0,0.9999988079071045
2780,1.0,0.9999988079071045
2781,1.0,0.9999988079071045
2782,1.0,0.9999988079071045
2783,1.0,0.9999988079071045
2784,1.0,0.9999988079071045
2785,1.0,0.9999988079071045
2786,1.0,0.9999988079071045
2787,1.0,0.9999988079071045
2788,1.0,0.9999988079071045
2789,1.0,0.9999988079071045
2790,1.0,0.9999990463256836
2791,1.0,0.9999990463256836
2792,1.0,0.9999990463256836
2793,1.0,0.9999990463256836
2794,1.0,0.9999990463256836
2795,1.0,0.9999990463256836
2796,1.0,0.9999990463256836
2797,1.0,0.9999990463256836
2798,1.0,0.9999990463256836
2799,1.0,0.9999990463256836
2800,1.0,0.9999990463256836
2801,1.0,0.9999990463256836
2802,1.0,0.9999990463256836
2803,1.0,0.9999990463256836
2804,1.0,0.9999990463256836
2805,1.0,0.9999990463256836
2806,1.0,0.9999990463256836
2807,1.0,0.9999990463256836
2808,1.0,0.9999990463256836
2809,1.0,0.9999990463256836
2810,1.0,0.9999990463256836
2811,1.0,0.9999990463256836
2812,1.0,0.9999990463256836
2813,1.0,0.9999990463256836
2814,1.0,0.9999990463256836
2815,1.0,0.9999990463256836
2816,1.0,0.9999990463256836
2817,1.0,0.9999990463256836
2818,1.0,0.9999990463256836
2819,1.0,0.9999990463256836
2820,1.0,0.9999990463256836
2821,1.0,0.9999990463256836
2822,1.0,0.9999990463256836
2823,1.0,0.9999990463256836
2824,1.0,0.9999990463256836
2825,1.0,0.9999990463256836
2826,1.0,0.9999990463256836
2827,1.0,0.9999990463256836
2828,1.0,0.9999990463256836
2829,1.0,0.9999990463256836
2830,1.0,0.9999990463256836
2831,1.0,0.9999990463256836
2832,1.0,0.9999990463256836
2833,1.0,0.9999992847442627
2834,1.0,0.9999992847442627
2835,1.0,0.9999992847442627
2836,1.0,0.9999992847442627
2837,1.0,0.9999992847442627
2838,1.0,0.9999992847442627
2839,1.0,0.9999992847442627
2840,1.0,0.9999992847442627
2841,1.0,0.9999992847442627
2842,1.0,0.9999992847442627
2843,1.0,0.9999992847442627
2844,1.0,0.9999992847442627
2845,1.0,0.9999992847442627
2846,1.0,0.9999992847442627
2847,1.0,0.9999992847442627
2848,1.0,0.9999992847442627
2849,1.0,0.9999992847442627
2850,1.0,0.9999992847442627
2851,1.0,0.9999992847442627
2852,1.0,0.9999992847442627
2853,1.0,0.9999992847442627
2854,1.0,0.9999992847442627
2855,1.0,0.9999992847442627
2856,1.0,0.9999992847442627
2857,1.0,0.9999992847442627
2858,1.0,0.9999992847442627
2859,1.0,0.9999992847442627
2860,1.0,0.9999992847442627
2861,1.0,0.9999992847442627
2862,1.0,0.9999992847442627
2863,1.0,0.9999992847442627
2864,1.0,0.9999992847442627
2865,1.0,0.9999992847442627
2866,1.0,0.9999992847442627
2867,1.0,0.9999992847442627
2868,1.0,0.9999992847442627
2869,1.0,0.9999992847442627
2870,1.0,0.9999992847442627
2871,1.0,0.9999992847442627
2872,1.0,0.9999992847442627
2873,1.0,0.9999992847442627
2874,1.0,0.9999992847442627
2875,1.0,0.9999992847442627
2876,1.0,0.9999992847442627
2877,1.0,0.9999992847442627
2878,1.0,0.9999992847442627
2879,1.0,0.9999992847442627
2880,1.0,0.9999992847442627
2881,1.0,0.9999992847442627
2882,1.0,0.9999992847442627
2883,1.0,0.9999992847442627
2884,1.0,0.9999992847442627
2885,1.0,0.9999992847442627
2886,1.0,0.9999992847442627
2887,1.0,0.9999992847442627
2888,1.0,0.9999992847442627
2889,1.0,0.9999992847442627
2890,1.0,0.9999995231628418
2891,1.0,0.9999995231628418
2892,1.0,0.9999995231628418
2893,1.0,0.9999995231628418
2894,1.0,0.9999995231628418
2895,1.0,0.9999995231628418
2896,1.0,0.9999995231628418
2897,1.0,0.9999995231628418
2898,1.0,0.9999995231628418
2899,1.0,0.9999995231628418
2900,1.0,0.9999995231628418
2901,1.0,0.9999995231628418
2902,1.0,0.9999995231628418
2903,1.0,0.9999995231628418
2904,1.0,0.9999995231628418
2905,1.0,0.9999995231628418
2906,1.0,0.9999995231628418
2907,1.0,0.9999995231628418
2908,1.0,0.9999995231628418
2909,1.0,0.9999995231628418
2910,1.0,0.9999995231628418
2911,1.0,0.9999995231628418
2912,1.0,0.9999995231628418
2913,1.0,0.9999995231628418
2914,1.0,0.9999995231628418
2915,1.0,0.9999995231628418
2916,1.0,0.9999995231628418
2917,1.0,0.9999995231628418
2918,1.0,0.9999995231628418
2919,1.0,0.9999995231628418
2920,1.0,0.9999995231628418
2921,1.0,0.9999995231628418
2922,1.0,0.9999995231628418
2923,1.0,0.9999995231628418
2924,1.0,0.9999995231628418
2925,1.0,0.9999995231628418
2926,1.0,0.9999995231628418
2927,1.0,0.9999995231628418
2928,1.0,0.9999995231628418
2929,1.0,0.9999995231628418
2930,1.0,0.9999995231628418
2931,1.0,0.9999995231628418
2932,1.0,0.9999995231628418
2933,1.0,0.9999995231628418
2934,1.0,0.9999995231628418
2935,1.0,0.9999995231628418
2936,1.0,0.9999995231628418
2937,1.0,0.9999995231628418
2938,1.0,0.9999995231628418
2939,1.0,0.9999995231628418
2940,1.0,0.9999995231628418
2941,1.0,0.9999995231628418
2942,1.0,0.9999995231628418
2943,1.0,0.9999995231628418
2944,1.0,0.9999995231628418
2945,1.0,0.9999995231628418
2946,1.0,0.9999995231628418
2947,1.0,0.9999995231628418
2948,1.0,0.9999995231628418
2949,1.0,0.9999995231628418
2950,1.0,0.9999995231628418
2951,1.0,0.9999995231628418
2952,1.0,0.9999995231628418
2953,1.0,0.9999995231628418
2954,1.0,0.9999995231628418
2955,1.0,0.9999995231628418
2956,1.0,0.9999995231628418
2957,1.0,0.9999995231628418
2958,1.0,0.9999995231628418
2959,1.0,0.9999995231628418
2960,1.0,0.9999995231628418
2961,1.0,0.9999995231628418
2962,1.0,0.9999995231628418
2963,1.0,0.9999995231628418
2964,1.0,0.9999995231628418
2965,1.0,0.9999995231628418
2966,1.0,0.9999995231628418
2967,1.0,0.9999995231628418
2968,1.0,0.9999995231628418
2969,1.0,0.9999995231628418
2970,1.0,0.9999995231628418
2971,1.0,0.9999995231628418
2972,1.0,0.9999995231628418
2973,1.0,0.9999995231628418
2974,1.0,0.9999995231628418
2975,1.0,0.9999995231628418
2976,1.0,0.9999997615814209
2977,1.0,0.9999997615814209
2978,1.0,0.9999997615814209
2979,1.0,0.9999997615814209
2980,1.0,0.9999997615814209
2981,1.0,0.9999997615814209
2982,1.0,0.9999997615814209
2983,1.0,0.9999997615814209
2984,1.0,0.9999997615814209
2985,1.0,0.9999997615814209
2986,1.0,0.9999997615814209
2987,1.0,0.9999997615814209
2988,1.0,0.9999997615814209
2989,1.0,0.9999997615814209
2990,1.0,0.9999997615814209
2991,1.0,0.9999997615814209
2992,1.0,0.9999997615814209
2993,1.0,0.9999997615814209
2994,1.0,0.9999997615814209
2995,1.0,0.9999997615814209
2996,1.0,0.9999997615814209
2997,1.0,0.9999997615814209
2998,1.0,0.9999997615814209
2999,1.0,0.9999997615814209
3000,1.0,0.9999997615814209
3001,1.0,0.9999997615814209
3002,1.0,0.9999997615814209
3003,1.0,0.9999997615814209
3004,1.0,0.9999997615814209
3005,1.0,0.9999997615814209
3006,1.0,0.9999997615814209
3007,1.0,0.9999997615814209
3008,1.0,0.9999997615814209
3009,1.0,0.9999997615814209
3010,1.0,0.9999997615814209
3011,1.0,0.9999997615814209
3012,1.0,0.9999997615814209
3013,1.0,0.9999997615814209
3014,1.0,0.9999997615814209
3015,1.0,0.9999997615814209
3016,1.0,0.9999997615814209
3017,1.0,0.9999997615814209
3018,1.0,0.9999997615814209
3019,1.0,0.9999997615814209
3020,1.0,0.9999997615814209
3021,1.0,0.9999997615814209
3022,1.0,0.9999997615814209
3023,1.0,0.9999997615814209
3024,1.0,0.9999997615814209
3025,1.0,0.9999997615814209
3026,1.0,0.9999997615814209
3027,1.0,0.9999997615814209
3028,1.0,0.9999997615814209
3029,1.0,0.9999997615814209
3030,1.0,0.9999997615814209
3031,1.0,0.9999997615814209
3032,1.0,0.9999997615814209
3033,1.0,0.9999997615814209
3034,1.0,0.9999997615814209
3035,1.0,0.9999997615814209
3036,1.0,0.9999997615814209
3037,1.0,0.9999997615814209
3038,1.0,0.9999997615814209
3039,1.0,0.9999997615814209
3040,1.0,0.9999997615814209
3041,1.0,0.9999997615814209
3042,1.0,0.9999997615814209
3043,1.0,0.9999997615814209
3044,1.0,0.9999997615814209
3045,1.0,0.9999997615814209
3046,1.0,0.9999997615814209
3047,1.0,0.9999997615814209
3048,1.0,0.9999997615814209
3049,1.0,0.9999997615814209
3050,1.0,0.9999997615814209
3051,1.0,0.9999997615814209
3052,1.0,0.9999997615814209
3053,1.0,0.9999997615814209
3054,1.0,0.9999997615814209
3055,1.0,0.9999997615814209
3056,1.0,0.9999997615814209
3057,1.0,0.9999997615814209
3058,1.0,0.9999997615814209
3059,1.0,0.9999997615814209
3060,1.0,0.9999997615814209
3061,1.0,0.9999997615814209
3062,1.0,0.9999997615814209
3063,1.0,0.9999997615814209
3064,1.0,0.9999997615814209
3065,1.0,0.9999997615814209
3066,1.0,0.9999997615814209
3067,1.0,0.9999997615814209
3068,1.0,0.9999997615814209
3069,1.0,0.9999997615814209
3070,1.0,0.9999997615814209
3071,1.0,0.9999997615814209
3072,1.0,0.9999997615814209
3073,1.0,0.9999997615814209
3074,1.0,0.9999997615814209
3075,1.0,0.9999997615814209
3076,1.0,0.9999997615814209
3077,1.0,0.9999997615814209
3078,1.0,0.9999997615814209
3079,1.0,0.9999997615814209
3080,1.0,0.9999997615814209
3081,1.0,0.9999997615814209
3082,1.0,0.9999997615814209
3083,1.0,0.9999997615814209
3084,1.0,0.9999997615814209
3085,1.0,0.9999997615814209
3086,1.0,0.9999997615814209
3087,1.0,0.9999997615814209
3088,1.0,0.9999997615814209
3089,1.0,0.9999997615814209
3090,1.0,0.9999997615814209
3091,1.0,0.9999997615814209
3092,1.0,0.9999997615814209
3093,1.0,0.9999997615814209
3094,1.0,0.9999997615814209
3095,1.0,0.9999997615814209
3096,1.0,0.9999997615814209
3097,1.0,0.9999997615814209
3098,1.0,0.9999997615814209
3099,1.0,0.9999997615814209
3100,1.0,0.9999997615814209
3101,1.0,0.9999997615814209
3102,1.0,0.9999997615814209
3103,1.0,0.9999997615814209
3104,1.0,0.9999997615814209
3105,1.0,0.9999997615814209
3106,1.0,0.9999997615814209
3107,1.0,0.9999997615814209
3108,1.0,0.9999997615814209
3109,1.0,0.9999997615814209
3110,1.0,0.9999997615814209
3111,1.0,0.9999997615814209
3112,1.0,0.9999997615814209
3113,1.0,0.9999997615814209
3114,1.0,0.9999997615814209
3115,1.0,0.9999997615814209
3116,1.0,0.9999997615814209
3117,1.0,0.9999997615814209
3118,1.0,0.9999997615814209
3119,1.0,0.9999997615814209
3120,1.0,0.9999997615814209
3121,1.0,0.9999997615814209
3122,1.0,0.9999997615814209
3123,1.0,0.9999997615814209
3124,1.0,0.9999997615814209
3125,1.0,0.9999997615814209
3126,1.0,0.9999997615814209
3127,1.0,0.9999997615814209
3128,1.0,0.9999997615814209
3129,1.0,0.9999997615814209
3130,1.0,0.9999997615814209
3131,1.0,0.9999997615814209
3132,1.0,0.9999997615814209
3133,1.0,0.9999997615814209
3134,1.0,0.9999997615814209
3135,1.0,0.9999997615814209
3136,1.0,0.9999997615814209
3137,1.0,0.9999997615814209
3138,1.0,0.9999997615814209
3139,1.0,0.9999997615814209
3140,1.0,0.9999997615814209
3141,1.0,0.9999997615814209
3142,1.0,0.9999997615814209
3143,1.0,0.9999997615814209
3144,1.0,0.9999997615814209
3145,1.0,0.9999997615814209
3146,1.0,0.9999997615814209
3147,1.0,0.9999997615814209
3148,1.0,0.9999997615814209
3149,1.0,0.9999997615814209
3150,1.0,0.9999997615814209
3151,1.0,0.9999997615814209
3152,1.0,0.9999997615814209
3153,1.0,0.9999997615814209
3154,1.0,0.9999997615814209
3155,1.0,0.9999997615814209
3156,1.0,0.9999997615814209
3157,1.0,0.9999997615814209
3158,1.0,0.9999998807907104
3159,1.0,0.9999998807907104
3160,1.0,0.9999998807907104
3161,1.0,0.9999998807907104
3162,1.0,0.9999998807907104
3163,1.0,0.9999998807907104
3164,1.0,0.9999998807907104
3165,1.0,0.9999998807907104
3166,1.0,0.9999998807907104
3167,1.0,0.9999998807907104
3168,1.0,0.9999998807907104
3169,1.0,0.9999998807907104
3170,1.0,0.9999998807907104
3171,1.0,0.9999998807907104
3172,1.0,0.9999998807907104
3173,1.0,0.9999998807907104
3174,1.0,0.9999998807907104
3175,1.0,0.9999998807907104
3176,1.0,0.9999998807907104
3177,1.0,0.9999998807907104
3178,1.0,0.9999998807907104
3179,1.0,0.9999998807907104
3180,1.0,0.9999998807907104
3181,1.0,0.9999998807907104
3182,1.0,0.9999998807907104
3183,1.0,0.9999998807907104
3184,1.0,0.9999998807907104
3185,1.0,0.9999998807907104
3186,1.0,0.9999998807907104
3187,1.0,0.9999998807907104
3188,1.0,0.9999998807907104
3189,1.0,0.9999998807907104
3190,1.0,0.9999998807907104
3191,1.0,0.9999998807907104
3192,1.0,0.9999998807907104
3193,1.0,0.9999998807907104
3194,1.0,0.9999998807907104
3195,1.0,0.9999998807907104
3196,1.0,0.9999998807907104
3197,1.0,0.9999998807907104
3198,1.0,0.9999998807907104
3199,1.0,0.9999998807907104
3200,1.0,0.9999998807907104
3201,1.0,0.9999998807907104
3202,1.0,0.9999998807907104
3203,1.0,0.9999998807907104
3204,1.0,0.9999998807907104
3205,1.0,0.9999998807907104
3206,1.0,0.9999998807907104
3207,1.0,0.9999998807907104
3208,1.0,0.9999998807907104
3209,1.0,0.9999998807907104
3210,1.0,0.9999998807907104
3211,1.0,0.9999998807907104
3212,1.0,0.9999998807907104
3213,1.0,0.9999998807907104
3214,1.0,0.9999998807907104
3215,1.0,0.9999998807907104
3216,1.0,0.9999998807907104
3217,1.0,0.9999998807907104
3218,1.0,0.9999998807907104
3219,1.0,0.9999998807907104
3220,1.0,0.9999998807907104
3221,1.0,0.9999998807907104
3222,1.0,0.9999998807907104
3223,1.0,0.9999998807907104
3224,1.0,0.9999998807907104
3225,1.0,0.9999998807907104
3226,1.0,0.9999998807907104
3227,1.0,0.9999998807907104
3228,1.0,0.9999998807907104
3229,1.0,0.9999998807907104
3230,1.0,0.9999998807907104
3231,1.0,0.9999998807907104
3232,1.0,0.9999998807907104
3233,1.0,0.9999998807907104
3234,1.0,0.9999998807907104
3235,1.0,0.9999998807907104
3236,1.0,0.9999998807907104
3237,1.0,0.9999998807907104
3238,1.0,0.9999998807907104
3239,1.0,0.9999998807907104
3240,1.0,0.9999998807907104
3241,1.0,0.9999998807907104
3242,1.0,0.9999998807907104
3243,1.0,0.9999998807907104
3244,1.0,0.9999998807907104
3245,1.0,0.9999998807907104
3246,1.0,0.9999998807907104
3247,1.0,0.9999998807907104
3248,1.0,0.9999998807907104
3249,1.0,0.9999998807907104
3250,1.0,0.9999998807907104
3251,1.0,0.9999998807907104
3252,1.0,0.9999998807907104
3253,1.0,0.9999998807907104
3254,1.0,0.9999998807907104
3255,1.0,0.9999998807907104
3256,1.0,0.9999998807907104
3257,1.0,0.9999998807907104
3258,1.0,0.9999998807907104
3259,1.0,0.9999998807907104
3260,1.0,0.9999998807907104
3261,1.0,0.9999998807907104
3262,1.0,0.9999998807907104
3263,1.0,0.9999998807907104
3264,1.0,0.9999998807907104
3265,1.0,0.9999998807907104
3266,1.0,0.9999998807907104
3267,1.0,0.9999998807907104
3268,1.0,0.9999998807907104
3269,1.0,0.9999998807907104
3270,1.0,0.9999998807907104
3271,1.0,0.9999998807907104
3272,1.0,0.9999998807907104
3273,1.0,0.9999998807907104
3274,1.0,0.9999998807907104
3275,1.0,0.9999998807907104
3276,1.0,0.9999998807907104
3277,1.0,0.9999998807907104
3278,1.0,0.9999998807907104
3279,1.0,0.9999998807907104
3280,1.0,0.9999998807907104
3281,1.0,0.9999998807907104
3282,1.0,0.9999998807907104
3283,1.0,0.9999998807907104
3284,1.0,0.9999998807907104
3285,1.0,0.9999998807907104
3286,1.0,0.9999998807907104
3287,1.0,0.9999998807907104
3288,1.0,0.9999998807907104
3289,1.0,0.9999998807907104
3290,1.0,0.9999998807907104
3291,1.0,0.9999998807907104
3292,1.0,0.9999998807907104
3293,1.0,0.9999998807907104
3294,1.0,0.9999998807907104
3295,1.0,0.9999998807907104
3296,1.0,0.9999998807907104
3297,1.0,0.9999998807907104
3298,1.0,0.9999998807907104
3299,1.0,0.9999998807907104
3300,1.0,0.9999998807907104
3301,1.0,0.9999998807907104
3302,1.0,0.9999998807907104
3303,1.0,0.9999998807907104
3304,1.0,0.9999998807907104
3305,1.0,0.9999998807907104
3306,1.0,0.9999998807907104
3307,1.0,0.9999998807907104
3308,1.0,0.9999998807907104
3309,1.0,0.9999998807907104
3310,1.0,0.9999998807907104
3311,1.0,0.9999998807907104
3312,1.0,0.9999998807907104
3313,1.0,0.9999998807907104
3314,1.0,0.9999998807907104
3315,1.0,0.9999998807907104
3316,1.0,0.9999998807907104
3317,1.0,0.9999998807907104
3318,1.0,0.9999998807907104
3319,1.0,0.9999998807907104
3320,1.0,0.9999998807907104
3321,1.0,0.9999998807907104
3322,1.0,0.9999998807907104
3323,1.0,0.9999998807907104
3324,1.0,0.9999998807907104
3325,1.0,0.9999998807907104
3326,1.0,0.9999998807907104
3327,1.0,0.9999998807907104
3328,1.0,0.9999998807907104
3329,1.0,0.9999998807907104
3330,1.0,0.9999998807907104
3331,1.0,0.9999998807907104
3332,1.0,0.9999998807907104
3333,1.0,0.9999998807907104
3334,1.0,0.9999998807907104
3335,1.0,0.9999998807907104
3336,1.0,0.9999998807907104
3337,1.0,0.9999998807907104
3338,1.0,0.9999998807907104
3339,1.0,0.9999998807907104
3340,1.0,0.9999998807907104
3341,1.0,0.9999998807907104
3342,1.0,0.9999998807907104
3343,1.0,0.9999998807907104
3344,1.0,0.9999998807907104
3345,1.0,0.9999998807907104
3346,1.0,0.9999998807907104
3347,1.0,0.9999998807907104
3348,1.0,0.9999998807907104
3349,1.0,0.9999998807907104
3350,1.0,0.9999998807907104
3351,1.0,0.9999998807907104
3352,1.0,0.9999998807907104
3353,1.0,0.9999998807907104
3354,1.0,0.9999998807907104
3355,1.0,0.9999998807907104
3356,1.0,0.9999998807907104
3357,1.0,0.9999998807907104
3358,1.0,0.9999998807907104
3359,1.0,0.9999998807907104
3360,1.0,0.9999998807907104
3361,1.0,0.9999998807907104
3362,1.0,0.9999998807907104
3363,1.0,0.9999998807907104
3364,1.0,0.9999998807907104
3365,1.0,0.9999998807907104
3366,1.0,0.9999998807907104
3367,1.0,0.9999998807907104
3368,1.0,0.9999998807907104
3369,1.0,0.9999998807907104
3370,1.0,0.9999998807907104
3371,1.0,0.9999998807907104
3372,1.0,0.9999998807907104
3373,1.0,0.9999998807907104
3374,1.0,0.9999998807907104
3375,1.0,0.9999998807907104
3376,1.0,0.9999998807907104
3377,1.0,0.9999998807907104
3378,1.0,0.9999998807907104
3379,1.0,0.9999998807907104
3380,1.0,0.9999998807907104
3381,1.0,0.9999998807907104
3382,1.0,0.9999998807907104
3383,1.0,0.9999998807907104
3384,1.0,0.9999998807907104
3385,1.0,0.9999998807907104
3386,1.0,0.9999998807907104
3387,1.0,0.9999998807907104
3388,1.0,0.9999998807907104
3389,1.0,0.9999998807907104
3390,1.0,0.9999998807907104
3391,1.0,0.9999998807907104
3392,1.0,0.9999998807907104
3393,1.0,0.9999998807907104
3394,1.0,0.9999998807907104
3395,1.0,0.9999998807907104
3396,1.0,0.9999998807907104
3397,1.0,0.9999998807907104
3398,1.0,0.9999998807907104
3399,1.0,0.9999998807907104
3400,1.0,0.9999998807907104
3401,1.0,0.9999998807907104
3402,1.0,0.9999998807907104
3403,1.0,0.9999998807907104
3404,1.0,0.9999998807907104
3405,1.0,0.9999998807907104
3406,1.0,0.9999998807907104
3407,1.0,0.9999998807907104
3408,1.0,0.9999998807907104
3409,1.0,0.9999998807907104
3410,1.0,0.9999998807907104
3411,1.0,0.9999998807907104
3412,1.0,0.9999998807907104
3413,1.0,0.9999998807907104
3414,1.0,0.9999998807907104
3415,1.0,0.9999998807907104
3416,1.0,0.9999998807907104
3417,1.0,0.9999998807907104
3418,1.0,0.9999998807907104
3419,1.0,0.9999998807907104
3420,1.0,0.9999998807907104
3421,1.0,0.9999998807907104
3422,1.0,0.9999998807907104
3423,1.0,0.9999998807907104
3424,1.0,0.9999998807907104
3425,1.0,0.9999998807907104
3426,1.0,0.9999998807907104
3427,1.0,0.9999998807907104
3428,1.0,0.9999998807907104
3429,1.0,0.9999998807907104
3430,1.0,0.9999998807907104
3431,1.0,0.9999998807907104
3432,1.0,0.9999998807907104
3433,1.0,0.9999998807907104
3434,1.0,0.9999998807907104
3435,1.0,0.9999998807907104
3436,1.0,0.9999998807907104
3437,1.0,0.9999998807907104
3438,1.0,0.9999998807907104
3439,1.0,0.9999998807907104
3440,1.0,0.9999998807907104
3441,1.0,0.9999998807907104
3442,1.0,0.9999998807907104
3443,1.0,0.9999998807907104
3444,1.0,0.9999998807907104
3445,1.0,0.9999998807907104
3446,1.0,0.9999998807907104
3447,1.0,0.9999998807907104
3448,1.0,0.9999998807907104
3449,1.0,0.9999998807907104
3450,1.0,0.9999998807907104
3451,1.0,0.9999998807907104
3452,1.0,0.9999998807907104
3453,1.0,0.9999998807907104
3454,1.0,0.9999998807907104
3455,1.0,0.9999998807907104
3456,1.0,0.9999998807907104
3457,1.0,0.9999998807907104
3458,1.0,0.9999998807907104
3459,1.0,0.9999998807907104
3460,1.0,0.9999998807907104
3461,1.0,0.9999998807907104
3462,1.0,0.9999998807907104
3463,1.0,0.9999998807907104
3464,1.0,0.9999998807907104
3465,1.0,0.9999998807907104
3466,1.0,0.9999998807907104
3467,1.0,0.9999998807907104
3468,1.0,0.9999998807907104
3469,1.0,0.9999998807907104
3470,1.0,0.9999998807907104
3471,1.0,0.9999998807907104
3472,1.0,0.9999998807907104
3473,1.0,0.9999998807907104
3474,1.0,0.9999998807907104
3475,1.0,0.9999998807907104
3476,1.0,0.9999998807907104
3477,1.0,0.9999998807907104
3478,1.0,0.9999998807907104
3479,1.0,0.9999998807907104
3480,1.0,0.9999998807907104
3481,1.0,0.9999998807907104
3482,1.0,0.9999998807907104
3483,1.0,0.9999998807907104
3484,1.0,0.9999998807907104
3485,1.0,0.9999998807907104
3486,1.0,0.9999998807907104
3487,1.0,0.9999998807907104
3488,1.0,0.9999998807907104
3489,1.0,0.9999998807907104
3490,1.0,0.9999998807907104
3491,1.0,0.9999998807907104
3492,1.0,0.9999998807907104
3493,1.0,0.9999998807907104
3494,1.0,0.9999998807907104
3495,1.0,0.9999998807907104
3496,1.0,0.9999998807907104
3497,1.0,0.9999998807907104
3498,1.0,0.9999998807907104
3499,1.0,0.9999998807907104
3500,1.0,0.9999998807907104
3501,1.0,0.9999998807907104
3502,1.0,0.9999998807907104
3503,1.0,0.9999998807907104
3504,1.0,0.9999998807907104
3505,1.0,0.9999998807907104
3506,1.0,0.9999998807907104
3507,1.0,0.9999998807907104
3508,1.0,0.9999998807907104
3509,1.0,0.9999998807907104
3510,1.0,0.9999998807907104
3511,1.0,0.9999998807907104
3512,1.0,0.9999998807907104
3513,1.0,0.9999998807907104
3514,1.0,0.9999998807907104
3515,1.0,0.9999998807907104
3516,1.0,0.9999998807907104
3517,1.0,0.9999998807907104
3518,1.0,0.9999998807907104
3519,1.0,0.9999998807907104
3520,1.0,0.9999998807907104
3521,1.0,0.9999998807907104
3522,1.0,0.9999998807907104
3523,1.0,0.9999998807907104
3524,1.0,0.9999998807907104
3525,1.0,0.9999998807907104
3526,1.0,0.9999998807907104
3527,1.0,0.9999998807907104
3528,1.0,0.9999998807907104
3529,1.0,0.9999998807907104
3530,1.0,0.9999998807907104
3531,1.0,0.9999998807907104
3532,1.0,0.9999998807907104
3533,1.0,0.9999998807907104
3534,1.0,0.9999998807907104
3535,1.0,0.9999998807907104
3536,1.0,0.9999998807907104
3537,1.0,0.9999998807907104
3538,1.0,0.9999998807907104
3539,1.0,0.9999998807907104
3540,1.0,0.9999998807907104
3541,1.0,0.9999998807907104
3542,1.0,0.9999998807907104
3543,1.0,0.9999998807907104
3544,1.0,0.9999998807907104
3545,1.0,0.9999998807907104
3546,1.0,0.9999998807907104
3547,1.0,0.9999998807907104
3548,1.0,0.9999998807907104
3549,1.0,0.9999998807907104
3550,1.0,0.9999998807907104
3551,1.0,0.9999998807907104
3552,1.0,0.9999998807907104
3553,1.0,0.9999998807907104
3554,1.0,0.9999998807907104
3555,1.0,0.9999998807907104
3556,1.0,0.9999998807907104
3557,1.0,0.9999998807907104
3558,1.0,0.9999998807907104
3559,1.0,0.9999998807907104
3560,1.0,0.9999998807907104
3561,1.0,0.9999998807907104
3562,1.0,0.9999998807907104
3563,1.0,0.9999998807907104
3564,1.0,0.9999998807907104
3565,1.0,0.9999998807907104
3566,1.0,0.9999998807907104
3567,1.0,0.9999998807907104
3568,1.0,0.9999998807907104
3569,1.0,0.9999998807907104
3570,1.0,0.9999998807907104
3571,1.0,0.9999998807907104
3572,1.0,0.9999998807907104
3573,1.0,0.9999998807907104
3574,1.0,0.9999998807907104
3575,1.0,0.9999998807907104
3576,1.0,0.9999998807907104
3577,1.0,0.9999998807907104
3578,1.0,0.9999998807907104
3579,1.0,0.9999998807907104
3580,1.0,0.9999998807907104
3581,1.0,0.9999998807907104
3582,1.0,0.9999998807907104
3583,1.0,0.9999998807907104
3584,1.0,0.9999998807907104
3585,1.0,0.9999998807907104
3586,1.0,0.9999998807907104
3587,1.0,0.9999998807907104
3588,1.0,0.9999998807907104
3589,1.0,0.9999998807907104
3590,1.0,0.9999998807907104
3591,1.0,0.9999998807907104
3592,1.0,0.9999998807907104
3593,1.0,0.9999998807907104
3594,1.0,0.9999998807907104
3595,1.0,0.9999998807907104
3596,1.0,0.9999998807907104
3597,1.0,0.9999998807907104
3598,1.0,0.9999998807907104
3599,1.0,0.9999998807907104
3600,1.0,0.9999998807907104
3601,1.0,0.9999998807907104
3602,1.0,0.9999998807907104
3603,1.0,0.9999998807907104
3604,1.0,0.9999998807907104
3605,1.0,0.9999998807907104
3606,1.0,0.9999998807907104
3607,1.0,0.9999998807907104
3608,1.0,0.9999998807907104
3609,1.0,0.9999998807907104
3610,1.0,0.9999998807907104
3611,1.0,0.9999998807907104
3612,1.0,0.9999998807907104
3613,1.0,0.9999998807907104
3614,1.0,0.9999998807907104
3615,1.0,0.9999998807907104
3616,1.0,0.9999998807907104
3617,1.0,0.9999998807907104
3618,1.0,0.9999998807907104
3619,1.0,0.9999998807907104
3620,1.0,0.9999998807907104
3621,1.0,0.9999998807907104
3622,1.0,0.9999998807907104
3623,1.0,0.9999998807907104
3624,1.0,0.9999998807907104
3625,1.0,0.9999998807907104
3626,1.0,0.9999998807907104
3627,1.0,0.9999998807907104
3628,1.0,0.9999998807907104
3629,1.0,0.9999998807907104
3630,1.0,0.9999998807907104
3631,1.0,0.9999998807907104
3632,1.0,0.9999998807907104
3633,1.0,0.9999998807907104
3634,1.0,0.9999998807907104
3635,1.0,0.9999998807907104
3636,1.0,0.9999998807907104
3637,1.0,0.9999998807907104
3638,1.0,0.9999998807907104
3639,1.0,0.9999998807907104
3640,1.0,0.9999998807907104
3641,1.0,0.9999998807907104
3642,1.0,0.9999998807907104
3643,1.0,0.9999998807907104
3644,1.0,0.9999998807907104
3645,1.0,0.9999998807907104
3646,1.0,0.9999998807907104
3647,1.0,0.9999998807907104
3648,1.0,0.9999998807907104
3649,1.0,0.9999998807907104
3650,1.0,0.9999998807907104
3651,1.0,0.9999998807907104
3652,1.0,0.9999998807907104
3653,1.0,0.9999998807907104
3654,1.0,0.9999998807907104
3655,1.0,0.9999998807907104
3656,1.0,0.9999998807907104
3657,1.0,0.9999998807907104
3658,1.0,0.9999998807907104
3659,1.0,0.9999998807907104
3660,1.0,0.9999998807907104
3661,1.0,0.9999998807907104
3662,1.0,0.9999998807907104
3663,1.0,0.9999998807907104
3664,1.0,0.9999998807907104
3665,1.0,0.9999998807907104
3666,1.0,0.9999998807907104
3667,1.0,0.9999998807907104
3668,1.0,0.9999998807907104
3669,1.0,0.9999998807907104
3670,1.0,0.9999998807907104
3671,1.0,0.9999998807907104
3672,1.0,0.9999998807907104
3673,1.0,0.9999998807907104
3674,1.0,0.9999998807907104
3675,1.0,0.9999998807907104
3676,1.0,0.9999998807907104
3677,1.0,0.9999998807907104
3678,1.0,0.9999998807907104
3679,1.0,0.9999998807907104
3680,1.0,0.9999998807907104
3681,1.0,0.9999998807907104
3682,1.0,0.9999998807907104
3683,1.0,0.9999998807907104
3684,1.0,0.9999998807907104
3685,1.0,0.9999998807907104
3686,1.0,0.9999998807907104
3687,1.0,0.9999998807907104
3688,1.0,0.9999998807907104
3689,1.0,0.9999998807907104
3690,1.0,0.9999998807907104
3691,1.0,0.9999998807907104
3692,1.0,0.9999998807907104
3693,1.0,0.9999998807907104
3694,1.0,0.9999998807907104
3695,1.0,0.9999998807907104
3696,1.0,0.9999998807907104
3697,1.0,0.9999998807907104
3698,1.0,0.9999998807907104
3699,1.0,0.9999998807907104
3700,1.0,0.9999998807907104
3701,1.0,0.9999998807907104
3702,1.0,0.9999998807907104
3703,1.0,0.9999998807907104
3704,1.0,0.9999998807907104
3705,1.0,0.9999998807907104
3706,1.0,0.9999998807907104
3707,1.0,0.9999998807907104
3708,1.0,0.9999998807907104
3709,1.0,0.9999998807907104
3710,1.0,0.9999998807907104
3711,1.0,0.9999998807907104
3712,1.0,0.9999998807907104
3713,1.0,0.9999998807907104
3714,1.0,0.9999998807907104
3715,1.0,0.9999998807907104
3716,1.0,0.9999998807907104
3717,1.0,0.9999998807907104
3718,1.0,0.9999998807907104
3719,1.0,0.9999998807907104
3720,1.0,0.9999998807907104
3721,1.0,0.9999998807907104
3722,1.0,0.9999998807907104
3723,1.0,0.9999998807907104
3724,1.0,0.9999998807907104
3725,1.0,0.9999998807907104
3726,1.0,0.9999998807907104
3727,1.0,0.9999998807907104
3728,1.0,0.9999998807907104
3729,1.0,0.9999998807907104
3730,1.0,0.9999998807907104
3731,1.0,0.9999998807907104
3732,1.0,0.9999998807907104
3733,1.0,0.9999998807907104
3734,1.0,0.9999998807907104
3735,1.0,0.9999998807907104
3736,1.0,0.9999998807907104
3737,1.0,0.9999998807907104
3738,1.0,0.9999998807907104
3739,1.0,0.9999998807907104
3740,1.0,0.9999998807907104
3741,1.0,0.9999998807907104
3742,1.0,0.9999998807907104
3743,1.0,0.9999998807907104
3744,1.0,0.9999998807907104
3745,1.0,0.9999998807907104
3746,1.0,0.9999998807907104
3747,1.0,0.9999998807907104
3748,1.0,0.9999998807907104
3749,1.0,0.9999998807907104
3750,1.0,0.9999998807907104
3751,1.0,0.9999998807907104
3752,1.0,0.9999998807907104
3753,1.0,0.9999998807907104
3754,1.0,0.9999998807907104
3755,1.0,0.9999998807907104
3756,1.0,0.9999998807907104
3757,1.0,0.9999998807907104
3758,1.0,0.9999998807907104
3759,1.0,0.9999998807907104
3760,1.0,0.9999998807907104
3761,1.0,0.9999998807907104
3762,1.0,0.9999998807907104
3763,1.0,0.9999998807907104
3764,1.0,0.9999998807907104
3765,1.0,0.9999998807907104
3766,1.0,0.9999998807907104
3767,1.0,0.9999998807907104
3768,1.0,0.9999998807907104
3769,1.0,0.9999998807907104
3770,1.0,0.9999998807907104
3771,1.0,0.9999998807907104
3772,1.0,0.9999998807907104
3773,1.0,0.9999998807907104
3774,1.0,0.9999998807907104
3775,1.0,0.9999998807907104
3776,1.0,0.9999998807907104
3777,1.0,0.9999998807907104
3778,1.0,0.9999998807907104
3779,1.0,0.9999998807907104
3780,1.0,0.9999998807907104
3781,1.0,0.9999998807907104
3782,1.0,0.9999998807907104
3783,1.0,0.9999998807907104
3784,1.0,0.9999998807907104
3785,1.0,0.9999998807907104
3786,1.0,0.9999998807907104
3787,1.0,0.9999998807907104
3788,1.0,0.9999998807907104
3789,1.0,0.9999998807907104
3790,1.0,0.9999998807907104
3791,1.0,0.9999998807907104
3792,1.0,0.9999998807907104
3793,1.0,0.9999998807907104
3794,1.0,0.9999998807907104
3795,1.0,0.9999998807907104
3796,1.0,0.9999998807907104
3797,1.0,0.9999998807907104
3798,1.0,0.9999998807907104
3799,1.0,0.9999998807907104
3800,1.0,0.9999998807907104
3801,1.0,0.9999998807907104
3802,1.0,0.9999998807907104
3803,1.0,0.9999998807907104
3804,1.0,0.9999998807907104
3805,1.0,0.9999998807907104
3806,1.0,0.9999998807907104
3807,1.0,0.9999998807907104
3808,1.0,0.9999998807907104
3809,1.0,0.9999998807907104
3810,1.0,0.9999998807907104
3811,1.0,0.9999998807907104
3812,1.0,0.9999998807907104
3813,1.0,0.9999998807907104
3814,1.0,0.9999998807907104
3815,1.0,0.9999998807907104
3816,1.0,0.9999998807907104
3817,1.0,0.9999998807907104
3818,1.0,0.9999998807907104
3819,1.0,0.9999998807907104
3820,1.0,0.9999998807907104
3821,1.0,0.9999998807907104
3822,1.0,0.9999998807907104
3823,1.0,0.9999998807907104
3824,1.0,0.9999998807907104
3825,1.0,0.9999998807907104
3826,1.0,0.9999998807907104
3827,1.0,0.9999998807907104
3828,1.0,0.9999998807907104
3829,1.0,0.9999998807907104
3830,1.0,0.9999998807907104
3831,1.0,0.9999998807907104
3832,1.0,0.9999998807907104
3833,1.0,0.9999998807907104
3834,1.0,0.9999998807907104
3835,1.0,0.9999998807907104
3836,1.0,0.9999998807907104
3837,1.0,0.9999998807907104
3838,1.0,0.9999998807907104
3839,1.0,0.9999998807907104
3840,1.0,0.9999998807907104
3841,1.0,0.9999998807907104
3842,1.0,0.9999998807907104
3843,1.0,0.9999998807907104
3844,1.0,0.9999998807907104
3845,1.0,0.9999998807907104
3846,1.0,0.9999998807907104
3847,1.0,0.9999998807907104
3848,1.0,0.9999998807907104
3849,1.0,0.9999998807907104
3850,1.0,0.9999998807907104
3851,1.0,0.9999998807907104
3852,1.0,0.9999998807907104
3853,1.0,0.9999998807907104
3854,1.0,0.9999998807907104
3855,1.0,0.9999998807907104
3856,1.0,0.9999998807907104
3857,1.0,0.9999998807907104
3858,1.0,0.9999998807907104
3859,1.0,0.9999998807907104
3860,1.0,0.9999998807907104
3861,1.0,0.9999998807907104
3862,1.0,0.9999998807907104
3863,1.0,0.9999998807907104
3864,1.0,0.9999998807907104
3865,1.0,0.9999998807907104
3866,1.0,0.9999998807907104
3867,1.0,0.9999998807907104
3868,1.0,0.9999998807907104
3869,1.0,0.9999998807907104
3870,1.0,0.9999998807907104
3871,1.0,0.9999998807907104
3872,1.0,0.9999998807907104
3873,1.0,0.9999998807907104
3874,1.0,0.9999998807907104
3875,1.0,0.9999998807907104
3876,1.0,0.9999998807907104
3877,1.0,0.9999998807907104
3878,1.0,0.9999998807907104
3879,1.0,0.9999998807907104
3880,1.0,0.9999998807907104
3881,1.0,0.9999998807907104
3882,1.0,0.9999998807907104
3883,1.0,0.9999998807907104
3884,1.0,0.9999998807907104
3885,1.0,0.9999998807907104
3886,1.0,0.9999998807907104
3887,1.0,0.9999998807907104
3888,1.0,0.9999998807907104
3889,1.0,0.9999998807907104
3890,1.0,0.9999998807907104
3891,1.0,0.9999998807907104
3892,1.0,0.9999998807907104
3893,1.0,0.9999998807907104
3894,1.0,0.9999998807907104
3895,1.0,0.9999998807907104
3896,1.0,0.9999998807907104
3897,1.0,0.9999998807907104
3898,1.0,0.9999998807907104
3899,1.0,0.9999998807907104
3900,1.0,0.9999998807907104
3901,1.0,0.9999998807907104
3902,1.0,0.9999998807907104
3903,1.0,0.9999998807907104
3904,1.0,0.9999998807907104
3905,1.0,0.9999998807907104
3906,1.0,0.9999998807907104
3907,1.0,0.9999998807907104
3908,1.0,0.9999998807907104
3909,1.0,0.9999998807907104
3910,1.0,0.9999998807907104
3911,1.0,0.9999998807907104
3912,1.0,0.9999998807907104
3913,1.0,0.9999998807907104
3914,1.0,0.9999998807907104
3915,1.0,0.9999998807907104
3916,1.0,0.9999998807907104
3917,1.0,0.9999998807907104
3918,1.0,0.9999998807907104
3919,1.0,0.9999998807907104
3920,1.0,0.9999998807907104
3921,1.0,0.9999998807907104
3922,1.0,0.9999998807907104
3923,1.0,0.9999998807907104
3924,1.0,0.9999998807907104
3925,1.0,0.9999998807907104
3926,1.0,0.9999998807907104
3927,1.0,0.9999998807907104
3928,1.0,0.9999998807907104
3929,1.0,0.9999998807907104
3930,1.0,0.9999998807907104
3931,1.0,0.9999998807907104
3932,1.0,0.9999998807907104
3933,1.0,0.9999998807907104
3934,1.0,0.9999998807907104
3935,1.0,0.9999998807907104
3936,1.0,0.9999998807907104
3937,1.0,0.9999998807907104
3938,1.0,0.9999998807907104
3939,1.0,0.9999998807907104
3940,1.0,0.9999998807907104
3941,1.0,0.9999998807907104
3942,1.0,0.9999998807907104
3943,1.0,0.9999998807907104
3944,1.0,0.9999998807907104
3945,1.0,0.9999998807907104
3946,1.0,0.9999998807907104
3947,1.0,0.9999998807907104
3948,1.0,0.9999998807907104
3949,1.0,0.9999998807907104
3950,1.0,0.9999998807907104
3951,1.0,0.9999998807907104
3952,1.0,0.9999998807907104
3953,1.0,0.9999998807907104
3954,1.0,0.9999998807907104
3955,1.0,0.9999998807907104
3956,1.0,0.9999998807907104
3957,1.0,0.9999998807907104
3958,1.0,0.9999998807907104
3959,1.0,0.9999998807907104
3960,1.0,0.9999998807907104
3961,1.0,0.9999998807907104
3962,1.0,0.9999998807907104
3963,1.0,0.9999998807907104
3964,1.0,0.9999998807907104
3965,1.0,0.9999998807907104
3966,1.0,0.9999998807907104
3967,1.0,0.9999998807907104
3968,1.0,0.9999998807907104
3969,1.0,0.9999998807907104
3970,1.0,0.9999998807907104
3971,1.0,0.9999998807907104
3972,1.0,0.9999998807907104
3973,1.0,0.9999998807907104
3974,1.0,0.9999998807907104
3975,1.0,0.9999998807907104
3976,1.0,0.9999998807907104
3977,1.0,0.9999998807907104
3978,1.0,0.9999998807907104
3979,1.0,0.9999998807907104
3980,1.0,0.9999998807907104
3981,1.0,0.9999998807907104
3982,1.0,0.9999998807907104
3983,1.0,0.9999998807907104
3984,1.0,0.9999998807907104
3985,1.0,0.9999998807907104
3986,1.0,0.9999998807907104
3987,1.0,0.9999998807907104
3988,1.0,0.9999998807907104
3989,1.0,0.9999998807907104
3990,1.0,0.9999998807907104
3991,1.0,0.9999998807907104
3992,1.0,0.9999998807907104
3993,1.0,0.9999998807907104
3994,1.0,0.9999998807907104
3995,1.0,0.9999998807907104
3996,1.0,0.9999998807907104
3997,1.0,0.9999998807907104
3998,1.0,0.9999998807907104
3999,1.0,0.9999998807907104
4000,1.0,0.9999998807907104
4001,1.0,0.9999998807907104
4002,1.0,0.9999998807907104
4003,1.0,0.9999998807907104
4004,1.0,0.9999998807907104
4005,1.0,0.9999998807907104
4006,1.0,0.9999998807907104
4007,1.0,0.9999998807907104
4008,1.0,0.9999998807907104
4009,1.0,0.9999998807907104
4010,1.0,0.9999998807907104
4011,1.0,0.9999998807907104
4012,1.0,0.9999998807907104
4013,1.0,0.9999998807907104
4014,1.0,0.9999998807907104
4015,1.0,0.9999998807907104
4016,1.0,0.9999998807907104
4017,1.0,0.9999998807907104
4018,1.0,0.9999998807907104
4019,1.0,0.9999998807907104
4020,1.0,0.9999998807907104
4021,1.0,0.9999998807907104
4022,1.0,0.9999998807907104
4023,1.0,0.9999998807907104
4024,1.0,0.9999998807907104
4025,1.0,0.9999998807907104
4026,1.0,0.9999998807907104
4027,1.0,0.9999998807907104
4028,1.0,0.9999998807907104
4029,1.0,0.9999998807907104
4030,1.0,0.9999998807907104
4031,1.0,0.9999998807907104
4032,1.0,0.9999998807907104
4033,1.0,0.9999998807907104
4034,1.0,0.9999998807907104
4035,1.0,0.9999998807907104
4036,1.0,0.9999998807907104
4037,1.0,0.9999998807907104
4038,1.0,0.9999998807907104
4039,1.0,0.9999998807907104
4040,1.0,0.9999998807907104
4041,1.0,0.9999998807907104
4042,1.0,0.9999998807907104
4043,1.0,0.9999998807907104
4044,1.0,0.9999998807907104
4045,1.0,0.9999998807907104
4046,1.0,0.9999998807907104
4047,1.0,0.9999998807907104
4048,1.0,0.9999998807907104
4049,1.0,0.9999998807907104
4050,1.0,0.9999998807907104
4051,1.0,0.9999998807907104
4052,1.0,0.9999998807907104
4053,1.0,0.9999998807907104
4054,1.0,0.9999998807907104
4055,1.0,0.9999998807907104
4056,1.0,0.9999998807907104
4057,1.0,0.9999998807907104
4058,1.0,0.9999998807907104
4059,1.0,0.9999998807907104
4060,1.0,0.9999998807907104
4061,1.0,0.9999998807907104
4062,1.0,0.9999998807907104
4063,1.0,0.9999998807907104
4064,1.0,0.9999998807907104
4065,1.0,0.9999998807907104
4066,1.0,0.9999998807907104
4067,1.0,0.9999998807907104
4068,1.0,0.9999998807907104
4069,1.0,0.9999998807907104
4070,1.0,0.9999998807907104
4071,1.0,0.9999998807907104
4072,1.0,0.9999998807907104
4073,1.0,0.9999998807907104
4074,1.0,0.9999998807907104
4075,1.0,0.9999998807907104
4076,1.0,0.9999998807907104
4077,1.0,0.9999998807907104
4078,1.0,0.9999998807907104
4079,1.0,0.9999998807907104
4080,1.0,0.9999998807907104
4081,1.0,0.9999998807907104
4082,1.0,0.9999998807907104
4083,1.0,0.9999998807907104
4084,1.0,0.9999998807907104
4085,1.0,0.9999998807907104
4086,1.0,0.9999998807907104
4087,1.0,0.9999998807907104
4088,1.0,0.9999998807907104
4089,1.0,0.9999998807907104
4090,1.0,0.9999998807907104
4091,1.0,0.9999998807907104
4092,1.0,0.9999998807907104
4093,1.0,0.9999998807907104
4094,1.0,0.9999998807907104
4095,1.0,0.9999998807907104
4096,1.0,0.9999998807907104
4097,1.0,0.9999998807907104
4098,1.0,0.9999998807907104
4099,1.0,0.9999998807907104
4100,1.0,0.9999998807907104
4101,1.0,0.9999998807907104
4102,1.0,0.9999998807907104
4103,1.0,0.9999998807907104
4104,1.0,0.9999998807907104
4105,1.0,0.9999998807907104
4106,1.0,0.9999998807907104
4107,1.0,0.9999998807907104
4108,1.0,0.9999998807907104
4109,1.0,0.9999998807907104
4110,1.0,0.9999998807907104
4111,1.0,0.9999998807907104
4112,1.0,0.9999998807907104
4113,1.0,0.9999998807907104
4114,1.0,0.9999998807907104
4115,1.0,0.9999998807907104
4116,1.0,0.9999998807907104
4117,1.0,0.9999998807907104
4118,1.0,0.9999998807907104
4119,1.0,0.9999998807907104
4120,1.0,0.9999998807907104
4121,1.0,0.9999998807907104
4122,1.0,0.9999998807907104
4123,1.0,0.9999998807907104
4124,1.0,0.9999998807907104
4125,1.0,0.9999998807907104
4126,1.0,0.9999998807907104
4127,1.0,0.9999998807907104
4128,1.0,0.9999998807907104
4129,1.0,0.9999998807907104
4130,1.0,0.9999998807907104
4131,1.0,0.9999998807907104
4132,1.0,0.9999998807907104
4133,1.0,0.9999998807907104
4134,1.0,0.9999998807907104
4135,1.0,0.9999998807907104
4136,1.0,0.9999998807907104
4137,1.0,0.9999998807907104
4138,1.0,0.9999998807907104
4139,1.0,0.9999998807907104
4140,1.0,0.9999998807907104
4141,1.0,0.9999998807907104
4142,1.0,0.9999998807907104
4143,1.0,0.9999998807907104
4144,1.0,0.9999998807907104
4145,1.0,0.9999998807907104
4146,1.0,0.9999998807907104
4147,1.0,0.9999998807907104
4148,1.0,0.9999998807907104
4149,1.0,0.9999998807907104
4150,1.0,0.9999998807907104
4151,1.0,0.9999998807907104
4152,1.0,0.9999998807907104
4153,1.0,0.9999998807907104
4154,1.0,0.9999998807907104
4155,1.0,0.9999998807907104
4156,1.0,0.9999998807907104
4157,1.0,0.9999998807907104
4158,1.0,0.9999998807907104
4159,1.0,0.9999998807907104
4160,1.0,0.9999998807907104
4161,1.0,0.9999998807907104
4162,1.0,0.9999998807907104
4163,1.0,0.9999998807907104
4164,1.0,0.9999998807907104
4165,1.0,0.9999998807907104
4166,1.0,0.9999998807907104
4167,1.0,0.9999998807907104
4168,1.0,0.9999998807907104
4169,1.0,0.9999998807907104
4170,1.0,0.9999998807907104
4171,1.0,0.9999998807907104
4172,1.0,0.9999998807907104
4173,1.0,0.9999998807907104
4174,1.0,0.9999998807907104
4175,1.0,0.9999998807907104
4176,1.0,0.9999998807907104
4177,1.0,0.9999998807907104
4178,1.0,0.9999998807907104
4179,1.0,0.9999998807907104
4180,1.0,0.9999998807907104
4181,1.0,0.9999998807907104
4182,1.0,0.9999998807907104
4183,1.0,0.9999998807907104
4184,1.0,0.9999998807907104
4185,1.0,0.9999998807907104
4186,1.0,0.9999998807907104
4187,1.0,0.9999998807907104
4188,1.0,0.9999998807907104
4189,1.0,0.9999998807907104
4190,1.0,0.9999998807907104
4191,1.0,0.9999998807907104
4192,1.0,0.9999998807907104
4193,1.0,0.9999998807907104
4194,1.0,0.9999998807907104
4195,1.0,0.9999998807907104
4196,1.0,0.9999998807907104
4197,1.0,0.9999998807907104
4198,1.0,0.9999998807907104
4199,1.0,0.9999998807907104
4200,1.0,0.9999998807907104
4201,1.0,0.9999998807907104
4202,1.0,0.9999998807907104
4203,1.0,0.9999998807907104
4204,1.0,0.9999998807907104
4205,1.0,0.9999998807907104
4206,1.0,0.9999998807907104
4207,1.0,0.9999998807907104
4208,1.0,0.9999998807907104
4209,1.0,0.9999998807907104
4210,1.0,0.9999998807907104
4211,1.0,0.9999998807907104
4212,1.0,0.9999998807907104
4213,1.0,0.9999998807907104
4214,1.0,0.9999998807907104
4215,1.0,0.9999998807907104
4216,1.0,0.9999998807907104
4217,1.0,0.9999998807907104
4218,1.0,0.9999998807907104
4219,1.0,0.9999998807907104
4220,1.0,0.9999998807907104
4221,1.0,0.9999998807907104
4222,1.0,0.9999998807907104
4223,1.0,0.9999998807907104
4224,1.0,0.9999998807907104
4225,1.0,0.9999998807907104
4226,1.0,0.9999998807907104
4227,1.0,0.9999998807907104
4228,1.0,0.9999998807907104
4229,1.0,0.9999998807907104
4230,1.0,0.9999998807907104
4231,1.0,0.9999998807907104
4232,1.0,0.9999998807907104
4233,1.0,0.9999998807907104
4234,1.0,0.9999998807907104
4235,1.0,0.9999998807907104
4236,1.0,0.9999998807907104
4237,1.0,0.9999998807907104
4238,1.0,0.9999998807907104
4239,1.0,0.9999998807907104
4240,1.0,0.9999998807907104
4241,1.0,0.9999998807907104
4242,1.0,0.9999998807907104
4243,1.0,0.9999998807907104
4244,1.0,0.9999998807907104
4245,1.0,0.9999998807907104
4246,1.0,0.9999998807907104
4247,1.0,0.9999998807907104
4248,1.0,0.9999998807907104
4249,1.0,0.9999998807907104
4250,1.0,0.9999998807907104
4251,1.0,0.9999998807907104
4252,1.0,0.9999998807907104
4253,1.0,0.9999998807907104
4254,1.0,0.9999998807907104
4255,1.0,0.9999998807907104
4256,1.0,0.9999998807907104
4257,1.0,0.9999998807907104
4258,1.0,0.9999998807907104
4259,1.0,0.9999998807907104
4260,1.0,0.9999998807907104
4261,1.0,0.9999998807907104
4262,1.0,0.9999998807907104
4263,1.0,0.9999998807907104
4264,1.0,0.9999998807907104
4265,1.0,0.9999998807907104
4266,1.0,0.9999998807907104
4267,1.0,0.9999998807907104
4268,1.0,0.9999998807907104
4269,1.0,0.9999998807907104
4270,1.0,0.9999998807907104
4271,1.0,0.9999998807907104
4272,1.0,0.9999998807907104
4273,1.0,0.9999998807907104
4274,1.0,0.9999998807907104
4275,1.0,0.9999998807907104
4276,1.0,0.9999998807907104
4277,1.0,0.9999998807907104
4278,1.0,0.9999998807907104
4279,1.0,0.9999998807907104
4280,1.0,0.9999998807907104
4281,1.0,0.9999998807907104
4282,1.0,0.9999998807907104
4283,1.0,0.9999998807907104
4284,1.0,0.9999998807907104
4285,1.0,0.9999998807907104
4286,1.0,0.9999998807907104
4287,1.0,0.9999998807907104
4288,1.0,0.9999998807907104
4289,1.0,0.9999998807907104
4290,1.0,0.9999998807907104
4291,1.0,0.9999998807907104
4292,1.0,0.9999998807907104
4293,1.0,0.9999998807907104
4294,1.0,0.9999998807907104
4295,1.0,0.9999998807907104
4296,1.0,0.9999998807907104
4297,1.0,0.9999998807907104
4298,1.0,0.9999998807907104
4299,1.0,0.9999998807907104
4300,1.0,0.9999998807907104
4301,1.0,0.9999998807907104
4302,1.0,0.9999998807907104
4303,1.0,0.9999998807907104
4304,1.0,0.9999998807907104
4305,1.0,0.9999998807907104
4306,1.0,0.9999998807907104
4307,1.0,0.9999998807907104
4308,1.0,0.9999998807907104
4309,1.0,0.9999998807907104
4310,1.0,0.9999998807907104
4311,1.0,0.9999998807907104
4312,1.0,0.9999998807907104
4313,1.0,0.9999998807907104
4314,1.0,0.9999998807907104
4315,1.0,0.9999998807907104
4316,1.0,0.9999998807907104
4317,1.0,0.9999998807907104
4318,1.0,0.9999998807907104
4319,1.0,0.9999998807907104
4320,1.0,0.9999998807907104
4321,1.0,0.9999998807907104
4322,1.0,0.9999998807907104
4323,1.0,0.9999998807907104
4324,1.0,0.9999998807907104
4325,1.0,0.9999998807907104
4326,1.0,0.9999998807907104
4327,1.0,0.9999998807907104
4328,1.0,0.9999998807907104
4329,1.0,0.9999998807907104
4330,1.0,0.9999998807907104
4331,1.0,0.9999998807907104
4332,1.0,0.9999998807907104
4333,1.0,0.9999998807907104
4334,1.0,0.9999998807907104
4335,1.0,0.9999998807907104
4336,1.0,0.9999998807907104
4337,1.0,0.9999998807907104
4338,1.0,0.9999998807907104
4339,1.0,0.9999998807907104
4340,1.0,0.9999998807907104
4341,1.0,0.9999998807907104
4342,1.0,0.9999998807907104
4343,1.0,0.9999998807907104
4344,1.0,0.9999998807907104
4345,1.0,0.9999998807907104
4346,1.0,0.9999998807907104
4347,1.0,0.9999998807907104
4348,1.0,0.9999998807907104
4349,1.0,0.9999998807907104
4350,1.0,0.9999998807907104
4351,1.0,0.9999998807907104
4352,1.0,0.9999998807907104
4353,1.0,0.9999998807907104
4354,1.0,0.9999998807907104
4355,1.0,0.9999998807907104
4356,1.0,0.9999998807907104
4357,1.0,0.9999998807907104
4358,1.0,0.9999998807907104
4359,1.0,0.9999998807907104
4360,1.0,0.9999998807907104
4361,1.0,0.9999998807907104
4362,1.0,0.9999998807907104
4363,1.0,0.9999998807907104
4364,1.0,0.9999998807907104
4365,1.0,0.9999998807907104
4366,1.0,0.9999998807907104
4367,1.0,0.9999998807907104
4368,1.0,0.9999998807907104
4369,1.0,0.9999998807907104
4370,1.0,0.9999998807907104
4371,1.0,0.9999998807907104
4372,1.0,0.9999998807907104
4373,1.0,0.9999998807907104
4374,1.0,0.9999998807907104
4375,1.0,0.9999998807907104
4376,1.0,0.9999998807907104
4377,1.0,0.9999998807907104
4378,1.0,0.9999998807907104
4379,1.0,0.9999998807907104
4380,1.0,0.9999998807907104
4381,1.0,0.9999998807907104
4382,1.0,0.9999998807907104
4383,1.0,0.9999998807907104
4384,1.0,0.9999998807907104
4385,1.0,0.9999998807907104
4386,1.0,0.9999998807907104
4387,1.0,0.9999998807907104
4388,1.0,0.9999998807907104
4389,1.0,0.9999998807907104
4390,1.0,0.9999998807907104
4391,1.0,0.9999998807907104
4392,1.0,0.9999998807907104
4393,1.0,0.9999998807907104
4394,1.0,0.9999998807907104
4395,1.0,0.9999998807907104
4396,1.0,0.9999998807907104
4397,1.0,0.9999998807907104
4398,1.0,0.9999998807907104
4399,1.0,0.9999998807907104
4400,1.0,0.9999998807907104
4401,1.0,0.9999998807907104
4402,1.0,0.9999998807907104
4403,1.0,0.9999998807907104
4404,1.0,0.9999998807907104
4405,1.0,0.9999998807907104
4406,1.0,0.9999998807907104
4407,1.0,0.9999998807907104
4408,1.0,0.9999998807907104
4409,1.0,0.9999998807907104
4410,1.0,0.9999998807907104
4411,1.0,0.9999998807907104
4412,1.0,0.9999998807907104
4413,1.0,0.9999998807907104
4414,1.0,0.9999998807907104
4415,1.0,0.9999998807907104
4416,1.0,0.9999998807907104
4417,1.0,0.9999998807907104
4418,1.0,0.9999998807907104
4419,1.0,0.9999998807907104
4420,1.0,0.9999998807907104
4421,1.0,0.9999998807907104
4422,1.0,0.9999998807907104
4423,1.0,0.9999998807907104
4424,1.0,0.9999998807907104
4425,1.0,0.9999998807907104
4426,1.0,0.9999998807907104
4427,1.0,0.9999998807907104
4428,1.0,0.9999998807907104
4429,1.0,0.9999998807907104
4430,1.0,0.9999998807907104
4431,1.0,0.9999998807907104
4432,1.0,0.9999998807907104
4433,1.0,0.9999998807907104
4434,1.0,0.9999998807907104
4435,1.0,0.9999998807907104
4436,1.0,0.9999998807907104
4437,1.0,0.9999998807907104
4438,1.0,0.9999998807907104
4439,1.0,0.9999998807907104
4440,1.0,0.9999998807907104
4441,1.0,0.9999998807907104
4442,1.0,0.9999998807907104
4443,1.0,0.9999998807907104
4444,1.0,0.9999998807907104
4445,1.0,0.9999998807907104
4446,1.0,0.9999998807907104
4447,1.0,0.9999998807907104
4448,1.0,0.9999998807907104
4449,1.0,0.9999998807907104
4450,1.0,0.9999998807907104
4451,1.0,0.9999998807907104
4452,1.0,0.9999998807907104
4453,1.0,0.9999998807907104
4454,1.0,0.9999998807907104
4455,1.0,0.9999998807907104
4456,1.0,0.9999998807907104
4457,1.0,0.9999998807907104
4458,1.0,0.9999998807907104
4459,1.0,0.9999998807907104
4460,1.0,0.9999998807907104
4461,1.0,0.9999998807907104
4462,1.0,0.9999998807907104
4463,1.0,0.9999998807907104
4464,1.0,0.9999998807907104
4465,1.0,0.9999998807907104
4466,1.0,0.9999998807907104
4467,1.0,0.9999998807907104
4468,1.0,0.9999998807907104
4469,1.0,0.9999998807907104
4470,1.0,0.9999998807907104
4471,1.0,0.9999998807907104
4472,1.0,0.9999998807907104
4473,1.0,0.9999998807907104
4474,1.0,0.9999998807907104
4475,1.0,0.9999998807907104
4476,1.0,0.9999998807907104
4477,1.0,0.9999998807907104
4478,1.0,0.9999998807907104
4479,1.0,0.9999998807907104
4480,1.0,0.9999998807907104
4481,1.0,0.9999998807907104
4482,1.0,0.9999998807907104
4483,1.0,0.9999998807907104
4484,1.0,0.9999998807907104
4485,1.0,0.9999998807907104
4486,1.0,0.9999998807907104
4487,1.0,0.9999998807907104
4488,1.0,0.9999998807907104
4489,1.0,0.9999998807907104
4490,1.0,0.9999998807907104
4491,1.0,0.9999998807907104
4492,1.0,0.9999998807907104
4493,1.0,0.9999998807907104
4494,1.0,0.9999998807907104
4495,1.0,0.9999998807907104
4496,1.0,0.9999998807907104
4497,1.0,0.9999998807907104
4498,1.0,0.9999998807907104
4499,1.0,0.9999998807907104
4500,1.0,0.9999998807907104
4501,1.0,0.9999998807907104
4502,1.0,0.9999998807907104
4503,1.0,0.9999998807907104
4504,1.0,0.9999998807907104
4505,1.0,0.9999998807907104
4506,1.0,0.9999998807907104
4507,1.0,0.9999998807907104
4508,1.0,0.9999998807907104
4509,1.0,0.9999998807907104
4510,1.0,0.9999998807907104
4511,1.0,0.9999998807907104
4512,1.0,0.9999998807907104
4513,1.0,0.9999998807907104
4514,1.0,0.9999998807907104
4515,1.0,0.9999998807907104
4516,1.0,0.9999998807907104
4517,1.0,0.9999998807907104
4518,1.0,0.9999998807907104
4519,1.0,0.9999998807907104
4520,1.0,0.9999998807907104
4521,1.0,0.9999998807907104
4522,1.0,0.9999998807907104
4523,1.0,0.9999998807907104
4524,1.0,0.9999998807907104
4525,1.0,0.9999998807907104
4526,1.0,0.9999998807907104
4527,1.0,0.9999998807907104
4528,1.0,0.9999998807907104
4529,1.0,0.9999998807907104
4530,1.0,0.9999998807907104
4531,1.0,0.9999998807907104
4532,1.0,0.9999998807907104
4533,1.0,0.9999998807907104
4534,1.0,0.9999998807907104
4535,1.0,0.9999998807907104
4536,1.0,0.9999998807907104
4537,1.0,0.9999998807907104
4538,1.0,0.9999998807907104
4539,1.0,0.9999998807907104
4540,1.0,0.9999998807907104
4541,1.0,0.9999998807907104
4542,1.0,0.9999998807907104
4543,1.0,0.9999998807907104
4544,1.0,0.9999998807907104
4545,1.0,0.9999998807907104
4546,1.0,0.9999998807907104
4547,1.0,0.9999998807907104
4548,1.0,0.9999998807907104
4549,1.0,0.9999998807907104
4550,1.0,0.9999998807907104
4551,1.0,0.9999998807907104
4552,1.0,0.9999998807907104
4553,1.0,0.9999998807907104
4554,1.0,0.9999998807907104
4555,1.0,0.9999998807907104
4556,1.0,0.9999998807907104
4557,1.0,0.9999998807907104
4558,1.0,0.9999998807907104
4559,1.0,0.9999998807907104
4560,1.0,0.9999998807907104
4561,1.0,0.9999998807907104
4562,1.0,0.9999998807907104
4563,1.0,0.9999998807907104
4564,1.0,0.9999998807907104
4565,1.0,0.9999998807907104
4566,1.0,0.9999998807907104
4567,1.0,0.9999998807907104
4568,1.0,0.9999998807907104
4569,1.0,0.9999998807907104
4570,1.0,0.9999998807907104
4571,1.0,0.9999998807907104
4572,1.0,0.9999998807907104
4573,1.0,0.9999998807907104
4574,1.0,0.9999998807907104
4575,1.0,0.9999998807907104
4576,1.0,0.9999998807907104
4577,1.0,0.9999998807907104
4578,1.0,0.9999998807907104
4579,1.0,0.9999998807907104
4580,1.0,0.9999998807907104
4581,1.0,0.9999998807907104
4582,1.0,0.9999998807907104
4583,1.0,0.9999998807907104
4584,1.0,0.9999998807907104
4585,1.0,0.9999998807907104
4586,1.0,0.9999998807907104
4587,1.0,0.9999998807907104
4588,1.0,0.9999998807907104
4589,1.0,0.9999998807907104
4590,1.0,0.9999998807907104
4591,1.0,0.9999998807907104
4592,1.0,0.9999998807907104
4593,1.0,0.9999998807907104
4594,1.0,0.9999998807907104
4595,1.0,0.9999998807907104
4596,1.0,0.9999998807907104
4597,1.0,0.9999998807907104
4598,1.0,0.9999998807907104
4599,1.0,0.9999998807907104
4600,1.0,0.9999998807907104
4601,1.0,0.9999998807907104
4602,1.0,0.9999998807907104
4603,1.0,0.9999998807907104
4604,1.0,0.9999998807907104
4605,1.0,0.9999998807907104
4606,1.0,0.9999998807907104
4607,1.0,0.9999998807907104
4608,1.0,0.9999998807907104
4609,1.0,0.9999998807907104
4610,1.0,0.9999998807907104
4611,1.0,0.9999998807907104
4612,1.0,0.9999998807907104
4613,1.0,0.9999998807907104
4614,1.0,0.9999998807907104
4615,1.0,0.9999998807907104
4616,1.0,0.9999998807907104
4617,1.0,0.9999998807907104
4618,1.0,0.9999998807907104
4619,1.0,0.9999998807907104
4620,1.0,0.9999998807907104
4621,1.0,0.9999998807907104
4622,1.0,0.9999998807907104
4623,1.0,0.9999998807907104
4624,1.0,0.9999998807907104
4625,1.0,0.9999998807907104
4626,1.0,0.9999998807907104
4627,1.0,0.9999998807907104
4628,1.0,0.9999998807907104
4629,1.0,0.9999998807907104
4630,1.0,0.9999998807907104
4631,1.0,0.9999998807907104
4632,1.0,0.9999998807907104
4633,1.0,0.9999998807907104
4634,1.0,0.9999998807907104
4635,1.0,0.9999998807907104
4636,1.0,0.9999998807907104
4637,1.0,0.9999998807907104
4638,1.0,0.9999998807907104
4639,1.0,0.9999998807907104
4640,1.0,0.9999998807907104
4641,1.0,0.9999998807907104
4642,1.0,0.9999998807907104
4643,1.0,0.9999998807907104
4644,1.0,0.9999998807907104
4645,1.0,0.9999998807907104
4646,1.0,0.9999998807907104
4647,1.0,0.9999998807907104
4648,1.0,0.9999998807907104
4649,1.0,0.9999998807907104
4650,1.0,0.9999998807907104
4651,1.0,0.9999998807907104
4652,1.0,0.9999998807907104
4653,1.0,0.9999998807907104
4654,1.0,0.9999998807907104
4655,1.0,0.9999998807907104
4656,1.0,0.9999998807907104
4657,1.0,0.9999998807907104
4658,1.0,0.9999998807907104
4659,1.0,0.9999998807907104
4660,1.0,0.9999998807907104
4661,1.0,0.9999998807907104
4662,1.0,0.9999998807907104
4663,1.0,0.9999998807907104
4664,1.0,0.9999998807907104
4665,1.0,0.9999998807907104
4666,1.0,0.9999998807907104
4667,1.0,0.9999998807907104
4668,1.0,0.9999998807907104
4669,1.0,0.9999998807907104
4670,1.0,0.9999998807907104
4671,1.0,0.9999998807907104
4672,1.0,0.9999998807907104
4673,1.0,0.9999998807907104
4674,1.0,0.9999998807907104
4675,1.0,0.9999998807907104
4676,1.0,0.9999998807907104
4677,1.0,0.9999998807907104
4678,1.0,0.9999998807907104
4679,1.0,0.9999998807907104
4680,1.0,0.9999998807907104
4681,1.0,0.9999998807907104
4682,1.0,0.9999998807907104
4683,1.0,0.9999998807907104
4684,1.0,0.9999998807907104
4685,1.0,0.9999998807907104
4686,1.0,0.9999998807907104
4687,1.0,0.9999998807907104
4688,1.0,0.9999998807907104
4689,1.0,0.9999998807907104
4690,1.0,0.9999998807907104
4691,1.0,0.9999998807907104
4692,1.0,0.9999998807907104
4693,1.0,0.9999998807907104
4694,1.0,0.9999998807907104
4695,1.0,0.9999998807907104
4696,1.0,0.9999998807907104
4697,1.0,0.9999998807907104
4698,1.0,0.9999998807907104
4699,1.0,0.9999998807907104
4700,1.0,0.9999998807907104
4701,1.0,0.9999998807907104
4702,1.0,0.9999998807907104
4703,1.0,0.9999998807907104
4704,1.0,0.9999998807907104
4705,1.0,0.9999998807907104
4706,1.0,0.9999998807907104
4707,1.0,0.9999998807907104
4708,1.0,0.9999998807907104
4709,1.0,0.9999998807907104
4710,1.0,0.9999998807907104
4711,1.0,0.9999998807907104
4712,1.0,0.9999998807907104
4713,1.0,0.9999998807907104
4714,1.0,0.9999998807907104
4715,1.0,0.9999998807907104
4716,1.0,0.9999998807907104
4717,1.0,0.9999998807907104
4718,1.0,0.9999998807907104
4719,1.0,0.9999998807907104
4720,1.0,0.9999998807907104
4721,1.0,0.9999998807907104
4722,1.0,0.9999998807907104
4723,1.0,0.9999998807907104
4724,1.0,0.9999998807907104
4725,1.0,0.9999998807907104
4726,1.0,0.9999998807907104
4727,1.0,0.9999998807907104
4728,1.0,0.9999998807907104
4729,1.0,0.9999998807907104
4730,1.0,0.9999998807907104
4731,1.0,0.9999998807907104
4732,1.0,0.9999998807907104
4733,1.0,0.9999998807907104
4734,1.0,0.9999998807907104
4735,1.0,0.9999998807907104
4736,1.0,0.9999998807907104
4737,1.0,0.9999998807907104
4738,1.0,0.9999998807907104
4739,1.0,0.9999998807907104
4740,1.0,0.9999998807907104
4741,1.0,0.9999998807907104
4742,1.0,0.9999998807907104
4743,1.0,0.9999998807907104
4744,1.0,0.9999998807907104
4745,1.0,0.9999998807907104
4746,1.0,0.9999998807907104
4747,1.0,0.9999998807907104
4748,1.0,0.9999998807907104
4749,1.0,0.9999998807907104
4750,1.0,0.9999998807907104
4751,1.0,0.9999998807907104
4752,1.0,0.9999998807907104
4753,1.0,0.9999998807907104
4754,1.0,0.9999998807907104
4755,1.0,0.9999998807907104
4756,1.0,0.9999998807907104
4757,1.0,0.9999998807907104
4758,1.0,0.9999998807907104
4759,1.0,0.9999998807907104
4760,1.0,0.9999998807907104
4761,1.0,0.9999998807907104
4762,1.0,0.9999998807907104
4763,1.0,0.9999998807907104
4764,1.0,0.9999998807907104
4765,1.0,0.9999998807907104
4766,1.0,0.9999998807907104
4767,1.0,0.9999998807907104
4768,1.0,0.9999998807907104
4769,1.0,0.9999998807907104
4770,1.0,0.9999998807907104
4771,1.0,0.9999998807907104
4772,1.0,0.9999998807907104
4773,1.0,0.9999998807907104
4774,1.0,0.9999998807907104
4775,1.0,0.9999998807907104
4776,1.0,0.9999998807907104
4777,1.0,0.9999998807907104
4778,1.0,0.9999998807907104
4779,1.0,0.9999998807907104
4780,1.0,0.9999998807907104
4781,1.0,0.9999998807907104
4782,1.0,0.9999998807907104
4783,1.0,0.9999998807907104
4784,1.0,0.9999998807907104
4785,1.0,0.9999998807907104
4786,1.0,0.9999998807907104
4787,1.0,0.9999998807907104
4788,1.0,0.9999998807907104
4789,1.0,0.9999998807907104
4790,1.0,0.9999998807907104
4791,1.0,0.9999998807907104
4792,1.0,0.9999998807907104
4793,1.0,0.9999998807907104
4794,1.0,0.9999998807907104
4795,1.0,0.9999998807907104
4796,1.0,0.9999998807907104
4797,1.0,0.9999998807907104
4798,1.0,0.9999998807907104
4799,1.0,0.9999998807907104
4800,1.0,0.9999998807907104
4801,1.0,0.9999998807907104
4802,1.0,0.9999998807907104
4803,1.0,0.9999998807907104
4804,1.0,0.9999998807907104
4805,1.0,0.9999998807907104
4806,1.0,0.9999998807907104
4807,1.0,0.9999998807907104
4808,1.0,0.9999998807907104
4809,1.0,0.9999998807907104
4810,1.0,0.9999998807907104
4811,1.0,0.9999998807907104
4812,1.0,0.9999998807907104
4813,1.0,0.9999998807907104
4814,1.0,0.9999998807907104
4815,1.0,0.9999998807907104
4816,1.0,0.9999998807907104
4817,1.0,0.9999998807907104
4818,1.0,0.9999998807907104
4819,1.0,0.9999998807907104
4820,1.0,0.9999998807907104
4821,1.0,0.9999998807907104
4822,1.0,0.9999998807907104
4823,1.0,0.9999998807907104
4824,1.0,0.9999998807907104
4825,1.0,0.9999998807907104
4826,1.0,0.9999998807907104
4827,1.0,0.9999998807907104
4828,1.0,0.9999998807907104
4829,1.0,0.9999998807907104
4830,1.0,0.9999998807907104
4831,1.0,0.9999998807907104
4832,1.0,0.9999998807907104
4833,1.0,0.9999998807907104
4834,1.0,0.9999998807907104
4835,1.0,0.9999998807907104
4836,1.0,0.9999998807907104
4837,1.0,0.9999998807907104
4838,1.0,0.9999998807907104
4839,1.0,0.9999998807907104
4840,1.0,0.9999998807907104
4841,1.0,0.9999998807907104
4842,1.0,0.9999998807907104
4843,1.0,0.9999998807907104
4844,1.0,0.9999998807907104
4845,1.0,0.9999998807907104
4846,1.0,0.9999998807907104
4847,1.0,0.9999998807907104
4848,1.0,0.9999998807907104
4849,1.0,0.9999998807907104
4850,1.0,0.9999998807907104
4851,1.0,0.9999998807907104
4852,1.0,0.9999998807907104
4853,1.0,0.9999998807907104
4854,1.0,0.9999998807907104
4855,1.0,0.9999998807907104
4856,1.0,0.9999998807907104
4857,1.0,0.9999998807907104
4858,1.0,0.9999998807907104
4859,1.0,0.9999998807907104
4860,1.0,0.9999998807907104
4861,1.0,0.9999998807907104
4862,1.0,0.9999998807907104
4863,1.0,0.9999998807907104
4864,1.0,0.9999998807907104
4865,1.0,0.9999998807907104
4866,1.0,0.9999998807907104
4867,1.0,0.9999998807907104
4868,1.0,0.9999998807907104
4869,1.0,0.9999998807907104
4870,1.0,0.9999998807907104
4871,1.0,0.9999998807907104
4872,1.0,0.9999998807907104
4873,1.0,0.9999998807907104
4874,1.0,0.9999998807907104
4875,1.0,0.9999998807907104
4876,1.0,0.9999998807907104
4877,1.0,0.9999998807907104
4878,1.0,0.9999998807907104
4879,1.0,0.9999998807907104
4880,1.0,0.9999998807907104
4881,1.0,0.9999998807907104
4882,1.0,0.9999998807907104
4883,1.0,0.9999998807907104
4884,1.0,0.9999998807907104
4885,1.0,0.9999998807907104
4886,1.0,0.9999998807907104
4887,1.0,0.9999998807907104
4888,1.0,0.9999998807907104
4889,1.0,0.9999998807907104
4890,1.0,0.9999998807907104
4891,1.0,0.9999998807907104
4892,1.0,0.9999998807907104
4893,1.0,0.9999998807907104
4894,1.0,0.9999998807907104
4895,1.0,0.9999998807907104
4896,1.0,0.9999998807907104
4897,1.0,0.9999998807907104
4898,1.0,0.9999998807907104
4899,1.0,0.9999998807907104
4900,1.0,0.9999998807907104
4901,1.0,0.9999998807907104
4902,1.0,0.9999998807907104
4903,1.0,0.9999998807907104
4904,1.0,0.9999998807907104
4905,1.0,0.9999998807907104
4906,1.0,0.9999998807907104
4907,1.0,0.9999998807907104
4908,1.0,0.9999998807907104
4909,1.0,0.9999998807907104
4910,1.0,0.9999998807907104
4911,1.0,0.9999998807907104
4912,1.0,0.9999998807907104
4913,1.0,0.9999998807907104
4914,1.0,0.9999998807907104
4915,1.0,0.9999998807907104
4916,1.0,0.9999998807907104
4917,1.0,0.9999998807907104
4918,1.0,0.9999998807907104
4919,1.0,0.9999998807907104
4920,1.0,0.9999998807907104
4921,1.0,0.9999998807907104
4922,1.0,0.9999998807907104
4923,1.0,0.9999998807907104
4924,1.0,0.9999998807907104
4925,1.0,0.9999998807907104
4926,1.0,0.9999998807907104
4927,1.0,0.9999998807907104
4928,1.0,0.9999998807907104
4929,1.0,0.9999998807907104
4930,1.0,0.9999998807907104
4931,1.0,0.9999998807907104
4932,1.0,0.9999998807907104
4933,1.0,0.9999998807907104
4934,1.0,0.9999998807907104
4935,1.0,0.9999998807907104
4936,1.0,0.9999998807907104
4937,1.0,0.9999998807907104
4938,1.0,0.9999998807907104
4939,1.0,0.9999998807907104
4940,1.0,0.9999998807907104
4941,1.0,0.9999998807907104
4942,1.0,0.9999998807907104
4943,1.0,0.9999998807907104
4944,1.0,0.9999998807907104
4945,1.0,0.9999998807907104
4946,1.0,0.9999998807907104
4947,1.0,0.9999998807907104
4948,1.0,0.9999998807907104
4949,1.0,0.9999998807907104
4950,1.0,0.9999998807907104
4951,1.0,0.9999998807907104
4952,1.0,0.9999998807907104
4953,1.0,0.9999998807907104
4954,1.0,0.9999998807907104
4955,1.0,0.9999998807907104
4956,1.0,0.9999998807907104
4957,1.0,0.9999998807907104
4958,1.0,0.9999998807907104
4959,1.0,0.9999998807907104
4960,1.0,0.9999998807907104
4961,1.0,0.9999998807907104
4962,1.0,0.9999998807907104
4963,1.0,0.9999998807907104
4964,1.0,0.9999998807907104
4965,1.0,0.9999998807907104
4966,1.0,0.9999998807907104
4967,1.0,0.9999998807907104
4968,1.0,0.9999998807907104
4969,1.0,0.9999998807907104
4970,1.0,0.9999998807907104
4971,1.0,0.9999998807907104
4972,1.0,0.9999998807907104
4973,1.0,0.9999998807907104
4974,1.0,0.9999998807907104
4975,1.0,0.9999998807907104
4976,1.0,0.9999998807907104
4977,1.0,0.9999998807907104
4978,1.0,0.9999998807907104
4979,1.0,0.9999998807907104
4980,1.0,0.9999998807907104
4981,1.0,0.9999998807907104
4982,1.0,0.9999998807907104
4983,1.0,0.9999998807907104
4984,1.0,0.9999998807907104
4985,1.0,0.9999998807907104
4986,1.0,0.9999998807907104
4987,1.0,0.9999998807907104
4988,1.0,0.9999998807907104
4989,1.0,0.9999998807907104
4990,1.0,0.9999998807907104
4991,1.0,0.9999998807907104
4992,1.0,0.9999998807907104
4993,1.0,0.9999998807907104
4994,1.0,0.9999998807907104
4995,1.0,0.9999998807907104
4996,1.0,0.9999998807907104
4997,1.0,0.9999998807907104
4998,1.0,0.9999998807907104
4999,1.0,0.9999998807907104
5000,1.0,0.9999998807907104
5001,1.0,0.9999998807907104
5002,1.0,0.9999998807907104
5003,1.0,0.9999998807907104
5004,1.0,0.9999998807907104
5005,1.0,0.9999998807907104
5006,1.0,0.9999998807907104
5007,1.0,0.9999998807907104
5008,1.0,0.9999998807907104
5009,1.0,0.9999998807907104
5010,1.0,0.9999998807907104
5011,1.0,0.9999998807907104
5012,1.0,0.9999998807907104
5013,1.0,0.9999998807907104
5014,1.0,0.9999998807907104
5015,1.0,0.9999998807907104
5016,1.0,0.9999998807907104
5017,1.0,0.9999998807907104
5018,1.0,0.9999998807907104
5019,1.0,0.9999998807907104
5020,1.0,0.9999998807907104
5021,1.0,0.9999998807907104
5022,1.0,0.9999998807907104
5023,1.0,0.9999998807907104
5024,1.0,0.9999998807907104
5025,1.0,0.9999998807907104
5026,1.0,0.9999998807907104
5027,1.0,0.9999998807907104
5028,1.0,0.9999998807907104
5029,1.0,0.9999998807907104
5030,1.0,0.9999998807907104
5031,1.0,0.9999998807907104
5032,1.0,0.9999998807907104
5033,1.0,0.9999998807907104
5034,1.0,0.9999998807907104
5035,1.0,0.9999998807907104
5036,1.0,0.9999998807907104
5037,1.0,0.9999998807907104
5038,1.0,0.9999998807907104
5039,1.0,0.9999998807907104
5040,1.0,0.9999998807907104
5041,1.0,0.9999998807907104
5042,1.0,0.9999998807907104
5043,1.0,0.9999998807907104
5044,1.0,0.9999998807907104
5045,1.0,0.9999998807907104
5046,1.0,0.9999998807907104
5047,1.0,0.9999998807907104
5048,1.0,0.9999998807907104
5049,1.0,0.9999998807907104
5050,1.0,0.9999998807907104
5051,1.0,0.9999998807907104
5052,1.0,0.9999998807907104
5053,1.0,0.9999998807907104
5054,1.0,0.9999998807907104
5055,1.0,0.9999998807907104
5056,1.0,0.9999998807907104
5057,1.0,0.9999998807907104
5058,1.0,0.9999998807907104
5059,1.0,0.9999998807907104
5060,1.0,0.9999998807907104
5061,1.0,0.9999998807907104
5062,1.0,0.9999998807907104
5063,1.0,0.9999998807907104
5064,1.0,0.9999998807907104
5065,1.0,0.9999998807907104
5066,1.0,0.9999998807907104
5067,1.0,0.9999998807907104
5068,1.0,0.9999998807907104
5069,1.0,0.9999998807907104
5070,1.0,0.9999998807907104
5071,1.0,0.9999998807907104
5072,1.0,0.9999998807907104
5073,1.0,0.9999998807907104
5074,1.0,0.9999998807907104
5075,1.0,0.9999998807907104
5076,1.0,0.9999998807907104
5077,1.0,0.9999998807907104
5078,1.0,0.9999998807907104
5079,1.0,0.9999998807907104
5080,1.0,0.9999998807907104
5081,1.0,0.9999998807907104
5082,1.0,0.9999998807907104
5083,1.0,0.9999998807907104
5084,1.0,0.9999998807907104
5085,1.0,0.9999998807907104
5086,1.0,0.9999998807907104
5087,1.0,0.9999998807907104
5088,1.0,0.9999998807907104
5089,1.0,0.9999998807907104
5090,1.0,0.9999998807907104
5091,1.0,0.9999998807907104
5092,1.0,0.9999998807907104
5093,1.0,0.9999998807907104
5094,1.0,0.9999998807907104
5095,1.0,0.9999998807907104
5096,1.0,0.9999998807907104
5097,1.0,0.9999998807907104
5098,1.0,0.9999998807907104
5099,1.0,0.9999998807907104
5100,1.0,0.9999998807907104
5101,1.0,0.9999998807907104
5102,1.0,0.9999998807907104
5103,1.0,0.9999998807907104
5104,1.0,0.9999998807907104
5105,1.0,0.9999998807907104
5106,1.0,0.9999998807907104
5107,1.0,0.9999998807907104
5108,1.0,0.9999998807907104
5109,1.0,0.9999998807907104
5110,1.0,0.9999998807907104
5111,1.0,0.9999998807907104
5112,1.0,0.9999998807907104
5113,1.0,0.9999998807907104
5114,1.0,0.9999998807907104
5115,1.0,0.9999998807907104
5116,1.0,0.9999998807907104
5117,1.0,0.9999998807907104
5118,1.0,0.9999998807907104
5119,1.0,0.9999998807907104
5120,1.0,0.9999998807907104
5121,1.0,0.9999998807907104
5122,1.0,0.9999998807907104
5123,1.0,0.9999998807907104
5124,1.0,0.9999998807907104
5125,1.0,0.9999998807907104
5126,1.0,0.9999998807907104
5127,1.0,0.9999998807907104
5128,1.0,0.9999998807907104
5129,1.0,0.9999998807907104
5130,1.0,0.9999998807907104
5131,1.0,0.9999998807907104
5132,1.0,0.9999998807907104
5133,1.0,0.9999998807907104
5134,1.0,0.9999998807907104
5135,1.0,0.9999998807907104
5136,1.0,0.9999998807907104
5137,1.0,0.9999998807907104
5138,1.0,0.9999998807907104
5139,1.0,0.9999998807907104
5140,1.0,0.9999998807907104
5141,1.0,0.9999998807907104
5142,1.0,0.9999998807907104
5143,1.0,0.9999998807907104
5144,1.0,0.9999998807907104
5145,1.0,0.9999998807907104
5146,1.0,0.9999998807907104
5147,1.0,0.9999998807907104
5148,1.0,0.9999998807907104
5149,1.0,0.9999998807907104
5150,1.0,0.9999998807907104
5151,1.0,0.9999998807907104
5152,1.0,0.9999998807907104
5153,1.0,0.9999998807907104
5154,1.0,0.9999998807907104
5155,1.0,0.9999998807907104
5156,1.0,0.9999998807907104
5157,1.0,0.9999998807907104
5158,1.0,0.9999998807907104
5159,1.0,0.9999998807907104
5160,1.0,0.9999998807907104
5161,1.0,0.9999998807907104
5162,1.0,0.9999998807907104
5163,1.0,0.9999998807907104
5164,1.0,0.9999998807907104
5165,1.0,0.9999998807907104
5166,1.0,0.9999998807907104
5167,1.0,0.9999998807907104
5168,1.0,0.9999998807907104
5169,1.0,0.9999998807907104
5170,1.0,0.9999998807907104
5171,1.0,0.9999998807907104
5172,1.0,0.9999998807907104
5173,1.0,0.9999998807907104
5174,1.0,0.9999998807907104
5175,1.0,0.9999998807907104
5176,1.0,0.9999998807907104
5177,1.0,0.9999998807907104
5178,1.0,0.9999998807907104
5179,1.0,0.9999998807907104
5180,1.0,0.9999998807907104
5181,1.0,0.9999998807907104
5182,1.0,0.9999998807907104
5183,1.0,0.9999998807907104
5184,1.0,0.9999998807907104
5185,1.0,0.9999998807907104
5186,1.0,0.9999998807907104
5187,1.0,0.9999998807907104
5188,1.0,0.9999998807907104
5189,1.0,0.9999998807907104
5190,1.0,0.9999998807907104
5191,1.0,0.9999998807907104
5192,1.0,0.9999998807907104
5193,1.0,0.9999998807907104
5194,1.0,0.9999998807907104
5195,1.0,0.9999998807907104
5196,1.0,0.9999998807907104
5197,1.0,0.9999998807907104
5198,1.0,0.9999998807907104
5199,1.0,0.9999998807907104
5200,1.0,0.9999998807907104
5201,1.0,0.9999998807907104
5202,1.0,0.9999998807907104
5203,1.0,0.9999998807907104
5204,1.0,0.9999998807907104
5205,1.0,0.9999998807907104
5206,1.0,0.9999998807907104
5207,1.0,0.9999998807907104
5208,1.0,0.9999998807907104
5209,1.0,0.9999998807907104
5210,1.0,0.9999998807907104
5211,1.0,0.9999998807907104
5212,1.0,0.9999998807907104
5213,1.0,0.9999998807907104
5214,1.0,0.9999998807907104
5215,1.0,0.9999998807907104
5216,1.0,0.9999998807907104
5217,1.0,0.9999998807907104
5218,1.0,0.9999998807907104
5219,1.0,0.9999998807907104
5220,1.0,0.9999998807907104
5221,1.0,0.9999998807907104
5222,1.0,0.9999998807907104
5223,1.0,0.9999998807907104
5224,1.0,0.9999998807907104
5225,1.0,0.9999998807907104
5226,1.0,0.9999998807907104
5227,1.0,0.9999998807907104
5228,1.0,0.9999998807907104
5229,1.0,0.9999998807907104
5230,1.0,0.9999998807907104
5231,1.0,0.9999998807907104
5232,1.0,0.9999998807907104
5233,1.0,0.9999998807907104
5234,1.0,0.9999998807907104
5235,1.0,0.9999998807907104
5236,1.0,0.9999998807907104
5237,1.0,0.9999998807907104
5238,1.0,0.9999998807907104
5239,1.0,0.9999998807907104
5240,1.0,0.9999998807907104
5241,1.0,0.9999998807907104
5242,1.0,0.9999998807907104
5243,1.0,0.9999998807907104
5244,1.0,0.9999998807907104
5245,1.0,0.9999998807907104
5246,1.0,0.9999998807907104
5247,1.0,0.9999998807907104
5248,1.0,0.9999998807907104
5249,1.0,0.9999998807907104
5250,1.0,0.9999998807907104
5251,1.0,0.9999998807907104
5252,1.0,0.9999998807907104
5253,1.0,0.9999998807907104
5254,1.0,0.9999998807907104
5255,1.0,0.9999998807907104
5256,1.0,0.9999998807907104
5257,1.0,0.9999998807907104
5258,1.0,0.9999998807907104
5259,1.0,0.9999998807907104
5260,1.0,0.9999998807907104
5261,1.0,0.9999998807907104
5262,1.0,0.9999998807907104
5263,1.0,0.9999998807907104
5264,1.0,0.9999998807907104
5265,1.0,0.9999998807907104
5266,1.0,0.9999998807907104
5267,1.0,0.9999998807907104
5268,1.0,0.9999998807907104
5269,1.0,0.9999998807907104
5270,1.0,0.9999998807907104
5271,1.0,0.9999998807907104
5272,1.0,0.9999998807907104
5273,1.0,0.9999998807907104
5274,1.0,0.9999998807907104
5275,1.0,0.9999998807907104
5276,1.0,0.9999998807907104
5277,1.0,0.9999998807907104
5278,1.0,0.9999998807907104
5279,1.0,0.9999998807907104
5280,1.0,0.9999998807907104
5281,1.0,0.9999998807907104
5282,1.0,0.9999998807907104
5283,1.0,0.9999998807907104
5284,1.0,0.9999998807907104
5285,1.0,0.9999998807907104
5286,1.0,0.9999998807907104
5287,1.0,0.9999998807907104
5288,1.0,0.9999998807907104
5289,1.0,0.9999998807907104
5290,1.0,0.9999998807907104
5291,1.0,0.9999998807907104
5292,1.0,0.9999998807907104
5293,1.0,0.9999998807907104
5294,1.0,0.9999998807907104
5295,1.0,0.9999998807907104
5296,1.0,0.9999998807907104
5297,1.0,0.9999998807907104
5298,1.0,0.9999998807907104
5299,1.0,0.9999998807907104
5300,1.0,0.9999998807907104
5301,1.0,0.9999998807907104
5302,1.0,0.9999998807907104
5303,1.0,0.9999998807907104
5304,1.0,0.9999998807907104
5305,1.0,0.9999998807907104
5306,1.0,0.9999998807907104
5307,1.0,0.9999998807907104
5308,1.0,0.9999998807907104
5309,1.0,0.9999998807907104
5310,1.0,0.9999998807907104
5311,1.0,0.9999998807907104
5312,1.0,0.9999998807907104
5313,1.0,0.9999998807907104
5314,1.0,0.9999998807907104
5315,1.0,0.9999998807907104
5316,1.0,0.9999998807907104
5317,1.0,0.9999998807907104
5318,1.0,0.9999998807907104
5319,1.0,0.9999998807907104
5320,1.0,0.9999998807907104
5321,1.0,0.9999998807907104
5322,1.0,0.9999998807907104
5323,1.0,0.9999998807907104
5324,1.0,0.9999998807907104
5325,1.0,0.9999998807907104
5326,1.0,0.9999998807907104
5327,1.0,0.9999998807907104
5328,1.0,0.9999998807907104
5329,1.0,0.9999998807907104
5330,1.0,0.9999998807907104
5331,1.0,0.9999998807907104
5332,1.0,0.9999998807907104
5333,1.0,0.9999998807907104
5334,1.0,0.9999998807907104
5335,1.0,0.9999998807907104
5336,1.0,0.9999998807907104
5337,1.0,0.9999998807907104
5338,1.0,0.9999998807907104
5339,1.0,0.9999998807907104
5340,1.0,0.9999998807907104
5341,1.0,0.9999998807907104
5342,1.0,0.9999998807907104
5343,1.0,0.9999998807907104
5344,1.0,0.9999998807907104
5345,1.0,0.9999998807907104
5346,1.0,0.9999998807907104
5347,1.0,0.9999998807907104
5348,1.0,0.9999998807907104
5349,1.0,0.9999998807907104
5350,1.0,0.9999998807907104
5351,1.0,0.9999998807907104
5352,1.0,0.9999998807907104
5353,1.0,0.9999998807907104
5354,1.0,0.9999998807907104
5355,1.0,0.9999998807907104
5356,1.0,0.9999998807907104
5357,1.0,0.9999998807907104
5358,1.0,0.9999998807907104
5359,1.0,0.9999998807907104
5360,1.0,0.9999998807907104
5361,1.0,0.9999998807907104
5362,1.0,0.9999998807907104
5363,1.0,0.9999998807907104
5364,1.0,0.9999998807907104
5365,1.0,0.9999998807907104
5366,1.0,0.9999998807907104
5367,1.0,0.9999998807907104
5368,1.0,0.9999998807907104
5369,1.0,0.9999998807907104
5370,1.0,0.9999998807907104
5371,1.0,0.9999998807907104
5372,1.0,0.9999998807907104
5373,1.0,0.9999998807907104
5374,1.0,0.9999998807907104
5375,1.0,0.9999998807907104
5376,1.0,0.9999998807907104
5377,1.0,0.9999998807907104
5378,1.0,0.9999998807907104
5379,1.0,0.9999998807907104
5380,1.0,0.9999998807907104
5381,1.0,0.9999998807907104
5382,1.0,0.9999998807907104
5383,1.0,0.9999998807907104
5384,1.0,0.9999998807907104
5385,1.0,0.9999998807907104
5386,1.0,0.9999998807907104
5387,1.0,0.9999998807907104
5388,1.0,0.9999998807907104
5389,1.0,0.9999998807907104
5390,1.0,0.9999998807907104
5391,1.0,0.9999998807907104
5392,1.0,0.9999998807907104
5393,1.0,0.9999998807907104
5394,1.0,0.9999998807907104
5395,1.0,0.9999998807907104
5396,1.0,0.9999998807907104
5397,1.0,0.9999998807907104
5398,1.0,0.9999998807907104
5399,1.0,0.9999998807907104
5400,1.0,0.9999998807907104
5401,1.0,0.9999998807907104
5402,1.0,0.9999998807907104
5403,1.0,0.9999998807907104
5404,1.0,0.9999998807907104
5405,1.0,0.9999998807907104
5406,1.0,0.9999998807907104
5407,1.0,0.9999998807907104
5408,1.0,0.9999998807907104
5409,1.0,0.9999998807907104
5410,1.0,0.9999998807907104
5411,1.0,0.9999998807907104
5412,1.0,0.9999998807907104
5413,1.0,0.9999998807907104
5414,1.0,0.9999998807907104
5415,1.0,0.9999998807907104
5416,1.0,0.9999998807907104
5417,1.0,0.9999998807907104
5418,1.0,0.9999998807907104
5419,1.0,0.9999998807907104
5420,1.0,0.9999998807907104
5421,1.0,0.9999998807907104
5422,1.0,0.9999998807907104
5423,1.0,0.9999998807907104
5424,1.0,0.9999998807907104
5425,1.0,0.9999998807907104
5426,1.0,0.9999998807907104
5427,1.0,0.9999998807907104
5428,1.0,0.9999998807907104
5429,1.0,0.9999998807907104
5430,1.0,0.9999998807907104
5431,1.0,0.9999998807907104
5432,1.0,0.9999998807907104
5433,1.0,0.9999998807907104
5434,1.0,0.9999998807907104
5435,1.0,0.9999998807907104
5436,1.0,0.9999998807907104
5437,1.0,0.9999998807907104
5438,1.0,0.9999998807907104
5439,1.0,0.9999998807907104
5440,1.0,0.9999998807907104
5441,1.0,0.9999998807907104
5442,1.0,0.9999998807907104
5443,1.0,0.9999998807907104
5444,1.0,0.9999998807907104
5445,1.0,0.9999998807907104
5446,1.0,0.9999998807907104
5447,1.0,0.9999998807907104
5448,1.0,0.9999998807907104
5449,1.0,0.9999998807907104
5450,1.0,0.9999998807907104
5451,1.0,0.9999998807907104
5452,1.0,0.9999998807907104
5453,1.0,0.9999998807907104
5454,1.0,0.9999998807907104
5455,1.0,0.9999998807907104
5456,1.0,0.9999998807907104
5457,1.0,0.9999998807907104
5458,1.0,0.9999998807907104
5459,1.0,0.9999998807907104
5460,1.0,0.9999998807907104
5461,1.0,0.9999998807907104
5462,1.0,0.9999998807907104
5463,1.0,0.9999998807907104
5464,1.0,0.9999998807907104
5465,1.0,0.9999998807907104
5466,1.0,0.9999998807907104
5467,1.0,0.9999998807907104
5468,1.0,0.9999998807907104
5469,1.0,0.9999998807907104
5470,1.0,0.9999998807907104
5471,1.0,0.9999998807907104
5472,1.0,0.9999998807907104
5473,1.0,0.9999998807907104
5474,1.0,0.9999998807907104
5475,1.0,0.9999998807907104
5476,1.0,0.9999998807907104
5477,1.0,0.9999998807907104
5478,1.0,0.9999998807907104
5479,1.0,0.9999998807907104
5480,1.0,0.9999998807907104
5481,1.0,0.9999998807907104
5482,1.0,0.9999998807907104
5483,1.0,0.9999998807907104
5484,1.0,0.9999998807907104
5485,1.0,0.9999998807907104
5486,1.0,0.9999998807907104
5487,1.0,0.9999998807907104
5488,1.0,0.9999998807907104
5489,1.0,0.9999998807907104
5490,1.0,0.9999998807907104
5491,1.0,0.9999998807907104
5492,1.0,0.9999998807907104
5493,1.0,0.9999998807907104
5494,1.0,0.9999998807907104
5495,1.0,0.9999998807907104
5496,1.0,0.9999998807907104
5497,1.0,0.9999998807907104
5498,1.0,0.9999998807907104
5499,1.0,0.9999998807907104
5500,1.0,0.9999998807907104
5501,1.0,0.9999998807907104
5502,1.0,0.9999998807907104
5503,1.0,0.9999998807907104
5504,1.0,0.9999998807907104
5505,1.0,0.9999998807907104
5506,1.0,0.9999998807907104
5507,1.0,0.9999998807907104
5508,1.0,0.9999998807907104
5509,1.0,0.9999998807907104
5510,1.0,0.9999998807907104
5511,1.0,0.9999998807907104
5512,1.0,0.9999998807907104
5513,1.0,0.9999998807907104
5514,1.0,0.9999998807907104
5515,1.0,0.9999998807907104
5516,1.0,0.9999998807907104
5517,1.0,0.9999998807907104
5518,1.0,0.9999998807907104
5519,1.0,0.9999998807907104
5520,1.0,0.9999998807907104
5521,1.0,0.9999998807907104
5522,1.0,0.9999998807907104
5523,1.0,0.9999998807907104
5524,1.0,0.9999998807907104
5525,1.0,0.9999998807907104
5526,1.0,0.9999998807907104
5527,1.0,0.9999998807907104
5528,1.0,0.9999998807907104
5529,1.0,0.9999998807907104
5530,1.0,0.9999998807907104
5531,1.0,0.9999998807907104
5532,1.0,0.9999998807907104
5533,1.0,0.9999998807907104
5534,1.0,0.9999998807907104
5535,1.0,0.9999998807907104
5536,1.0,0.9999998807907104
5537,1.0,0.9999998807907104
5538,1.0,0.9999998807907104
5539,1.0,0.9999998807907104
5540,1.0,0.9999998807907104
5541,1.0,0.9999998807907104
5542,1.0,0.9999998807907104
5543,1.0,0.9999998807907104
5544,1.0,0.9999998807907104
5545,1.0,0.9999998807907104
5546,1.0,0.9999998807907104
5547,1.0,0.9999998807907104
5548,1.0,0.9999998807907104
5549,1.0,0.9999998807907104
5550,1.0,0.9999998807907104
5551,1.0,0.9999998807907104
5552,1.0,0.9999998807907104
5553,1.0,0.9999998807907104
5554,1.0,0.9999998807907104
5555,1.0,0.9999998807907104
5556,1.0,0.9999998807907104
5557,1.0,0.9999998807907104
5558,1.0,0.9999998807907104
5559,1.0,0.9999998807907104
5560,1.0,0.9999998807907104
5561,1.0,0.9999998807907104
5562,1.0,0.9999998807907104
5563,1.0,0.9999998807907104
5564,1.0,0.9999998807907104
5565,1.0,0.9999998807907104
5566,1.0,0.9999998807907104
5567,1.0,0.9999998807907104
5568,1.0,0.9999998807907104
5569,1.0,0.9999998807907104
5570,1.0,0.9999998807907104
5571,1.0,0.9999998807907104
5572,1.0,0.9999998807907104
5573,1.0,0.9999998807907104
5574,1.0,0.9999998807907104
5575,1.0,0.9999998807907104
5576,1.0,0.9999998807907104
5577,1.0,0.9999998807907104
5578,1.0,0.9999998807907104
5579,1.0,0.9999998807907104
5580,1.0,0.9999998807907104
5581,1.0,0.9999998807907104
5582,1.0,0.9999998807907104
5583,1.0,0.9999998807907104
5584,1.0,0.9999998807907104
5585,1.0,0.9999998807907104
5586,1.0,0.9999998807907104
5587,1.0,0.9999998807907104
5588,1.0,0.9999998807907104
5589,1.0,0.9999998807907104
5590,1.0,0.9999998807907104
5591,1.0,0.9999998807907104
5592,1.0,0.9999998807907104
5593,1.0,0.9999998807907104
5594,1.0,0.9999998807907104
5595,1.0,0.9999998807907104
5596,1.0,0.9999998807907104
5597,1.0,0.9999998807907104
5598,1.0,0.9999998807907104
5599,1.0,0.9999998807907104
5600,1.0,0.9999998807907104
5601,1.0,0.9999998807907104
5602,1.0,0.9999998807907104
5603,1.0,0.9999998807907104
5604,1.0,0.9999998807907104
5605,1.0,0.9999998807907104
5606,1.0,0.9999998807907104
5607,1.0,0.9999998807907104
5608,1.0,0.9999998807907104
5609,1.0,0.9999998807907104
5610,1.0,0.9999998807907104
5611,1.0,0.9999998807907104
5612,1.0,0.9999998807907104
5613,1.0,0.9999998807907104
5614,1.0,0.9999998807907104
5615,1.0,0.9999998807907104
5616,1.0,0.9999998807907104
5617,1.0,0.9999998807907104
5618,1.0,0.9999998807907104
5619,1.0,0.9999998807907104
5620,1.0,0.9999998807907104
5621,1.0,0.9999998807907104
5622,1.0,0.9999998807907104
5623,1.0,0.9999998807907104
5624,1.0,0.9999998807907104
5625,1.0,0.9999998807907104
5626,1.0,0.9999998807907104
5627,1.0,0.9999998807907104
5628,1.0,0.9999998807907104
5629,1.0,0.9999998807907104
5630,1.0,0.9999998807907104
5631,1.0,0.9999998807907104
5632,1.0,0.9999998807907104
5633,1.0,0.9999998807907104
5634,1.0,0.9999998807907104
5635,1.0,0.9999998807907104
5636,1.0,0.9999998807907104
5637,1.0,0.9999998807907104
5638,1.0,0.9999998807907104
5639,1.0,0.9999998807907104
5640,1.0,0.9999998807907104
5641,1.0,0.9999998807907104
5642,1.0,0.9999998807907104
5643,1.0,0.9999998807907104
5644,1.0,0.9999998807907104
5645,1.0,0.9999998807907104
5646,1.0,0.9999998807907104
5647,1.0,0.9999998807907104
5648,1.0,0.9999998807907104
5649,1.0,0.9999998807907104
5650,1.0,0.9999998807907104
5651,1.0,0.9999998807907104
5652,1.0,0.9999998807907104
5653,1.0,0.9999998807907104
5654,1.0,0.9999998807907104
5655,1.0,0.9999998807907104
5656,1.0,0.9999998807907104
5657,1.0,0.9999998807907104
5658,1.0,0.9999998807907104
5659,1.0,0.9999998807907104
5660,1.0,0.9999998807907104
5661,1.0,0.9999998807907104
5662,1.0,0.9999998807907104
5663,1.0,0.9999998807907104
5664,1.0,0.9999998807907104
5665,1.0,0.9999998807907104
5666,1.0,0.9999998807907104
5667,1.0,0.9999998807907104
5668,1.0,0.9999998807907104
5669,1.0,0.9999998807907104
5670,1.0,0.9999998807907104
5671,1.0,0.9999998807907104
5672,1.0,0.9999998807907104
5673,1.0,0.9999998807907104
5674,1.0,0.9999998807907104
5675,1.0,0.9999998807907104
5676,1.0,0.9999998807907104
5677,1.0,0.9999998807907104
5678,1.0,0.9999998807907104
5679,1.0,0.9999998807907104
5680,1.0,0.9999998807907104
5681,1.0,0.9999998807907104
5682,1.0,0.9999998807907104
5683,1.0,0.9999998807907104
5684,1.0,0.9999998807907104
5685,1.0,0.9999998807907104
5686,1.0,0.9999998807907104
5687,1.0,0.9999998807907104
5688,1.0,0.9999998807907104
5689,1.0,0.9999998807907104
5690,1.0,0.9999998807907104
5691,1.0,0.9999998807907104
5692,1.0,0.9999998807907104
5693,1.0,0.9999998807907104
5694,1.0,0.9999998807907104
5695,1.0,0.9999998807907104
5696,1.0,0.9999998807907104
5697,1.0,0.9999998807907104
5698,1.0,0.9999998807907104
5699,1.0,0.9999998807907104
5700,1.0,0.9999998807907104
5701,1.0,0.9999998807907104
5702,1.0,0.9999998807907104
5703,1.0,0.9999998807907104
5704,1.0,0.9999998807907104
5705,1.0,0.9999998807907104
5706,1.0,0.9999998807907104
5707,1.0,0.9999998807907104
5708,1.0,0.9999998807907104
5709,1.0,0.9999998807907104
5710,1.0,0.9999998807907104
5711,1.0,0.9999998807907104
5712,1.0,0.9999998807907104
5713,1.0,0.9999998807907104
5714,1.0,0.9999998807907104
5715,1.0,0.9999998807907104
5716,1.0,0.9999998807907104
5717,1.0,0.9999998807907104
5718,1.0,0.9999998807907104
5719,1.0,0.9999998807907104
5720,1.0,0.9999998807907104
5721,1.0,0.9999998807907104
5722,1.0,0.9999998807907104
5723,1.0,0.9999998807907104
5724,1.0,0.9999998807907104
5725,1.0,0.9999998807907104
5726,1.0,0.9999998807907104
5727,1.0,0.9999998807907104
5728,1.0,0.9999998807907104
5729,1.0,0.9999998807907104
5730,1.0,0.9999998807907104
5731,1.0,0.9999998807907104
5732,1.0,0.9999998807907104
5733,1.0,0.9999998807907104
5734,1.0,0.9999998807907104
5735,1.0,0.9999998807907104
5736,1.0,0.9999998807907104
5737,1.0,0.9999998807907104
5738,1.0,0.9999998807907104
5739,1.0,0.9999998807907104
5740,1.0,0.9999998807907104
5741,1.0,0.9999998807907104
5742,1.0,0.9999998807907104
5743,1.0,0.9999998807907104
5744,1.0,0.9999998807907104
5745,1.0,0.9999998807907104
5746,1.0,0.9999998807907104
5747,1.0,0.9999998807907104
5748,1.0,0.9999998807907104
5749,1.0,0.9999998807907104
5750,1.0,0.9999998807907104
5751,1.0,0.9999998807907104
5752,1.0,0.9999998807907104
5753,1.0,0.9999998807907104
5754,1.0,0.9999998807907104
5755,1.0,0.9999998807907104
5756,1.0,0.9999998807907104
5757,1.0,0.9999998807907104
5758,1.0,0.9999998807907104
5759,1.0,0.9999998807907104
5760,1.0,0.9999998807907104
5761,1.0,0.9999998807907104
5762,1.0,0.9999998807907104
5763,1.0,0.9999998807907104
5764,1.0,0.9999998807907104
5765,1.0,0.9999998807907104
5766,1.0,0.9999998807907104
5767,1.0,0.9999998807907104
5768,1.0,0.9999998807907104
5769,1.0,0.9999998807907104
5770,1.0,0.9999998807907104
5771,1.0,0.9999998807907104
5772,1.0,0.9999998807907104
5773,1.0,0.9999998807907104
5774,1.0,0.9999998807907104
5775,1.0,0.9999998807907104
5776,1.0,0.9999998807907104
5777,1.0,0.9999998807907104
5778,1.0,0.9999998807907104
5779,1.0,0.9999998807907104
5780,1.0,0.9999998807907104
5781,1.0,0.9999998807907104
5782,1.0,0.9999998807907104
5783,1.0,0.9999998807907104
5784,1.0,0.9999998807907104
5785,1.0,0.9999998807907104
5786,1.0,0.9999998807907104
5787,1.0,0.9999998807907104
5788,1.0,0.9999998807907104
5789,1.0,0.9999998807907104
5790,1.0,0.9999998807907104
5791,1.0,0.9999998807907104
5792,1.0,0.9999998807907104
5793,1.0,0.9999998807907104
5794,1.0,0.9999998807907104
5795,1.0,0.9999998807907104
5796,1.0,0.9999998807907104
5797,1.0,0.9999998807907104
5798,1.0,0.9999998807907104
5799,1.0,0.9999998807907104
5800,1.0,0.9999998807907104
5801,1.0,0.9999998807907104
5802,1.0,0.9999998807907104
5803,1.0,0.9999998807907104
5804,1.0,0.9999998807907104
5805,1.0,0.9999998807907104
5806,1.0,0.9999998807907104
5807,1.0,0.9999998807907104
5808,1.0,0.9999998807907104
5809,1.0,0.9999998807907104
5810,1.0,0.9999998807907104
5811,1.0,0.9999998807907104
5812,1.0,0.9999998807907104
5813,1.0,0.9999998807907104
5814,1.0,0.9999998807907104
5815,1.0,0.9999998807907104
5816,1.0,0.9999998807907104
5817,1.0,0.9999998807907104
5818,1.0,0.9999998807907104
5819,1.0,0.9999998807907104
5820,1.0,0.9999998807907104
5821,1.0,0.9999998807907104
5822,1.0,0.9999998807907104
5823,1.0,0.9999998807907104
5824,1.0,0.9999998807907104
5825,1.0,0.9999998807907104
5826,1.0,0.9999998807907104
5827,1.0,0.9999998807907104
5828,1.0,0.9999998807907104
5829,1.0,0.9999998807907104
5830,1.0,0.9999998807907104
5831,1.0,0.9999998807907104
5832,1.0,0.9999998807907104
5833,1.0,0.9999998807907104
5834,1.0,0.9999998807907104
5835,1.0,0.9999998807907104
5836,1.0,0.9999998807907104
5837,1.0,0.9999998807907104
5838,1.0,0.9999998807907104
5839,1.0,0.9999998807907104
5840,1.0,0.9999998807907104
5841,1.0,0.9999998807907104
5842,1.0,0.9999998807907104
5843,1.0,0.9999998807907104
5844,1.0,0.9999998807907104
5845,1.0,0.9999998807907104
5846,1.0,0.9999998807907104
5847,1.0,0.9999998807907104
5848,1.0,0.9999998807907104
5849,1.0,0.9999998807907104
5850,1.0,0.9999998807907104
5851,1.0,0.9999998807907104
5852,1.0,0.9999998807907104
5853,1.0,0.9999998807907104
5854,1.0,0.9999998807907104
5855,1.0,0.9999998807907104
5856,1.0,0.9999998807907104
5857,1.0,0.9999998807907104
5858,1.0,0.9999998807907104
5859,1.0,0.9999998807907104
5860,1.0,0.9999998807907104
5861,1.0,0.9999998807907104
5862,1.0,0.9999998807907104
5863,1.0,0.9999998807907104
5864,1.0,0.9999998807907104
5865,1.0,0.9999998807907104
5866,1.0,0.9999998807907104
5867,1.0,0.9999998807907104
5868,1.0,0.9999998807907104
5869,1.0,0.9999998807907104
5870,1.0,0.9999998807907104
5871,1.0,0.9999998807907104
5872,1.0,0.9999998807907104
5873,1.0,0.9999998807907104
5874,1.0,0.9999998807907104
5875,1.0,0.9999998807907104
5876,1.0,0.9999998807907104
5877,1.0,0.9999998807907104
5878,1.0,0.9999998807907104
5879,1.0,0.9999998807907104
5880,1.0,0.9999998807907104
5881,1.0,0.9999998807907104
5882,1.0,0.9999998807907104
5883,1.0,0.9999998807907104
5884,1.0,0.9999998807907104
5885,1.0,0.9999998807907104
5886,1.0,0.9999998807907104
5887,1.0,0.9999998807907104
5888,1.0,0.9999998807907104
5889,1.0,0.9999998807907104
5890,1.0,0.9999998807907104
5891,1.0,0.9999998807907104
5892,1.0,0.9999998807907104
5893,1.0,0.9999998807907104
5894,1.0,0.9999998807907104
5895,1.0,0.9999998807907104
5896,1.0,0.9999998807907104
5897,1.0,0.9999998807907104
5898,1.0,0.9999998807907104
5899,1.0,0.9999998807907104
5900,1.0,0.9999998807907104
5901,1.0,0.9999998807907104
5902,1.0,0.9999998807907104
5903,1.0,0.9999998807907104
5904,1.0,0.9999998807907104
5905,1.0,0.9999998807907104
5906,1.0,0.9999998807907104
5907,1.0,0.9999998807907104
5908,1.0,0.9999998807907104
5909,1.0,0.9999998807907104
5910,1.0,0.9999998807907104
5911,1.0,0.9999998807907104
5912,1.0,0.9999998807907104
5913,1.0,0.9999998807907104
5914,1.0,0.9999998807907104
5915,1.0,0.9999998807907104
5916,1.0,0.9999998807907104
5917,1.0,0.9999998807907104
5918,1.0,0.9999998807907104
5919,1.0,0.9999998807907104
5920,1.0,0.9999998807907104
5921,1.0,0.9999998807907104
5922,1.0,0.9999998807907104
5923,1.0,0.9999998807907104
5924,1.0,0.9999998807907104
5925,1.0,0.9999998807907104
5926,1.0,0.9999998807907104
5927,1.0,0.9999998807907104
5928,1.0,0.9999998807907104
5929,1.0,0.9999998807907104
5930,1.0,0.9999998807907104
5931,1.0,0.9999998807907104
5932,1.0,0.9999998807907104
5933,1.0,0.9999998807907104
5934,1.0,0.9999998807907104
5935,1.0,0.9999998807907104
5936,1.0,0.9999998807907104
5937,1.0,0.9999998807907104
5938,1.0,0.9999998807907104
5939,1.0,0.9999998807907104
5940,1.0,0.9999998807907104
5941,1.0,0.9999998807907104
5942,1.0,0.9999998807907104
5943,1.0,0.9999998807907104
5944,1.0,0.9999998807907104
5945,1.0,0.9999998807907104
5946,1.0,0.9999998807907104
5947,1.0,0.9999998807907104
5948,1.0,0.9999998807907104
5949,1.0,0.9999998807907104
5950,1.0,0.9999998807907104
5951,1.0,0.9999998807907104
5952,1.0,0.9999998807907104
5953,1.0,0.9999998807907104
5954,1.0,0.9999998807907104
5955,1.0,0.9999998807907104
5956,1.0,0.9999998807907104
5957,1.0,0.9999998807907104
5958,1.0,0.9999998807907104
5959,1.0,0.9999998807907104
5960,1.0,0.9999998807907104
5961,1.0,0.9999998807907104
5962,1.0,0.9999998807907104
5963,1.0,0.9999998807907104
5964,1.0,0.9999998807907104
5965,1.0,0.9999998807907104
5966,1.0,0.9999998807907104
5967,1.0,0.9999998807907104
5968,1.0,0.9999998807907104
5969,1.0,0.9999998807907104
5970,1.0,0.9999998807907104
5971,1.0,0.9999998807907104
5972,1.0,0.9999998807907104
5973,1.0,0.9999998807907104
5974,1.0,0.9999998807907104
5975,1.0,0.9999998807907104
5976,1.0,0.9999998807907104
5977,1.0,0.9999998807907104
5978,1.0,0.9999998807907104
5979,1.0,0.9999998807907104
5980,1.0,0.9999998807907104
5981,1.0,0.9999998807907104
5982,1.0,0.9999998807907104
5983,1.0,0.9999998807907104
5984,1.0,0.9999998807907104
5985,1.0,0.9999998807907104
5986,1.0,0.9999998807907104
5987,1.0,0.9999998807907104
5988,1.0,0.9999998807907104
5989,1.0,0.9999998807907104
5990,1.0,0.9999998807907104
5991,1.0,0.9999998807907104
5992,1.0,0.9999998807907104
5993,1.0,0.9999998807907104
5994,1.0,0.9999998807907104
5995,1.0,0.9999998807907104
5996,1.0,0.9999998807907104
5997,1.0,0.9999998807907104
5998,1.0,0.9999998807907104
5999,1.0,0.9999998807907104
6000,1.0,0.9999998807907104
6001,1.0,0.9999998807907104
6002,1.0,0.9999998807907104
6003,1.0,0.9999998807907104
6004,1.0,0.9999998807907104
6005,1.0,0.9999998807907104
6006,1.0,0.9999998807907104
6007,1.0,0.9999998807907104
6008,1.0,0.9999998807907104
6009,1.0,0.9999998807907104
6010,1.0,0.9999998807907104
6011,1.0,0.9999998807907104
6012,1.0,0.9999998807907104
6013,1.0,0.9999998807907104
6014,1.0,0.9999998807907104
6015,1.0,0.9999998807907104
6016,1.0,0.9999998807907104
6017,1.0,0.9999998807907104
6018,1.0,0.9999998807907104
6019,1.0,0.9999998807907104
6020,1.0,0.9999998807907104
6021,1.0,0.9999998807907104
6022,1.0,0.9999998807907104
6023,1.0,0.9999998807907104
6024,1.0,0.9999998807907104
6025,1.0,0.9999998807907104
6026,1.0,0.9999998807907104
6027,1.0,0.9999998807907104
6028,1.0,0.9999998807907104
6029,1.0,0.9999998807907104
6030,1.0,0.9999998807907104
6031,1.0,0.9999998807907104
6032,1.0,0.9999998807907104
6033,1.0,0.9999998807907104
6034,1.0,0.9999998807907104
6035,1.0,0.9999998807907104
6036,1.0,0.9999998807907104
6037,1.0,0.9999998807907104
6038,1.0,0.9999998807907104
6039,1.0,0.9999998807907104
6040,1.0,0.9999998807907104
6041,1.0,0.9999998807907104
6042,1.0,0.9999998807907104
6043,1.0,0.9999998807907104
6044,1.0,0.9999998807907104
6045,1.0,0.9999998807907104
6046,1.0,0.9999998807907104
6047,1.0,0.9999998807907104
6048,1.0,0.9999998807907104
6049,1.0,0.9999998807907104
6050,1.0,0.9999998807907104
6051,1.0,0.9999998807907104
6052,1.0,0.9999998807907104
6053,1.0,0.9999998807907104
6054,1.0,0.9999998807907104
6055,1.0,0.9999998807907104
6056,1.0,0.9999998807907104
6057,1.0,0.9999998807907104
6058,1.0,0.9999998807907104
6059,1.0,0.9999998807907104
6060,1.0,0.9999998807907104
6061,1.0,0.9999998807907104
6062,1.0,0.9999998807907104
6063,1.0,0.9999998807907104
6064,1.0,0.9999998807907104
6065,1.0,0.9999998807907104
6066,1.0,0.9999998807907104
6067,1.0,0.9999998807907104
6068,1.0,0.9999998807907104
6069,1.0,0.9999998807907104
6070,1.0,0.9999998807907104
6071,1.0,0.9999998807907104
6072,1.0,0.9999998807907104
6073,1.0,0.9999998807907104
6074,1.0,0.9999998807907104
6075,1.0,0.9999998807907104
6076,1.0,0.9999998807907104
6077,1.0,0.9999998807907104
6078,1.0,0.9999998807907104
6079,1.0,0.9999998807907104
6080,1.0,0.9999998807907104
6081,1.0,0.9999998807907104
6082,1.0,0.9999998807907104
6083,1.0,0.9999998807907104
6084,1.0,0.9999998807907104
6085,1.0,0.9999998807907104
6086,1.0,0.9999998807907104
6087,1.0,0.9999998807907104
6088,1.0,0.9999998807907104
6089,1.0,0.9999998807907104
6090,1.0,0.9999998807907104
6091,1.0,0.9999998807907104
6092,1.0,0.9999998807907104
6093,1.0,0.9999998807907104
6094,1.0,0.9999998807907104
6095,1.0,0.9999998807907104
6096,1.0,0.9999998807907104
6097,1.0,0.9999998807907104
6098,1.0,0.9999998807907104
6099,1.0,0.9999998807907104
6100,1.0,0.9999998807907104
6101,1.0,0.9999998807907104
6102,1.0,0.9999998807907104
6103,1.0,0.9999998807907104
6104,1.0,0.9999998807907104
6105,1.0,0.9999998807907104
6106,1.0,0.9999998807907104
6107,1.0,0.9999998807907104
6108,1.0,0.9999998807907104
6109,1.0,0.9999998807907104
6110,1.0,0.9999998807907104
6111,1.0,0.9999998807907104
6112,1.0,0.9999998807907104
6113,1.0,0.9999998807907104
6114,1.0,0.9999998807907104
6115,1.0,0.9999998807907104
6116,1.0,0.9999998807907104
6117,1.0,0.9999998807907104
6118,1.0,0.9999998807907104
6119,1.0,0.9999998807907104
6120,1.0,0.9999998807907104
6121,1.0,0.9999998807907104
6122,1.0,0.9999998807907104
6123,1.0,0.9999998807907104
6124,1.0,0.9999998807907104
6125,1.0,0.9999998807907104
6126,1.0,0.9999998807907104
6127,1.0,0.9999998807907104
6128,1.0,0.9999998807907104
6129,1.0,0.9999998807907104
6130,1.0,0.9999998807907104
6131,1.0,0.9999998807907104
6132,1.0,0.9999998807907104
6133,1.0,0.9999998807907104
6134,1.0,0.9999998807907104
6135,1.0,0.9999998807907104
6136,1.0,0.9999998807907104
6137,1.0,0.9999998807907104
6138,1.0,0.9999998807907104
6139,1.0,0.9999998807907104
6140,1.0,0.9999998807907104
6141,1.0,0.9999998807907104
6142,1.0,0.9999998807907104
6143,1.0,0.9999998807907104
6144,1.0,0.9999998807907104
6145,1.0,0.9999998807907104
6146,1.0,0.9999998807907104
6147,1.0,0.9999998807907104
6148,1.0,0.9999998807907104
6149,1.0,0.9999998807907104
6150,1.0,0.9999998807907104
6151,1.0,0.9999998807907104
6152,1.0,0.9999998807907104
6153,1.0,0.9999998807907104
6154,1.0,0.9999998807907104
6155,1.0,0.9999998807907104
6156,1.0,0.9999998807907104
6157,1.0,0.9999998807907104
6158,1.0,0.9999998807907104
6159,1.0,0.9999998807907104
6160,1.0,0.9999998807907104
6161,1.0,0.9999998807907104
6162,1.0,0.9999998807907104
6163,1.0,0.9999998807907104
6164,1.0,0.9999998807907104
6165,1.0,0.9999998807907104
6166,1.0,0.9999998807907104
6167,1.0,0.9999998807907104
6168,1.0,0.9999998807907104
6169,1.0,0.9999998807907104
6170,1.0,0.9999998807907104
6171,1.0,0.9999998807907104
6172,1.0,0.9999998807907104
6173,1.0,0.9999998807907104
6174,1.0,0.9999998807907104
6175,1.0,0.9999998807907104
6176,1.0,0.9999998807907104
6177,1.0,0.9999998807907104
6178,1.0,0.9999998807907104
6179,1.0,0.9999998807907104
6180,1.0,0.9999998807907104
6181,1.0,0.9999998807907104
6182,1.0,0.9999998807907104
6183,1.0,0.9999998807907104
6184,1.0,0.9999998807907104
6185,1.0,0.9999998807907104
6186,1.0,0.9999998807907104
6187,1.0,0.9999998807907104
6188,1.0,0.9999998807907104
6189,1.0,0.9999998807907104
6190,1.0,0.9999998807907104
6191,1.0,0.9999998807907104
6192,1.0,0.9999998807907104
6193,1.0,0.9999998807907104
6194,1.0,0.9999998807907104
6195,1.0,0.9999998807907104
6196,1.0,0.9999998807907104
6197,1.0,0.9999998807907104
6198,1.0,0.9999998807907104
6199,1.0,0.9999998807907104
6200,1.0,0.9999998807907104
6201,1.0,0.9999998807907104
6202,1.0,0.9999998807907104
6203,1.0,0.9999998807907104
6204,1.0,0.9999998807907104
6205,1.0,0.9999998807907104
6206,1.0,0.9999998807907104
6207,1.0,0.9999998807907104
6208,1.0,0.9999998807907104
6209,1.0,0.9999998807907104
6210,1.0,0.9999998807907104
6211,1.0,0.9999998807907104
6212,1.0,0.9999998807907104
6213,1.0,0.9999998807907104
6214,1.0,0.9999998807907104
6215,1.0,0.9999998807907104
6216,1.0,0.9999998807907104
6217,1.0,0.9999998807907104
6218,1.0,0.9999998807907104
6219,1.0,0.9999998807907104
6220,1.0,0.9999998807907104
6221,1.0,0.9999998807907104
6222,1.0,0.9999998807907104
6223,1.0,0.9999998807907104
6224,1.0,0.9999998807907104
6225,1.0,0.9999998807907104
6226,1.0,0.9999998807907104
6227,1.0,0.9999998807907104
6228,1.0,0.9999998807907104
6229,1.0,0.9999998807907104
6230,1.0,0.9999998807907104
6231,1.0,0.9999998807907104
6232,1.0,0.9999998807907104
6233,1.0,0.9999998807907104
6234,1.0,0.9999998807907104
6235,1.0,0.9999998807907104
6236,1.0,0.9999998807907104
6237,1.0,0.9999998807907104
6238,1.0,0.9999998807907104
6239,1.0,0.9999998807907104
6240,1.0,0.9999998807907104
6241,1.0,0.9999998807907104
6242,1.0,0.9999998807907104
6243,1.0,0.9999998807907104
6244,1.0,0.9999998807907104
6245,1.0,0.9999998807907104
6246,1.0,0.9999998807907104
6247,1.0,0.9999998807907104
6248,1.0,0.9999998807907104
6249,1.0,0.9999998807907104
6250,1.0,0.9999998807907104
6251,1.0,0.9999998807907104
6252,1.0,0.9999998807907104
6253,1.0,0.9999998807907104
6254,1.0,0.9999998807907104
6255,1.0,0.9999998807907104
6256,1.0,0.9999998807907104
6257,1.0,0.9999998807907104
6258,1.0,0.9999998807907104
6259,1.0,0.9999998807907104
6260,1.0,0.9999998807907104
6261,1.0,0.9999998807907104
6262,1.0,0.9999998807907104
6263,1.0,0.9999998807907104
6264,1.0,0.9999998807907104
6265,1.0,0.9999998807907104
6266,1.0,0.9999998807907104
6267,1.0,0.9999998807907104
6268,1.0,0.9999998807907104
6269,1.0,0.9999998807907104
6270,1.0,0.9999998807907104
6271,1.0,0.9999998807907104
6272,1.0,0.9999998807907104
6273,1.0,0.9999998807907104
6274,1.0,0.9999998807907104
6275,1.0,0.9999998807907104
6276,1.0,0.9999998807907104
6277,1.0,0.9999998807907104
6278,1.0,0.9999998807907104
6279,1.0,0.9999998807907104
6280,1.0,0.9999998807907104
6281,1.0,0.9999998807907104
6282,1.0,0.9999998807907104
6283,1.0,0.9999998807907104
6284,1.0,0.9999998807907104
6285,1.0,0.9999998807907104
6286,1.0,0.9999998807907104
6287,1.0,0.9999998807907104
6288,1.0,0.9999998807907104
6289,1.0,0.9999998807907104
6290,1.0,0.9999998807907104
6291,1.0,0.9999998807907104
6292,1.0,0.9999998807907104
6293,1.0,0.9999998807907104
6294,1.0,0.9999998807907104
6295,1.0,0.9999998807907104
6296,1.0,0.9999998807907104
6297,1.0,0.9999998807907104
6298,1.0,0.9999998807907104
6299,1.0,0.9999998807907104
6300,1.0,0.9999998807907104
6301,1.0,0.9999998807907104
6302,1.0,0.9999998807907104
6303,1.0,0.9999998807907104
6304,1.0,0.9999998807907104
6305,1.0,0.9999998807907104
6306,1.0,0.9999998807907104
6307,1.0,0.9999998807907104
6308,1.0,0.9999998807907104
6309,1.0,0.9999998807907104
6310,1.0,0.9999998807907104
6311,1.0,0.9999998807907104
6312,1.0,0.9999998807907104
6313,1.0,0.9999998807907104
6314,1.0,0.9999998807907104
6315,1.0,0.9999998807907104
6316,1.0,0.9999998807907104
6317,1.0,0.9999998807907104
6318,1.0,0.9999998807907104
6319,1.0,0.9999998807907104
6320,1.0,0.9999998807907104
6321,1.0,0.9999998807907104
6322,1.0,0.9999998807907104
6323,1.0,0.9999998807907104
6324,1.0,0.9999998807907104
6325,1.0,0.9999998807907104
6326,1.0,0.9999998807907104
6327,1.0,0.9999998807907104
6328,1.0,0.9999998807907104
6329,1.0,0.9999998807907104
6330,1.0,0.9999998807907104
6331,1.0,0.9999998807907104
6332,1.0,0.9999998807907104
6333,1.0,0.9999998807907104
6334,1.0,0.9999998807907104
6335,1.0,0.9999998807907104
6336,1.0,0.9999998807907104
6337,1.0,0.9999998807907104
6338,1.0,0.9999998807907104
6339,1.0,0.9999998807907104
6340,1.0,0.9999998807907104
6341,1.0,0.9999998807907104
6342,1.0,0.9999998807907104
6343,1.0,0.9999998807907104
6344,1.0,0.9999998807907104
6345,1.0,0.9999998807907104
6346,1.0,0.9999998807907104
6347,1.0,0.9999998807907104
6348,1.0,0.9999998807907104
6349,1.0,0.9999998807907104
6350,1.0,0.9999998807907104
6351,1.0,0.9999998807907104
6352,1.0,0.9999998807907104
6353,1.0,0.9999998807907104
6354,1.0,0.9999998807907104
6355,1.0,0.9999998807907104
6356,1.0,0.9999998807907104
6357,1.0,0.9999998807907104
6358,1.0,0.9999998807907104
6359,1.0,0.9999998807907104
6360,1.0,0.9999998807907104
6361,1.0,0.9999998807907104
6362,1.0,0.9999998807907104
6363,1.0,0.9999998807907104
6364,1.0,0.9999998807907104
6365,1.0,0.9999998807907104
6366,1.0,0.9999998807907104
6367,1.0,0.9999998807907104
6368,1.0,0.9999998807907104
6369,1.0,0.9999998807907104
6370,1.0,0.9999998807907104
6371,1.0,0.9999998807907104
6372,1.0,0.9999998807907104
6373,1.0,0.9999998807907104
6374,1.0,0.9999998807907104
6375,1.0,0.9999998807907104
6376,1.0,0.9999998807907104
6377,1.0,0.9999998807907104
6378,1.0,0.9999998807907104
6379,1.0,0.9999998807907104
6380,1.0,0.9999998807907104
6381,1.0,0.9999998807907104
6382,1.0,0.9999998807907104
6383,1.0,0.9999998807907104
6384,1.0,0.9999998807907104
6385,1.0,0.9999998807907104
6386,1.0,0.9999998807907104
6387,1.0,0.9999998807907104
6388,1.0,0.9999998807907104
6389,1.0,0.9999998807907104
6390,1.0,0.9999998807907104
6391,1.0,0.9999998807907104
6392,1.0,0.9999998807907104
6393,1.0,0.9999998807907104
6394,1.0,0.9999998807907104
6395,1.0,0.9999998807907104
6396,1.0,0.9999998807907104
6397,1.0,0.9999998807907104
6398,1.0,0.9999998807907104
6399,1.0,0.9999998807907104
6400,1.0,0.9999998807907104
6401,1.0,0.9999998807907104
6402,1.0,0.9999998807907104
6403,1.0,0.9999998807907104
6404,1.0,0.9999998807907104
6405,1.0,0.9999998807907104
6406,1.0,0.9999998807907104
6407,1.0,0.9999998807907104
6408,1.0,0.9999998807907104
6409,1.0,0.9999998807907104
6410,1.0,0.9999998807907104
6411,1.0,0.9999998807907104
6412,1.0,0.9999998807907104
6413,1.0,0.9999998807907104
6414,1.0,0.9999998807907104
6415,1.0,0.9999998807907104
6416,1.0,0.9999998807907104
6417,1.0,0.9999998807907104
6418,1.0,0.9999998807907104
6419,1.0,0.9999998807907104
6420,1.0,0.9999998807907104
6421,1.0,0.9999998807907104
6422,1.0,0.9999998807907104
6423,1.0,0.9999998807907104
6424,1.0,0.9999998807907104
6425,1.0,0.9999998807907104
6426,1.0,0.9999998807907104
6427,1.0,0.9999998807907104
6428,1.0,0.9999998807907104
6429,1.0,0.9999998807907104
6430,1.0,0.9999998807907104
6431,1.0,0.9999998807907104
6432,1.0,0.9999998807907104
6433,1.0,0.9999998807907104
6434,1.0,0.9999998807907104
6435,1.0,0.9999998807907104
6436,1.0,0.9999998807907104
6437,1.0,0.9999998807907104
6438,1.0,0.9999998807907104
6439,1.0,0.9999998807907104
6440,1.0,0.9999998807907104
6441,1.0,0.9999998807907104
6442,1.0,0.9999998807907104
6443,1.0,0.9999998807907104
6444,1.0,0.9999998807907104
6445,1.0,0.9999998807907104
6446,1.0,0.9999998807907104
6447,1.0,0.9999998807907104
6448,1.0,0.9999998807907104
6449,1.0,0.9999998807907104
6450,1.0,0.9999998807907104
6451,1.0,0.9999998807907104
6452,1.0,0.9999998807907104
6453,1.0,0.9999998807907104
6454,1.0,0.9999998807907104
6455,1.0,0.9999998807907104
6456,1.0,0.9999998807907104
6457,1.0,0.9999998807907104
6458,1.0,0.9999998807907104
6459,1.0,0.9999998807907104
6460,1.0,0.9999998807907104
6461,1.0,0.9999998807907104
6462,1.0,0.9999998807907104
6463,1.0,0.9999998807907104
6464,1.0,0.9999998807907104
6465,1.0,0.9999998807907104
6466,1.0,0.9999998807907104
6467,1.0,0.9999998807907104
6468,1.0,0.9999998807907104
6469,1.0,0.9999998807907104
6470,1.0,0.9999998807907104
6471,1.0,0.9999998807907104
6472,1.0,0.9999998807907104
6473,1.0,0.9999998807907104
6474,1.0,0.9999998807907104
6475,1.0,0.9999998807907104
6476,1.0,0.9999998807907104
6477,1.0,0.9999998807907104
6478,1.0,0.9999998807907104
6479,1.0,0.9999998807907104
6480,1.0,0.9999998807907104
6481,1.0,0.9999998807907104
6482,1.0,0.9999998807907104
6483,1.0,0.9999998807907104
6484,1.0,0.9999998807907104
6485,1.0,0.9999998807907104
6486,1.0,0.9999998807907104
6487,1.0,0.9999998807907104
6488,1.0,0.9999998807907104
6489,1.0,0.9999998807907104
6490,1.0,0.9999998807907104
6491,1.0,0.9999998807907104
6492,1.0,0.9999998807907104
6493,1.0,0.9999998807907104
6494,1.0,0.9999998807907104
6495,1.0,0.9999998807907104
6496,1.0,0.9999998807907104
6497,1.0,0.9999998807907104
6498,1.0,0.9999998807907104
6499,1.0,0.9999998807907104
6500,1.0,0.9999998807907104
6501,1.0,0.9999998807907104
6502,1.0,0.9999998807907104
6503,1.0,0.9999998807907104
6504,1.0,0.9999998807907104
6505,1.0,0.9999998807907104
6506,1.0,0.9999998807907104
6507,1.0,0.9999998807907104
6508,1.0,0.9999998807907104
6509,1.0,0.9999998807907104
6510,1.0,0.9999998807907104
6511,1.0,0.9999998807907104
6512,1.0,0.9999998807907104
6513,1.0,0.9999998807907104
6514,1.0,0.9999998807907104
6515,1.0,0.9999998807907104
6516,1.0,0.9999998807907104
6517,1.0,0.9999998807907104
6518,1.0,0.9999998807907104
6519,1.0,0.9999998807907104
6520,1.0,0.9999998807907104
6521,1.0,0.9999998807907104
6522,1.0,0.9999998807907104
6523,1.0,0.9999998807907104
6524,1.0,0.9999998807907104
6525,1.0,0.9999998807907104
6526,1.0,0.9999998807907104
6527,1.0,0.9999998807907104
6528,1.0,0.9999998807907104
6529,1.0,0.9999998807907104
6530,1.0,0.9999998807907104
6531,1.0,0.9999998807907104
6532,1.0,0.9999998807907104
6533,1.0,0.9999998807907104
6534,1.0,0.9999998807907104
6535,1.0,0.9999998807907104
6536,1.0,0.9999998807907104
6537,1.0,0.9999998807907104
6538,1.0,0.9999998807907104
6539,1.0,0.9999998807907104
6540,1.0,0.9999998807907104
6541,1.0,0.9999998807907104
6542,1.0,0.9999998807907104
6543,1.0,0.9999998807907104
6544,1.0,0.9999998807907104
6545,1.0,0.9999998807907104
6546,1.0,0.9999998807907104
6547,1.0,0.9999998807907104
6548,1.0,0.9999998807907104
6549,1.0,0.9999998807907104
6550,1.0,0.9999998807907104
6551,1.0,0.9999998807907104
6552,1.0,0.9999998807907104
6553,1.0,0.9999998807907104
6554,1.0,0.9999998807907104
6555,1.0,0.9999998807907104
6556,1.0,0.9999998807907104
6557,1.0,0.9999998807907104
6558,1.0,0.9999998807907104
6559,1.0,0.9999998807907104
6560,1.0,0.9999998807907104
6561,1.0,0.9999998807907104
6562,1.0,0.9999998807907104
6563,1.0,0.9999998807907104
6564,1.0,0.9999998807907104
6565,1.0,0.9999998807907104
6566,1.0,0.9999998807907104
6567,1.0,0.9999998807907104
6568,1.0,0.9999998807907104
6569,1.0,0.9999998807907104
6570,1.0,0.9999998807907104
6571,1.0,0.9999998807907104
6572,1.0,0.9999998807907104
6573,1.0,0.9999998807907104
6574,1.0,0.9999998807907104
6575,1.0,0.9999998807907104
6576,1.0,0.9999998807907104
6577,1.0,0.9999998807907104
6578,1.0,0.9999998807907104
6579,1.0,0.9999998807907104
6580,1.0,0.9999998807907104
6581,1.0,0.9999998807907104
6582,1.0,0.9999998807907104
6583,1.0,0.9999998807907104
6584,1.0,0.9999998807907104
6585,1.0,0.9999998807907104
6586,1.0,0.9999998807907104
6587,1.0,0.9999998807907104
6588,1.0,0.9999998807907104
6589,1.0,0.9999998807907104
6590,1.0,0.9999998807907104
6591,1.0,0.9999998807907104
6592,1.0,0.9999998807907104
6593,1.0,0.9999998807907104
6594,1.0,0.9999998807907104
6595,1.0,0.9999998807907104
6596,1.0,0.9999998807907104
6597,1.0,0.9999998807907104
6598,1.0,0.9999998807907104
6599,1.0,0.9999998807907104
6600,1.0,0.9999998807907104
6601,1.0,0.9999998807907104
6602,1.0,0.9999998807907104
6603,1.0,0.9999998807907104
6604,1.0,0.9999998807907104
6605,1.0,0.9999998807907104
6606,1.0,0.9999998807907104
6607,1.0,0.9999998807907104
6608,1.0,0.9999998807907104
6609,1.0,0.9999998807907104
6610,1.0,0.9999998807907104
6611,1.0,0.9999998807907104
6612,1.0,0.9999998807907104
6613,1.0,0.9999998807907104
6614,1.0,0.9999998807907104
6615,1.0,0.9999998807907104
6616,1.0,0.9999998807907104
6617,1.0,0.9999998807907104
6618,1.0,0.9999998807907104
6619,1.0,0.9999998807907104
6620,1.0,0.9999998807907104
6621,1.0,0.9999998807907104
6622,1.0,0.9999998807907104
6623,1.0,0.9999998807907104
6624,1.0,0.9999998807907104
6625,1.0,0.9999998807907104
6626,1.0,0.9999998807907104
6627,1.0,0.9999998807907104
6628,1.0,0.9999998807907104
6629,1.0,0.9999998807907104
6630,1.0,0.9999998807907104
6631,1.0,0.9999998807907104
6632,1.0,0.9999998807907104
6633,1.0,0.9999998807907104
6634,1.0,0.9999998807907104
6635,1.0,0.9999998807907104
6636,1.0,0.9999998807907104
6637,1.0,0.9999998807907104
6638,1.0,0.9999998807907104
6639,1.0,0.9999998807907104
6640,1.0,0.9999998807907104
6641,1.0,0.9999998807907104
6642,1.0,0.9999998807907104
6643,1.0,0.9999998807907104
6644,1.0,0.9999998807907104
6645,1.0,0.9999998807907104
6646,1.0,0.9999998807907104
6647,1.0,0.9999998807907104
6648,1.0,0.9999998807907104
6649,1.0,0.9999998807907104
6650,1.0,0.9999998807907104
6651,1.0,0.9999998807907104
6652,1.0,0.9999998807907104
6653,1.0,0.9999998807907104
6654,1.0,0.9999998807907104
6655,1.0,0.9999998807907104
6656,1.0,0.9999998807907104
6657,1.0,0.9999998807907104
6658,1.0,0.9999998807907104
6659,1.0,0.9999998807907104
6660,1.0,0.9999998807907104
6661,1.0,0.9999998807907104
6662,1.0,0.9999998807907104
6663,1.0,0.9999998807907104
6664,1.0,0.9999998807907104
6665,1.0,0.9999998807907104
6666,1.0,0.9999998807907104
6667,1.0,0.9999998807907104
6668,1.0,0.9999998807907104
6669,1.0,0.9999998807907104
6670,1.0,0.9999998807907104
6671,1.0,0.9999998807907104
6672,1.0,0.9999998807907104
6673,1.0,0.9999998807907104
6674,1.0,0.9999998807907104
6675,1.0,0.9999998807907104
6676,1.0,0.9999998807907104
6677,1.0,0.9999998807907104
6678,1.0,0.9999998807907104
6679,1.0,0.9999998807907104
6680,1.0,0.9999998807907104
6681,1.0,0.9999998807907104
6682,1.0,0.9999998807907104
6683,1.0,0.9999998807907104
6684,1.0,0.9999998807907104
6685,1.0,0.9999998807907104
6686,1.0,0.9999998807907104
6687,1.0,0.9999998807907104
6688,1.0,0.9999998807907104
6689,1.0,0.9999998807907104
6690,1.0,0.9999998807907104
6691,1.0,0.9999998807907104
6692,1.0,0.9999998807907104
6693,1.0,0.9999998807907104
6694,1.0,0.9999998807907104
6695,1.0,0.9999998807907104
6696,1.0,0.9999998807907104
6697,1.0,0.9999998807907104
6698,1.0,0.9999998807907104
6699,1.0,0.9999998807907104
6700,1.0,0.9999998807907104
6701,1.0,0.9999998807907104
6702,1.0,0.9999998807907104
6703,1.0,0.9999998807907104
6704,1.0,0.9999998807907104
6705,1.0,0.9999998807907104
6706,1.0,0.9999998807907104
6707,1.0,0.9999998807907104
6708,1.0,0.9999998807907104
6709,1.0,0.9999998807907104
6710,1.0,0.9999998807907104
6711,1.0,0.9999998807907104
6712,1.0,0.9999998807907104
6713,1.0,0.9999998807907104
6714,1.0,0.9999998807907104
6715,1.0,0.9999998807907104
6716,1.0,0.9999998807907104
6717,1.0,0.9999998807907104
6718,1.0,0.9999998807907104
6719,1.0,0.9999998807907104
6720,1.0,0.9999998807907104
6721,1.0,0.9999998807907104
6722,1.0,0.9999998807907104
6723,1.0,0.9999998807907104
6724,1.0,0.9999998807907104
6725,1.0,0.9999998807907104
6726,1.0,0.9999998807907104
6727,1.0,0.9999998807907104
6728,1.0,0.9999998807907104
6729,1.0,0.9999998807907104
6730,1.0,0.9999998807907104
6731,1.0,0.9999998807907104
6732,1.0,0.9999998807907104
6733,1.0,0.9999998807907104
6734,1.0,0.9999998807907104
6735,1.0,0.9999998807907104
6736,1.0,0.9999998807907104
6737,1.0,0.9999998807907104
6738,1.0,0.9999998807907104
6739,1.0,0.9999998807907104
6740,1.0,0.9999998807907104
6741,1.0,0.9999998807907104
6742,1.0,0.9999998807907104
6743,1.0,0.9999998807907104
6744,1.0,0.9999998807907104
6745,1.0,0.9999998807907104
6746,1.0,0.9999998807907104
6747,1.0,0.9999998807907104
6748,1.0,0.9999998807907104
6749,1.0,0.9999998807907104
6750,1.0,0.9999998807907104
6751,1.0,0.9999998807907104
6752,1.0,0.9999998807907104
6753,1.0,0.9999998807907104
6754,1.0,0.9999998807907104
6755,1.0,0.9999998807907104
6756,1.0,0.9999998807907104
6757,1.0,0.9999998807907104
6758,1.0,0.9999998807907104
6759,1.0,0.9999998807907104
6760,1.0,0.9999998807907104
6761,1.0,0.9999998807907104
6762,1.0,0.9999998807907104
6763,1.0,0.9999998807907104
6764,1.0,0.9999998807907104
6765,1.0,0.9999998807907104
6766,1.0,0.9999998807907104
6767,1.0,0.9999998807907104
6768,1.0,0.9999998807907104
6769,1.0,0.9999998807907104
6770,1.0,0.9999998807907104
6771,1.0,0.9999998807907104
6772,1.0,0.9999998807907104
6773,1.0,0.9999998807907104
6774,1.0,0.9999998807907104
6775,1.0,0.9999998807907104
6776,1.0,0.9999998807907104
6777,1.0,0.9999998807907104
6778,1.0,0.9999998807907104
6779,1.0,0.9999998807907104
6780,1.0,0.9999998807907104
6781,1.0,0.9999998807907104
6782,1.0,0.9999998807907104
6783,1.0,0.9999998807907104
6784,1.0,0.9999998807907104
6785,1.0,0.9999998807907104
6786,1.0,0.9999998807907104
6787,1.0,0.9999998807907104
6788,1.0,0.9999998807907104
6789,1.0,0.9999998807907104
6790,1.0,0.9999998807907104
6791,1.0,0.9999998807907104
6792,1.0,0.9999998807907104
6793,1.0,0.9999998807907104
6794,1.0,0.9999998807907104
6795,1.0,0.9999998807907104
6796,1.0,0.9999998807907104
6797,1.0,0.9999998807907104
6798,1.0,0.9999998807907104
6799,1.0,0.9999998807907104
6800,1.0,0.9999998807907104
6801,1.0,0.9999998807907104
6802,1.0,0.9999998807907104
6803,1.0,0.9999998807907104
6804,1.0,0.9999998807907104
6805,1.0,0.9999998807907104
6806,1.0,0.9999998807907104
6807,1.0,0.9999998807907104
6808,1.0,0.9999998807907104
6809,1.0,0.9999998807907104
6810,1.0,0.9999998807907104
6811,1.0,0.9999998807907104
6812,1.0,0.9999998807907104
6813,1.0,0.9999998807907104
6814,1.0,0.9999998807907104
6815,1.0,0.9999998807907104
6816,1.0,0.9999998807907104
6817,1.0,0.9999998807907104
6818,1.0,0.9999998807907104
6819,1.0,0.9999998807907104
6820,1.0,0.9999998807907104
6821,1.0,0.9999998807907104
6822,1.0,0.9999998807907104
6823,1.0,0.9999998807907104
6824,1.0,0.9999998807907104
6825,1.0,0.9999998807907104
6826,1.0,0.9999998807907104
6827,1.0,0.9999998807907104
6828,1.0,0.9999998807907104
6829,1.0,0.9999998807907104
6830,1.0,0.9999998807907104
6831,1.0,0.9999998807907104
6832,1.0,0.9999998807907104
6833,1.0,0.9999998807907104
6834,1.0,0.9999998807907104
6835,1.0,0.9999998807907104
6836,1.0,0.9999998807907104
6837,1.0,0.9999998807907104
6838,1.0,0.9999998807907104
6839,1.0,0.9999998807907104
6840,1.0,0.9999998807907104
6841,1.0,0.9999998807907104
6842,1.0,0.9999998807907104
6843,1.0,0.9999998807907104
6844,1.0,0.9999998807907104
6845,1.0,0.9999998807907104
6846,1.0,0.9999998807907104
6847,1.0,0.9999998807907104
6848,1.0,0.9999998807907104
6849,1.0,0.9999998807907104
6850,1.0,0.9999998807907104
6851,1.0,0.9999998807907104
6852,1.0,0.9999998807907104
6853,1.0,0.9999998807907104
6854,1.0,0.9999998807907104
6855,1.0,0.9999998807907104
6856,1.0,0.9999998807907104
6857,1.0,0.9999998807907104
6858,1.0,0.9999998807907104
6859,1.0,0.9999998807907104
6860,1.0,0.9999998807907104
6861,1.0,0.9999998807907104
6862,1.0,0.9999998807907104
6863,1.0,0.9999998807907104
6864,1.0,0.9999998807907104
6865,1.0,0.9999998807907104
6866,1.0,0.9999998807907104
6867,1.0,0.9999998807907104
6868,1.0,0.9999998807907104
6869,1.0,0.9999998807907104
6870,1.0,0.9999998807907104
6871,1.0,0.9999998807907104
6872,1.0,0.9999998807907104
6873,1.0,0.9999998807907104
6874,1.0,0.9999998807907104
6875,1.0,0.9999998807907104
6876,1.0,0.9999998807907104
6877,1.0,0.9999998807907104
6878,1.0,0.9999998807907104
6879,1.0,0.9999998807907104
6880,1.0,0.9999998807907104
6881,1.0,0.9999998807907104
6882,1.0,0.9999998807907104
6883,1.0,0.9999998807907104
6884,1.0,0.9999998807907104
6885,1.0,0.9999998807907104
6886,1.0,0.9999998807907104
6887,1.0,0.9999998807907104
6888,1.0,0.9999998807907104
6889,1.0,0.9999998807907104
6890,1.0,0.9999998807907104
6891,1.0,0.9999998807907104
6892,1.0,0.9999998807907104
6893,1.0,0.9999998807907104
6894,1.0,0.9999998807907104
6895,1.0,0.9999998807907104
6896,1.0,0.9999998807907104
6897,1.0,0.9999998807907104
6898,1.0,0.9999998807907104
6899,1.0,0.9999998807907104
6900,1.0,0.9999998807907104
6901,1.0,0.9999998807907104
6902,1.0,0.9999998807907104
6903,1.0,0.9999998807907104
6904,1.0,0.9999998807907104
6905,1.0,0.9999998807907104
6906,1.0,0.9999998807907104
6907,1.0,0.9999998807907104
6908,1.0,0.9999998807907104
6909,1.0,0.9999998807907104
6910,1.0,0.9999998807907104
6911,1.0,0.9999998807907104
6912,1.0,0.9999998807907104
6913,1.0,0.9999998807907104
6914,1.0,0.9999998807907104
6915,1.0,0.9999998807907104
6916,1.0,0.9999998807907104
6917,1.0,0.9999998807907104
6918,1.0,0.9999998807907104
6919,1.0,0.9999998807907104
6920,1.0,0.9999998807907104
6921,1.0,0.9999998807907104
6922,1.0,0.9999998807907104
6923,1.0,0.9999998807907104
6924,1.0,0.9999998807907104
6925,1.0,0.9999998807907104
6926,1.0,0.9999998807907104
6927,1.0,0.9999998807907104
6928,1.0,0.9999998807907104
6929,1.0,0.9999998807907104
6930,1.0,0.9999998807907104
6931,1.0,0.9999998807907104
6932,1.0,0.9999998807907104
6933,1.0,0.9999998807907104
6934,1.0,0.9999998807907104
6935,1.0,0.9999998807907104
6936,1.0,0.9999998807907104
6937,1.0,0.9999998807907104
6938,1.0,0.9999998807907104
6939,1.0,0.9999998807907104
6940,1.0,0.9999998807907104
6941,1.0,0.9999998807907104
6942,1.0,0.9999998807907104
6943,1.0,0.9999998807907104
6944,1.0,0.9999998807907104
6945,1.0,0.9999998807907104
6946,1.0,0.9999998807907104
6947,1.0,0.9999998807907104
6948,1.0,0.9999998807907104
6949,1.0,0.9999998807907104
6950,1.0,0.9999998807907104
6951,1.0,0.9999998807907104
6952,1.0,0.9999998807907104
6953,1.0,0.9999998807907104
6954,1.0,0.9999998807907104
6955,1.0,0.9999998807907104
6956,1.0,0.9999998807907104
6957,1.0,0.9999998807907104
6958,1.0,0.9999998807907104
6959,1.0,0.9999998807907104
6960,1.0,0.9999998807907104
6961,1.0,0.9999998807907104
6962,1.0,0.9999998807907104
6963,1.0,0.9999998807907104
6964,1.0,0.9999998807907104
6965,1.0,0.9999998807907104
6966,1.0,0.9999998807907104
6967,1.0,0.9999998807907104
6968,1.0,0.9999998807907104
6969,1.0,0.9999998807907104
6970,1.0,0.9999998807907104
6971,1.0,0.9999998807907104
6972,1.0,0.9999998807907104
6973,1.0,0.9999998807907104
6974,1.0,0.9999998807907104
6975,1.0,0.9999998807907104
6976,1.0,0.9999998807907104
6977,1.0,0.9999998807907104
6978,1.0,0.9999998807907104
6979,1.0,0.9999998807907104
6980,1.0,0.9999998807907104
6981,1.0,0.9999998807907104
6982,1.0,0.9999998807907104
6983,1.0,0.9999998807907104
6984,1.0,0.9999998807907104
6985,1.0,0.9999998807907104
6986,1.0,0.9999998807907104
6987,1.0,0.9999998807907104
6988,1.0,0.9999998807907104
6989,1.0,0.9999998807907104
6990,1.0,0.9999998807907104
6991,1.0,0.9999998807907104
6992,1.0,0.9999998807907104
6993,1.0,0.9999998807907104
6994,1.0,0.9999998807907104
6995,1.0,0.9999998807907104
6996,1.0,0.9999998807907104
6997,1.0,0.9999998807907104
6998,1.0,0.9999998807907104
6999,1.0,0.9999998807907104
7000,1.0,0.9999998807907104
7001,1.0,0.9999998807907104
7002,1.0,0.9999998807907104
7003,1.0,0.9999998807907104
7004,1.0,0.9999998807907104
7005,1.0,0.9999998807907104
7006,1.0,0.9999998807907104
7007,1.0,0.9999998807907104
7008,1.0,0.9999998807907104
7009,1.0,0.9999998807907104
7010,1.0,0.9999998807907104
7011,1.0,0.9999998807907104
7012,1.0,0.9999998807907104
7013,1.0,0.9999998807907104
7014,1.0,0.9999998807907104
7015,1.0,0.9999998807907104
7016,1.0,0.9999998807907104
7017,1.0,0.9999998807907104
7018,1.0,0.9999998807907104
7019,1.0,0.9999998807907104
7020,1.0,0.9999998807907104
7021,1.0,0.9999998807907104
7022,1.0,0.9999998807907104
7023,1.0,0.9999998807907104
7024,1.0,0.9999998807907104
7025,1.0,0.9999998807907104
7026,1.0,0.9999998807907104
7027,1.0,0.9999998807907104
7028,1.0,0.9999998807907104
7029,1.0,0.9999998807907104
7030,1.0,0.9999998807907104
7031,1.0,0.9999998807907104
7032,1.0,0.9999998807907104
7033,1.0,0.9999998807907104
7034,1.0,0.9999998807907104
7035,1.0,0.9999998807907104
7036,1.0,0.9999998807907104
7037,1.0,0.9999998807907104
7038,1.0,0.9999998807907104
7039,1.0,0.9999998807907104
7040,1.0,0.9999998807907104
7041,1.0,0.9999998807907104
7042,1.0,0.9999998807907104
7043,1.0,0.9999998807907104
7044,1.0,0.9999998807907104
7045,1.0,0.9999998807907104
7046,1.0,0.9999998807907104
7047,1.0,0.9999998807907104
7048,1.0,0.9999998807907104
7049,1.0,0.9999998807907104
7050,1.0,0.9999998807907104
7051,1.0,0.9999998807907104
7052,1.0,0.9999998807907104
7053,1.0,0.9999998807907104
7054,1.0,0.9999998807907104
7055,1.0,0.9999998807907104
7056,1.0,0.9999998807907104
7057,1.0,0.9999998807907104
7058,1.0,0.9999998807907104
7059,1.0,0.9999998807907104
7060,1.0,0.9999998807907104
7061,1.0,0.9999998807907104
7062,1.0,0.9999998807907104
7063,1.0,0.9999998807907104
7064,1.0,0.9999998807907104
7065,1.0,0.9999998807907104
7066,1.0,0.9999998807907104
7067,1.0,0.9999998807907104
7068,1.0,0.9999998807907104
7069,1.0,0.9999998807907104
7070,1.0,0.9999998807907104
7071,1.0,0.9999998807907104
7072,1.0,0.9999998807907104
7073,1.0,0.9999998807907104
7074,1.0,0.9999998807907104
7075,1.0,0.9999998807907104
7076,1.0,0.9999998807907104
7077,1.0,0.9999998807907104
7078,1.0,0.9999998807907104
7079,1.0,0.9999998807907104
7080,1.0,0.9999998807907104
7081,1.0,0.9999998807907104
7082,1.0,0.9999998807907104
7083,1.0,0.9999998807907104
7084,1.0,0.9999998807907104
7085,1.0,0.9999998807907104
7086,1.0,0.9999998807907104
7087,1.0,0.9999998807907104
7088,1.0,0.9999998807907104
7089,1.0,0.9999998807907104
7090,1.0,0.9999998807907104
7091,1.0,0.9999998807907104
7092,1.0,0.9999998807907104
7093,1.0,0.9999998807907104
7094,1.0,0.9999998807907104
7095,1.0,0.9999998807907104
7096,1.0,0.9999998807907104
7097,1.0,0.9999998807907104
7098,1.0,0.9999998807907104
7099,1.0,0.9999998807907104
7100,1.0,0.9999998807907104
7101,1.0,0.9999998807907104
7102,1.0,0.9999998807907104
7103,1.0,0.9999998807907104
7104,1.0,0.9999998807907104
7105,1.0,0.9999998807907104
7106,1.0,0.9999998807907104
7107,1.0,0.9999998807907104
7108,1.0,0.9999998807907104
7109,1.0,0.9999998807907104
7110,1.0,0.9999998807907104
7111,1.0,0.9999998807907104
7112,1.0,0.9999998807907104
7113,1.0,0.9999998807907104
7114,1.0,0.9999998807907104
7115,1.0,0.9999998807907104
7116,1.0,0.9999998807907104
7117,1.0,0.9999998807907104
7118,1.0,0.9999998807907104
7119,1.0,0.9999998807907104
7120,1.0,0.9999998807907104
7121,1.0,0.9999998807907104
7122,1.0,0.9999998807907104
7123,1.0,0.9999998807907104
7124,1.0,0.9999998807907104
7125,1.0,0.9999998807907104
7126,1.0,0.9999998807907104
7127,1.0,0.9999998807907104
7128,1.0,0.9999998807907104
7129,1.0,0.9999998807907104
7130,1.0,0.9999998807907104
7131,1.0,0.9999998807907104
7132,1.0,0.9999998807907104
7133,1.0,0.9999998807907104
7134,1.0,0.9999998807907104
7135,1.0,0.9999998807907104
7136,1.0,0.9999998807907104
7137,1.0,0.9999998807907104
7138,1.0,0.9999998807907104
7139,1.0,0.9999998807907104
7140,1.0,0.9999998807907104
7141,1.0,0.9999998807907104
7142,1.0,0.9999998807907104
7143,1.0,0.9999998807907104
7144,1.0,0.9999998807907104
7145,1.0,0.9999998807907104
7146,1.0,0.9999998807907104
7147,1.0,0.9999998807907104
7148,1.0,0.9999998807907104
7149,1.0,0.9999998807907104
7150,1.0,0.9999998807907104
7151,1.0,0.9999998807907104
7152,1.0,0.9999998807907104
7153,1.0,0.9999998807907104
7154,1.0,0.9999998807907104
7155,1.0,0.9999998807907104
7156,1.0,0.9999998807907104
7157,1.0,0.9999998807907104
7158,1.0,0.9999998807907104
7159,1.0,0.9999998807907104
7160,1.0,0.9999998807907104
7161,1.0,0.9999998807907104
7162,1.0,0.9999998807907104
7163,1.0,0.9999998807907104
7164,1.0,0.9999998807907104
7165,1.0,0.9999998807907104
7166,1.0,0.9999998807907104
7167,1.0,0.9999998807907104
7168,1.0,0.9999998807907104
7169,1.0,0.9999998807907104
7170,1.0,0.9999998807907104
7171,1.0,0.9999998807907104
7172,1.0,0.9999998807907104
7173,1.0,0.9999998807907104
7174,1.0,0.9999998807907104
7175,1.0,0.9999998807907104
7176,1.0,0.9999998807907104
7177,1.0,0.9999998807907104
7178,1.0,0.9999998807907104
7179,1.0,0.9999998807907104
7180,1.0,0.9999998807907104
7181,1.0,0.9999998807907104
7182,1.0,0.9999998807907104
7183,1.0,0.9999998807907104
7184,1.0,0.9999998807907104
7185,1.0,0.9999998807907104
7186,1.0,0.9999998807907104
7187,1.0,0.9999998807907104
7188,1.0,0.9999998807907104
7189,1.0,0.9999998807907104
7190,1.0,0.9999998807907104
7191,1.0,0.9999998807907104
7192,1.0,0.9999998807907104
7193,1.0,0.9999998807907104
7194,1.0,0.9999998807907104
7195,1.0,0.9999998807907104
7196,1.0,0.9999998807907104
7197,1.0,0.9999998807907104
7198,1.0,0.9999998807907104
7199,1.0,0.9999998807907104
7200,1.0,0.9999998807907104
7201,1.0,0.9999998807907104
7202,1.0,0.9999998807907104
7203,1.0,0.9999998807907104
7204,1.0,0.9999998807907104
7205,1.0,0.9999998807907104
7206,1.0,0.9999998807907104
7207,1.0,0.9999998807907104
7208,1.0,0.9999998807907104
7209,1.0,0.9999998807907104
7210,1.0,0.9999998807907104
7211,1.0,0.9999998807907104
7212,1.0,0.9999998807907104
7213,1.0,0.9999998807907104
7214,1.0,0.9999998807907104
7215,1.0,0.9999998807907104
7216,1.0,0.9999998807907104
7217,1.0,0.9999998807907104
7218,1.0,0.9999998807907104
7219,1.0,0.9999998807907104
7220,1.0,0.9999998807907104
7221,1.0,0.9999998807907104
7222,1.0,0.9999998807907104
7223,1.0,0.9999998807907104
7224,1.0,0.9999998807907104
7225,1.0,0.9999998807907104
7226,1.0,0.9999998807907104
7227,1.0,0.9999998807907104
7228,1.0,0.9999998807907104
7229,1.0,0.9999998807907104
7230,1.0,0.9999998807907104
7231,1.0,0.9999998807907104
7232,1.0,0.9999998807907104
7233,1.0,0.9999998807907104
7234,1.0,0.9999998807907104
7235,1.0,0.9999998807907104
7236,1.0,0.9999998807907104
7237,1.0,0.9999998807907104
7238,1.0,0.9999998807907104
7239,1.0,0.9999998807907104
7240,1.0,0.9999998807907104
7241,1.0,0.9999998807907104
7242,1.0,0.9999998807907104
7243,1.0,0.9999998807907104
7244,1.0,0.9999998807907104
7245,1.0,0.9999998807907104
7246,1.0,0.9999998807907104
7247,1.0,0.9999998807907104
7248,1.0,0.9999998807907104
7249,1.0,0.9999998807907104
7250,1.0,0.9999998807907104
7251,1.0,0.9999998807907104
7252,1.0,0.9999998807907104
7253,1.0,0.9999998807907104
7254,1.0,0.9999998807907104
7255,1.0,0.9999998807907104
7256,1.0,0.9999998807907104
7257,1.0,0.9999998807907104
7258,1.0,0.9999998807907104
7259,1.0,0.9999998807907104
7260,1.0,0.9999998807907104
7261,1.0,0.9999998807907104
7262,1.0,0.9999998807907104
7263,1.0,0.9999998807907104
7264,1.0,0.9999998807907104
7265,1.0,0.9999998807907104
7266,1.0,0.9999998807907104
7267,1.0,0.9999998807907104
7268,1.0,0.9999998807907104
7269,1.0,0.9999998807907104
7270,1.0,0.9999998807907104
7271,1.0,0.9999998807907104
7272,1.0,0.9999998807907104
7273,1.0,0.9999998807907104
7274,1.0,0.9999998807907104
7275,1.0,0.9999998807907104
7276,1.0,0.9999998807907104
7277,1.0,0.9999998807907104
7278,1.0,0.9999998807907104
7279,1.0,0.9999998807907104
7280,1.0,0.9999998807907104
7281,1.0,0.9999998807907104
7282,1.0,0.9999998807907104
7283,1.0,0.9999998807907104
7284,1.0,0.9999998807907104
7285,1.0,0.9999998807907104
7286,1.0,0.9999998807907104
7287,1.0,0.9999998807907104
7288,1.0,0.9999998807907104
7289,1.0,0.9999998807907104
7290,1.0,0.9999998807907104
7291,1.0,0.9999998807907104
7292,1.0,0.9999998807907104
7293,1.0,0.9999998807907104
7294,1.0,0.9999998807907104
7295,1.0,0.9999998807907104
7296,1.0,0.9999998807907104
7297,1.0,0.9999998807907104
7298,1.0,0.9999998807907104
7299,1.0,0.9999998807907104
7300,1.0,0.9999998807907104
7301,1.0,0.9999998807907104
7302,1.0,0.9999998807907104
7303,1.0,0.9999998807907104
7304,1.0,0.9999998807907104
7305,1.0,0.9999998807907104
7306,1.0,0.9999998807907104
7307,1.0,0.9999998807907104
7308,1.0,0.9999998807907104
7309,1.0,0.9999998807907104
7310,1.0,0.9999998807907104
7311,1.0,0.9999998807907104
7312,1.0,0.9999998807907104
7313,1.0,0.9999998807907104
7314,1.0,0.9999998807907104
7315,1.0,0.9999998807907104
7316,1.0,0.9999998807907104
7317,1.0,0.9999998807907104
7318,1.0,0.9999998807907104
7319,1.0,0.9999998807907104
7320,1.0,0.9999998807907104
7321,1.0,0.9999998807907104
7322,1.0,0.9999998807907104
7323,1.0,0.9999998807907104
7324,1.0,0.9999998807907104
7325,1.0,0.9999998807907104
7326,1.0,0.9999998807907104
7327,1.0,0.9999998807907104
7328,1.0,0.9999998807907104
7329,1.0,0.9999998807907104
7330,1.0,0.9999998807907104
7331,1.0,0.9999998807907104
7332,1.0,0.9999998807907104
7333,1.0,0.9999998807907104
7334,1.0,0.9999998807907104
7335,1.0,0.9999998807907104
7336,1.0,0.9999998807907104
7337,1.0,0.9999998807907104
7338,1.0,0.9999998807907104
7339,1.0,0.9999998807907104
7340,1.0,0.9999998807907104
7341,1.0,0.9999998807907104
7342,1.0,0.9999998807907104
7343,1.0,0.9999998807907104
7344,1.0,0.9999998807907104
7345,1.0,0.9999998807907104
7346,1.0,0.9999998807907104
7347,1.0,0.9999998807907104
7348,1.0,0.9999998807907104
7349,1.0,0.9999998807907104
7350,1.0,0.9999998807907104
7351,1.0,0.9999998807907104
7352,1.0,0.9999998807907104
7353,1.0,0.9999998807907104
7354,1.0,0.9999998807907104
7355,1.0,0.9999998807907104
7356,1.0,0.9999998807907104
7357,1.0,0.9999998807907104
7358,1.0,0.9999998807907104
7359,1.0,0.9999998807907104
7360,1.0,0.9999998807907104
7361,1.0,0.9999998807907104
7362,1.0,0.9999998807907104
7363,1.0,0.9999998807907104
7364,1.0,0.9999998807907104
7365,1.0,0.9999998807907104
7366,1.0,0.9999998807907104
7367,1.0,0.9999998807907104
7368,1.0,0.9999998807907104
7369,1.0,0.9999998807907104
7370,1.0,0.9999998807907104
7371,1.0,0.9999998807907104
7372,1.0,0.9999998807907104
7373,1.0,0.9999998807907104
7374,1.0,0.9999998807907104
7375,1.0,0.9999998807907104
7376,1.0,0.9999998807907104
7377,1.0,0.9999998807907104
7378,1.0,0.9999998807907104
7379,1.0,0.9999998807907104
7380,1.0,0.9999998807907104
7381,1.0,0.9999998807907104
7382,1.0,0.9999998807907104
7383,1.0,0.9999998807907104
7384,1.0,0.9999998807907104
7385,1.0,0.9999998807907104
7386,1.0,0.9999998807907104
7387,1.0,0.9999998807907104
7388,1.0,0.9999998807907104
7389,1.0,0.9999998807907104
7390,1.0,0.9999998807907104
7391,1.0,0.9999998807907104
7392,1.0,0.9999998807907104
7393,1.0,0.9999998807907104
7394,1.0,0.9999998807907104
7395,1.0,0.9999998807907104
7396,1.0,0.9999998807907104
7397,1.0,0.9999998807907104
7398,1.0,0.9999998807907104
7399,1.0,0.9999998807907104
7400,1.0,0.9999998807907104
7401,1.0,0.9999998807907104
7402,1.0,0.9999998807907104
7403,1.0,0.9999998807907104
7404,1.0,0.9999998807907104
7405,1.0,0.9999998807907104
7406,1.0,0.9999998807907104
7407,1.0,0.9999998807907104
7408,1.0,0.9999998807907104
7409,1.0,0.9999998807907104
7410,1.0,0.9999998807907104
7411,1.0,0.9999998807907104
7412,1.0,0.9999998807907104
7413,1.0,0.9999998807907104
7414,1.0,0.9999998807907104
7415,1.0,0.9999998807907104
7416,1.0,0.9999998807907104
7417,1.0,0.9999998807907104
7418,1.0,0.9999998807907104
7419,1.0,0.9999998807907104
7420,1.0,0.9999998807907104
7421,1.0,0.9999998807907104
7422,1.0,0.9999998807907104
7423,1.0,0.9999998807907104
7424,1.0,0.9999998807907104
7425,1.0,0.9999998807907104
7426,1.0,0.9999998807907104
7427,1.0,0.9999998807907104
7428,1.0,0.9999998807907104
7429,1.0,0.9999998807907104
7430,1.0,0.9999998807907104
7431,1.0,0.9999998807907104
7432,1.0,0.9999998807907104
7433,1.0,0.9999998807907104
7434,1.0,0.9999998807907104
7435,1.0,0.9999998807907104
7436,1.0,0.9999998807907104
7437,1.0,0.9999998807907104
7438,1.0,0.9999998807907104
7439,1.0,0.9999998807907104
7440,1.0,0.9999998807907104
7441,1.0,0.9999998807907104
7442,1.0,0.9999998807907104
7443,1.0,0.9999998807907104
7444,1.0,0.9999998807907104
7445,1.0,0.9999998807907104
7446,1.0,0.9999998807907104
7447,1.0,0.9999998807907104
7448,1.0,0.9999998807907104
7449,1.0,0.9999998807907104
7450,1.0,0.9999998807907104
7451,1.0,0.9999998807907104
7452,1.0,0.9999998807907104
7453,1.0,0.9999998807907104
7454,1.0,0.9999998807907104
7455,1.0,0.9999998807907104
7456,1.0,0.9999998807907104
7457,1.0,0.9999998807907104
7458,1.0,0.9999998807907104
7459,1.0,0.9999998807907104
7460,1.0,0.9999998807907104
7461,1.0,0.9999998807907104
7462,1.0,0.9999998807907104
7463,1.0,0.9999998807907104
7464,1.0,0.9999998807907104
7465,1.0,0.9999998807907104
7466,1.0,0.9999998807907104
7467,1.0,0.9999998807907104
7468,1.0,0.9999998807907104
7469,1.0,0.9999998807907104
7470,1.0,0.9999998807907104
7471,1.0,0.9999998807907104
7472,1.0,0.9999998807907104
7473,1.0,0.9999998807907104
7474,1.0,0.9999998807907104
7475,1.0,0.9999998807907104
7476,1.0,0.9999998807907104
7477,1.0,0.9999998807907104
7478,1.0,0.9999998807907104
7479,1.0,0.9999998807907104
7480,1.0,0.9999998807907104
7481,1.0,0.9999998807907104
7482,1.0,0.9999998807907104
7483,1.0,0.9999998807907104
7484,1.0,0.9999998807907104
7485,1.0,0.9999998807907104
7486,1.0,0.9999998807907104
7487,1.0,0.9999998807907104
7488,1.0,0.9999998807907104
7489,1.0,0.9999998807907104
7490,1.0,0.9999998807907104
7491,1.0,0.9999998807907104
7492,1.0,0.9999998807907104
7493,1.0,0.9999998807907104
7494,1.0,0.9999998807907104
7495,1.0,0.9999998807907104
7496,1.0,0.9999998807907104
7497,1.0,0.9999998807907104
7498,1.0,0.9999998807907104
7499,1.0,0.9999998807907104
7500,1.0,0.9999998807907104
7501,1.0,0.9999998807907104
7502,1.0,0.9999998807907104
7503,1.0,0.9999998807907104
7504,1.0,0.9999998807907104
7505,1.0,0.9999998807907104
7506,1.0,0.9999998807907104
7507,1.0,0.9999998807907104
7508,1.0,0.9999998807907104
7509,1.0,0.9999998807907104
7510,1.0,0.9999998807907104
7511,1.0,0.9999998807907104
7512,1.0,0.9999998807907104
7513,1.0,0.9999998807907104
7514,1.0,0.9999998807907104
7515,1.0,0.9999998807907104
7516,1.0,0.9999998807907104
7517,1.0,0.9999998807907104
7518,1.0,0.9999998807907104
7519,1.0,0.9999998807907104
7520,1.0,0.9999998807907104
7521,1.0,0.9999998807907104
7522,1.0,0.9999998807907104
7523,1.0,0.9999998807907104
7524,1.0,0.9999998807907104
7525,1.0,0.9999998807907104
7526,1.0,0.9999998807907104
7527,1.0,0.9999998807907104
7528,1.0,0.9999998807907104
7529,1.0,0.9999998807907104
7530,1.0,0.9999998807907104
7531,1.0,0.9999998807907104
7532,1.0,0.9999998807907104
7533,1.0,0.9999998807907104
7534,1.0,0.9999998807907104
7535,1.0,0.9999998807907104
7536,1.0,0.9999998807907104
7537,1.0,0.9999998807907104
7538,1.0,0.9999998807907104
7539,1.0,0.9999998807907104
7540,1.0,0.9999998807907104
7541,1.0,0.9999998807907104
7542,1.0,0.9999998807907104
7543,1.0,0.9999998807907104
7544,1.0,0.9999998807907104
7545,1.0,0.9999998807907104
7546,1.0,0.9999998807907104
7547,1.0,0.9999998807907104
7548,1.0,0.9999998807907104
7549,1.0,0.9999998807907104
7550,1.0,0.9999998807907104
7551,1.0,0.9999998807907104
7552,1.0,0.9999998807907104
7553,1.0,0.9999998807907104
7554,1.0,0.9999998807907104
7555,1.0,0.9999998807907104
7556,1.0,0.9999998807907104
7557,1.0,0.9999998807907104
7558,1.0,0.9999998807907104
7559,1.0,0.9999998807907104
7560,1.0,0.9999998807907104
7561,1.0,0.9999998807907104
7562,1.0,0.9999998807907104
7563,1.0,0.9999998807907104
7564,1.0,0.9999998807907104
7565,1.0,0.9999998807907104
7566,1.0,0.9999998807907104
7567,1.0,0.9999998807907104
7568,1.0,0.9999998807907104
7569,1.0,0.9999998807907104
7570,1.0,0.9999998807907104
7571,1.0,0.9999998807907104
7572,1.0,0.9999998807907104
7573,1.0,0.9999998807907104
7574,1.0,0.9999998807907104
7575,1.0,0.9999998807907104
7576,1.0,0.9999998807907104
7577,1.0,0.9999998807907104
7578,1.0,0.9999998807907104
7579,1.0,0.9999998807907104
7580,1.0,0.9999998807907104
7581,1.0,0.9999998807907104
7582,1.0,0.9999998807907104
7583,1.0,0.9999998807907104
7584,1.0,0.9999998807907104
7585,1.0,0.9999998807907104
7586,1.0,0.9999998807907104
7587,1.0,0.9999998807907104
7588,1.0,0.9999998807907104
7589,1.0,0.9999998807907104
7590,1.0,0.9999998807907104
7591,1.0,0.9999998807907104
7592,1.0,0.9999998807907104
7593,1.0,0.9999998807907104
7594,1.0,0.9999998807907104
7595,1.0,0.9999998807907104
7596,1.0,0.9999998807907104
7597,1.0,0.9999998807907104
7598,1.0,0.9999998807907104
7599,1.0,0.9999998807907104
7600,1.0,0.9999998807907104
7601,1.0,0.9999998807907104
7602,1.0,0.9999998807907104
7603,1.0,0.9999998807907104
7604,1.0,0.9999998807907104
7605,1.0,0.9999998807907104
7606,1.0,0.9999998807907104
7607,1.0,0.9999998807907104
7608,1.0,0.9999998807907104
7609,1.0,0.9999998807907104
7610,1.0,0.9999998807907104
7611,1.0,0.9999998807907104
7612,1.0,0.9999998807907104
7613,1.0,0.9999998807907104
7614,1.0,0.9999998807907104
7615,1.0,0.9999998807907104
7616,1.0,0.9999998807907104
7617,1.0,0.9999998807907104
7618,1.0,0.9999998807907104
7619,1.0,0.9999998807907104
7620,1.0,0.9999998807907104
7621,1.0,0.9999998807907104
7622,1.0,0.9999998807907104
7623,1.0,0.9999998807907104
7624,1.0,0.9999998807907104
7625,1.0,0.9999998807907104
7626,1.0,0.9999998807907104
7627,1.0,0.9999998807907104
7628,1.0,0.9999998807907104
7629,1.0,0.9999998807907104
7630,1.0,0.9999998807907104
7631,1.0,0.9999998807907104
7632,1.0,0.9999998807907104
7633,1.0,0.9999998807907104
7634,1.0,0.9999998807907104
7635,1.0,0.9999998807907104
7636,1.0,0.9999998807907104
7637,1.0,0.9999998807907104
7638,1.0,0.9999998807907104
7639,1.0,0.9999998807907104
7640,1.0,0.9999998807907104
7641,1.0,0.9999998807907104
7642,1.0,0.9999998807907104
7643,1.0,0.9999998807907104
7644,1.0,0.9999998807907104
7645,1.0,0.9999998807907104
7646,1.0,0.9999998807907104
7647,1.0,0.9999998807907104
7648,1.0,0.9999998807907104
7649,1.0,0.9999998807907104
7650,1.0,0.9999998807907104
7651,1.0,0.9999998807907104
7652,1.0,0.9999998807907104
7653,1.0,0.9999998807907104
7654,1.0,0.9999998807907104
7655,1.0,0.9999998807907104
7656,1.0,0.9999998807907104
7657,1.0,0.9999998807907104
7658,1.0,0.9999998807907104
7659,1.0,0.9999998807907104
7660,1.0,0.9999998807907104
7661,1.0,0.9999998807907104
7662,1.0,0.9999998807907104
7663,1.0,0.9999998807907104
7664,1.0,0.9999998807907104
7665,1.0,0.9999998807907104
7666,1.0,0.9999998807907104
7667,1.0,0.9999998807907104
7668,1.0,0.9999998807907104
7669,1.0,0.9999998807907104
7670,1.0,0.9999998807907104
7671,1.0,0.9999998807907104
7672,1.0,0.9999998807907104
7673,1.0,0.9999998807907104
7674,1.0,0.9999998807907104
7675,1.0,0.9999998807907104
7676,1.0,0.9999998807907104
7677,1.0,0.9999998807907104
7678,1.0,0.9999998807907104
7679,1.0,0.9999998807907104
7680,1.0,0.9999998807907104
7681,1.0,0.9999998807907104
7682,1.0,0.9999998807907104
7683,1.0,0.9999998807907104
7684,1.0,0.9999998807907104
7685,1.0,0.9999998807907104
7686,1.0,0.9999998807907104
7687,1.0,0.9999998807907104
7688,1.0,0.9999998807907104
7689,1.0,0.9999998807907104
7690,1.0,0.9999998807907104
7691,1.0,0.9999998807907104
7692,1.0,0.9999998807907104
7693,1.0,0.9999998807907104
7694,1.0,0.9999998807907104
7695,1.0,0.9999998807907104
7696,1.0,0.9999998807907104
7697,1.0,0.9999998807907104
7698,1.0,0.9999998807907104
7699,1.0,0.9999998807907104
7700,1.0,0.9999998807907104
7701,1.0,0.9999998807907104
7702,1.0,0.9999998807907104
7703,1.0,0.9999998807907104
7704,1.0,0.9999998807907104
7705,1.0,0.9999998807907104
7706,1.0,0.9999998807907104
7707,1.0,0.9999998807907104
7708,1.0,0.9999998807907104
7709,1.0,0.9999998807907104
7710,1.0,0.9999998807907104
7711,1.0,0.9999998807907104
7712,1.0,0.9999998807907104
7713,1.0,0.9999998807907104
7714,1.0,0.9999998807907104
7715,1.0,0.9999998807907104
7716,1.0,0.9999998807907104
7717,1.0,0.9999998807907104
7718,1.0,0.9999998807907104
7719,1.0,0.9999998807907104
7720,1.0,0.9999998807907104
7721,1.0,0.9999998807907104
7722,1.0,0.9999998807907104
7723,1.0,0.9999998807907104
7724,1.0,0.9999998807907104
7725,1.0,0.9999998807907104
7726,1.0,0.9999998807907104
7727,1.0,0.9999998807907104
7728,1.0,0.9999998807907104
7729,1.0,0.9999998807907104
7730,1.0,0.9999998807907104
7731,1.0,0.9999998807907104
7732,1.0,0.9999998807907104
7733,1.0,0.9999998807907104
7734,1.0,0.9999998807907104
7735,1.0,0.9999998807907104
7736,1.0,0.9999998807907104
7737,1.0,0.9999998807907104
7738,1.0,0.9999998807907104
7739,1.0,0.9999998807907104
7740,1.0,0.9999998807907104
7741,1.0,0.9999998807907104
7742,1.0,0.9999998807907104
7743,1.0,0.9999998807907104
7744,1.0,0.9999998807907104
7745,1.0,0.9999998807907104
7746,1.0,0.9999998807907104
7747,1.0,0.9999998807907104
7748,1.0,0.9999998807907104
7749,1.0,0.9999998807907104
7750,1.0,0.9999998807907104
7751,1.0,0.9999998807907104
7752,1.0,0.9999998807907104
7753,1.0,0.9999998807907104
7754,1.0,0.9999998807907104
7755,1.0,0.9999998807907104
7756,1.0,0.9999998807907104
7757,1.0,0.9999998807907104
7758,1.0,0.9999998807907104
7759,1.0,0.9999998807907104
7760,1.0,0.9999998807907104
7761,1.0,0.9999998807907104
7762,1.0,0.9999998807907104
7763,1.0,0.9999998807907104
7764,1.0,0.9999998807907104
7765,1.0,0.9999998807907104
7766,1.0,0.9999998807907104
7767,1.0,0.9999998807907104
7768,1.0,0.9999998807907104
7769,1.0,0.9999998807907104
7770,1.0,0.9999998807907104
7771,1.0,0.9999998807907104
7772,1.0,0.9999998807907104
7773,1.0,0.9999998807907104
7774,1.0,0.9999998807907104
7775,1.0,0.9999998807907104
7776,1.0,0.9999998807907104
7777,1.0,0.9999998807907104
7778,1.0,0.9999998807907104
7779,1.0,0.9999998807907104
7780,1.0,0.9999998807907104
7781,1.0,0.9999998807907104
7782,1.0,0.9999998807907104
7783,1.0,0.9999998807907104
7784,1.0,0.9999998807907104
7785,1.0,0.9999998807907104
7786,1.0,0.9999998807907104
7787,1.0,0.9999998807907104
7788,1.0,0.9999998807907104
7789,1.0,0.9999998807907104
7790,1.0,0.9999998807907104
7791,1.0,0.9999998807907104
7792,1.0,0.9999998807907104
7793,1.0,0.9999998807907104
7794,1.0,0.9999998807907104
7795,1.0,0.9999998807907104
7796,1.0,0.9999998807907104
7797,1.0,0.9999998807907104
7798,1.0,0.9999998807907104
7799,1.0,0.9999998807907104
7800,1.0,0.9999998807907104
7801,1.0,0.9999998807907104
7802,1.0,0.9999998807907104
7803,1.0,0.9999998807907104
7804,1.0,0.9999998807907104
7805,1.0,0.9999998807907104
7806,1.0,0.9999998807907104
7807,1.0,0.9999998807907104
7808,1.0,0.9999998807907104
7809,1.0,0.9999998807907104
7810,1.0,0.9999998807907104
7811,1.0,0.9999998807907104
7812,1.0,0.9999998807907104
7813,1.0,0.9999998807907104
7814,1.0,0.9999998807907104
7815,1.0,0.9999998807907104
7816,1.0,0.9999998807907104
7817,1.0,0.9999998807907104
7818,1.0,0.9999998807907104
7819,1.0,0.9999998807907104
7820,1.0,0.9999998807907104
7821,1.0,0.9999998807907104
7822,1.0,0.9999998807907104
7823,1.0,0.9999998807907104
7824,1.0,0.9999998807907104
7825,1.0,0.9999998807907104
7826,1.0,0.9999998807907104
7827,1.0,0.9999998807907104
7828,1.0,0.9999998807907104
7829,1.0,0.9999998807907104
7830,1.0,0.9999998807907104
7831,1.0,0.9999998807907104
7832,1.0,0.9999998807907104
7833,1.0,0.9999998807907104
7834,1.0,0.9999998807907104
7835,1.0,0.9999998807907104
7836,1.0,0.9999998807907104
7837,1.0,0.9999998807907104
7838,1.0,0.9999998807907104
7839,1.0,0.9999998807907104
7840,1.0,0.9999998807907104
7841,1.0,0.9999998807907104
7842,1.0,0.9999998807907104
7843,1.0,0.9999998807907104
7844,1.0,0.9999998807907104
7845,1.0,0.9999998807907104
7846,1.0,0.9999998807907104
7847,1.0,0.9999998807907104
7848,1.0,0.9999998807907104
7849,1.0,0.9999998807907104
7850,1.0,0.9999998807907104
7851,1.0,0.9999998807907104
7852,1.0,0.9999998807907104
7853,1.0,0.9999998807907104
7854,1.0,0.9999998807907104
7855,1.0,0.9999998807907104
7856,1.0,0.9999998807907104
7857,1.0,0.9999998807907104
7858,1.0,0.9999998807907104
7859,1.0,0.9999998807907104
7860,1.0,0.9999998807907104
7861,1.0,0.9999998807907104
7862,1.0,0.9999998807907104
7863,1.0,0.9999998807907104
7864,1.0,0.9999998807907104
7865,1.0,0.9999998807907104
7866,1.0,0.9999998807907104
7867,1.0,0.9999998807907104
7868,1.0,0.9999998807907104
7869,1.0,0.9999998807907104
7870,1.0,0.9999998807907104
7871,1.0,0.9999998807907104
7872,1.0,0.9999998807907104
7873,1.0,0.9999998807907104
7874,1.0,0.9999998807907104
7875,1.0,0.9999998807907104
7876,1.0,0.9999998807907104
7877,1.0,0.9999998807907104
7878,1.0,0.9999998807907104
7879,1.0,0.9999998807907104
7880,1.0,0.9999998807907104
7881,1.0,0.9999998807907104
7882,1.0,0.9999998807907104
7883,1.0,0.9999998807907104
7884,1.0,0.9999998807907104
7885,1.0,0.9999998807907104
7886,1.0,0.9999998807907104
7887,1.0,0.9999998807907104
7888,1.0,0.9999998807907104
7889,1.0,0.9999998807907104
7890,1.0,0.9999998807907104
7891,1.0,0.9999998807907104
7892,1.0,0.9999998807907104
7893,1.0,0.9999998807907104
7894,1.0,0.9999998807907104
7895,1.0,0.9999998807907104
7896,1.0,0.9999998807907104
7897,1.0,0.9999998807907104
7898,1.0,0.9999998807907104
7899,1.0,0.9999998807907104
7900,1.0,0.9999998807907104
7901,1.0,0.9999998807907104
7902,1.0,0.9999998807907104
7903,1.0,0.9999998807907104
7904,1.0,0.9999998807907104
7905,1.0,0.9999998807907104
7906,1.0,0.9999998807907104
7907,1.0,0.9999998807907104
7908,1.0,0.9999998807907104
7909,1.0,0.9999998807907104
7910,1.0,0.9999998807907104
7911,1.0,0.9999998807907104
7912,1.0,0.9999998807907104
7913,1.0,0.9999998807907104
7914,1.0,0.9999998807907104
7915,1.0,0.9999998807907104
7916,1.0,0.9999998807907104
7917,1.0,0.9999998807907104
7918,1.0,0.9999998807907104
7919,1.0,0.9999998807907104
7920,1.0,0.9999998807907104
7921,1.0,0.9999998807907104
7922,1.0,0.9999998807907104
7923,1.0,0.9999998807907104
7924,1.0,0.9999998807907104
7925,1.0,0.9999998807907104
7926,1.0,0.9999998807907104
7927,1.0,0.9999998807907104
7928,1.0,0.9999998807907104
7929,1.0,0.9999998807907104
7930,1.0,0.9999998807907104
7931,1.0,0.9999998807907104
7932,1.0,0.9999998807907104
7933,1.0,0.9999998807907104
7934,1.0,0.9999998807907104
7935,1.0,0.9999998807907104
7936,1.0,0.9999998807907104
7937,1.0,0.9999998807907104
7938,1.0,0.9999998807907104
7939,1.0,0.9999998807907104
7940,1.0,0.9999998807907104
7941,1.0,0.9999998807907104
7942,1.0,0.9999998807907104
7943,1.0,0.9999998807907104
7944,1.0,0.9999998807907104
7945,1.0,0.9999998807907104
7946,1.0,0.9999998807907104
7947,1.0,0.9999998807907104
7948,1.0,0.9999998807907104
7949,1.0,0.9999998807907104
7950,1.0,0.9999998807907104
7951,1.0,0.9999998807907104
7952,1.0,0.9999998807907104
7953,1.0,0.9999998807907104
7954,1.0,0.9999998807907104
7955,1.0,0.9999998807907104
7956,1.0,0.9999998807907104
7957,1.0,0.9999998807907104
7958,1.0,0.9999998807907104
7959,1.0,0.9999998807907104
7960,1.0,0.9999998807907104
7961,1.0,0.9999998807907104
7962,1.0,0.9999998807907104
7963,1.0,0.9999998807907104
7964,1.0,0.9999998807907104
7965,1.0,0.9999998807907104
7966,1.0,0.9999998807907104
7967,1.0,0.9999998807907104
7968,1.0,0.9999998807907104
7969,1.0,0.9999998807907104
7970,1.0,0.9999998807907104
7971,1.0,0.9999998807907104
7972,1.0,0.9999998807907104
7973,1.0,0.9999998807907104
7974,1.0,0.9999998807907104
7975,1.0,0.9999998807907104
7976,1.0,0.9999998807907104
7977,1.0,0.9999998807907104
7978,1.0,0.9999998807907104
7979,1.0,0.9999998807907104
7980,1.0,0.9999998807907104
7981,1.0,0.9999998807907104
7982,1.0,0.9999998807907104
7983,1.0,0.9999998807907104
7984,1.0,0.9999998807907104
7985,1.0,0.9999998807907104
7986,1.0,0.9999998807907104
7987,1.0,0.9999998807907104
7988,1.0,0.9999998807907104
7989,1.0,0.9999998807907104
7990,1.0,0.9999998807907104
7991,1.0,0.9999998807907104
7992,1.0,0.9999998807907104
7993,1.0,0.9999998807907104
7994,1.0,0.9999998807907104
7995,1.0,0.9999998807907104
7996,1.0,0.9999998807907104
7997,1.0,0.9999998807907104
7998,1.0,0.9999998807907104
7999,1.0,0.9999998807907104
8000,1.0,0.9999998807907104
8001,1.0,0.9999998807907104
8002,1.0,0.9999998807907104
8003,1.0,0.9999998807907104
8004,1.0,0.9999998807907104
8005,1.0,0.9999998807907104
8006,1.0,0.9999998807907104
8007,1.0,0.9999998807907104
8008,1.0,0.9999998807907104
8009,1.0,0.9999998807907104
8010,1.0,0.9999998807907104
8011,1.0,0.9999998807907104
8012,1.0,0.9999998807907104
8013,1.0,0.9999998807907104
8014,1.0,0.9999998807907104
8015,1.0,0.9999998807907104
8016,1.0,0.9999998807907104
8017,1.0,0.9999998807907104
8018,1.0,0.9999998807907104
8019,1.0,0.9999998807907104
8020,1.0,0.9999998807907104
8021,1.0,0.9999998807907104
8022,1.0,0.9999998807907104
8023,1.0,0.9999998807907104
8024,1.0,0.9999998807907104
8025,1.0,0.9999998807907104
8026,1.0,0.9999998807907104
8027,1.0,0.9999998807907104
8028,1.0,0.9999998807907104
8029,1.0,0.9999998807907104
8030,1.0,0.9999998807907104
8031,1.0,0.9999998807907104
8032,1.0,0.9999998807907104
8033,1.0,0.9999998807907104
8034,1.0,0.9999998807907104
8035,1.0,0.9999998807907104
8036,1.0,0.9999998807907104
8037,1.0,0.9999998807907104
8038,1.0,0.9999998807907104
8039,1.0,0.9999998807907104
8040,1.0,0.9999998807907104
8041,1.0,0.9999998807907104
8042,1.0,0.9999998807907104
8043,1.0,0.9999998807907104
8044,1.0,0.9999998807907104
8045,1.0,0.9999998807907104
8046,1.0,0.9999998807907104
8047,1.0,0.9999998807907104
8048,1.0,0.9999998807907104
8049,1.0,0.9999998807907104
8050,1.0,0.9999998807907104
8051,1.0,0.9999998807907104
8052,1.0,0.9999998807907104
8053,1.0,0.9999998807907104
8054,1.0,0.9999998807907104
8055,1.0,0.9999998807907104
8056,1.0,0.9999998807907104
8057,1.0,0.9999998807907104
8058,1.0,0.9999998807907104
8059,1.0,0.9999998807907104
8060,1.0,0.9999998807907104
8061,1.0,0.9999998807907104
8062,1.0,0.9999998807907104
8063,1.0,0.9999998807907104
8064,1.0,0.9999998807907104
8065,1.0,0.9999998807907104
8066,1.0,0.9999998807907104
8067,1.0,0.9999998807907104
8068,1.0,0.9999998807907104
8069,1.0,0.9999998807907104
8070,1.0,0.9999998807907104
8071,1.0,0.9999998807907104
8072,1.0,0.9999998807907104
8073,1.0,0.9999998807907104
8074,1.0,0.9999998807907104
8075,1.0,0.9999998807907104
8076,1.0,0.9999998807907104
8077,1.0,0.9999998807907104
8078,1.0,0.9999998807907104
8079,1.0,0.9999998807907104
8080,1.0,0.9999998807907104
8081,1.0,0.9999998807907104
8082,1.0,0.9999998807907104
8083,1.0,0.9999998807907104
8084,1.0,0.9999998807907104
8085,1.0,0.9999998807907104
8086,1.0,0.9999998807907104
8087,1.0,0.9999998807907104
8088,1.0,0.9999998807907104
8089,1.0,0.9999998807907104
8090,1.0,0.9999998807907104
8091,1.0,0.9999998807907104
8092,1.0,0.9999998807907104
8093,1.0,0.9999998807907104
8094,1.0,0.9999998807907104
8095,1.0,0.9999998807907104
8096,1.0,0.9999998807907104
8097,1.0,0.9999998807907104
8098,1.0,0.9999998807907104
8099,1.0,0.9999998807907104
8100,1.0,0.9999998807907104
8101,1.0,0.9999998807907104
8102,1.0,0.9999998807907104
8103,1.0,0.9999998807907104
8104,1.0,0.9999998807907104
8105,1.0,0.9999998807907104
8106,1.0,0.9999998807907104
8107,1.0,0.9999998807907104
8108,1.0,0.9999998807907104
8109,1.0,0.9999998807907104
8110,1.0,0.9999998807907104
8111,1.0,0.9999998807907104
8112,1.0,0.9999998807907104
8113,1.0,0.9999998807907104
8114,1.0,0.9999998807907104
8115,1.0,0.9999998807907104
8116,1.0,0.9999998807907104
8117,1.0,0.9999998807907104
8118,1.0,0.9999998807907104
8119,1.0,0.9999998807907104
8120,1.0,0.9999998807907104
8121,1.0,0.9999998807907104
8122,1.0,0.9999998807907104
8123,1.0,0.9999998807907104
8124,1.0,0.9999998807907104
8125,1.0,0.9999998807907104
8126,1.0,0.9999998807907104
8127,1.0,0.9999998807907104
8128,1.0,0.9999998807907104
8129,1.0,0.9999998807907104
8130,1.0,0.9999998807907104
8131,1.0,0.9999998807907104
8132,1.0,0.9999998807907104
8133,1.0,0.9999998807907104
8134,1.0,0.9999998807907104
8135,1.0,0.9999998807907104
8136,1.0,0.9999998807907104
8137,1.0,0.9999998807907104
8138,1.0,0.9999998807907104
8139,1.0,0.9999998807907104
8140,1.0,0.9999998807907104
8141,1.0,0.9999998807907104
8142,1.0,0.9999998807907104
8143,1.0,0.9999998807907104
8144,1.0,0.9999998807907104
8145,1.0,0.9999998807907104
8146,1.0,0.9999998807907104
8147,1.0,0.9999998807907104
8148,1.0,0.9999998807907104
8149,1.0,0.9999998807907104
8150,1.0,0.9999998807907104
8151,1.0,0.9999998807907104
8152,1.0,0.9999998807907104
8153,1.0,0.9999998807907104
8154,1.0,0.9999998807907104
8155,1.0,0.9999998807907104
8156,1.0,0.9999998807907104
8157,1.0,0.9999998807907104
8158,1.0,0.9999998807907104
8159,1.0,0.9999998807907104
8160,1.0,0.9999998807907104
8161,1.0,0.9999998807907104
8162,1.0,0.9999998807907104
8163,1.0,0.9999998807907104
8164,1.0,0.9999998807907104
8165,1.0,0.9999998807907104
8166,1.0,0.9999998807907104
8167,1.0,0.9999998807907104
8168,1.0,0.9999998807907104
8169,1.0,0.9999998807907104
8170,1.0,0.9999998807907104
8171,1.0,0.9999998807907104
8172,1.0,0.9999998807907104
8173,1.0,0.9999998807907104
8174,1.0,0.9999998807907104
8175,1.0,0.9999998807907104
8176,1.0,0.9999998807907104
8177,1.0,0.9999998807907104
8178,1.0,0.9999998807907104
8179,1.0,0.9999998807907104
8180,1.0,0.9999998807907104
8181,1.0,0.9999998807907104
8182,1.0,0.9999998807907104
8183,1.0,0.9999998807907104
8184,1.0,0.9999998807907104
8185,1.0,0.9999998807907104
8186,1.0,0.9999998807907104
8187,1.0,0.9999998807907104
8188,1.0,0.9999998807907104
8189,1.0,0.9999998807907104
8190,1.0,0.9999998807907104
8191,1.0,0.9999998807907104
8192,1.0,0.9999998807907104
8193,1.0,0.9999998807907104
8194,1.0,0.9999998807907104
8195,1.0,0.9999998807907104
8196,1.0,0.9999998807907104
8197,1.0,0.9999998807907104
8198,1.0,0.9999998807907104
8199,1.0,0.9999998807907104
8200,1.0,0.9999998807907104
8201,1.0,0.9999998807907104
8202,1.0,0.9999998807907104
8203,1.0,0.9999998807907104
8204,1.0,0.9999998807907104
8205,1.0,0.9999998807907104
8206,1.0,0.9999998807907104
8207,1.0,0.9999998807907104
8208,1.0,0.9999998807907104
8209,1.0,0.9999998807907104
8210,1.0,0.9999998807907104
8211,1.0,0.9999998807907104
8212,1.0,0.9999998807907104
8213,1.0,0.9999998807907104
8214,1.0,0.9999998807907104
8215,1.0,0.9999998807907104
8216,1.0,0.9999998807907104
8217,1.0,0.9999998807907104
8218,1.0,0.9999998807907104
8219,1.0,0.9999998807907104
8220,1.0,0.9999998807907104
8221,1.0,0.9999998807907104
8222,1.0,0.9999998807907104
8223,1.0,0.9999998807907104
8224,1.0,0.9999998807907104
8225,1.0,0.9999998807907104
8226,1.0,0.9999998807907104
8227,1.0,0.9999998807907104
8228,1.0,0.9999998807907104
8229,1.0,0.9999998807907104
8230,1.0,0.9999998807907104
8231,1.0,0.9999998807907104
8232,1.0,0.9999998807907104
8233,1.0,0.9999998807907104
8234,1.0,0.9999998807907104
8235,1.0,0.9999998807907104
8236,1.0,0.9999998807907104
8237,1.0,0.9999998807907104
8238,1.0,0.9999998807907104
8239,1.0,0.9999998807907104
8240,1.0,0.9999998807907104
8241,1.0,0.9999998807907104
8242,1.0,0.9999998807907104
8243,1.0,0.9999998807907104
8244,1.0,0.9999998807907104
8245,1.0,0.9999998807907104
8246,1.0,0.9999998807907104
8247,1.0,0.9999998807907104
8248,1.0,0.9999998807907104
8249,1.0,0.9999998807907104
8250,1.0,0.9999998807907104
8251,1.0,0.9999998807907104
8252,1.0,0.9999998807907104
8253,1.0,0.9999998807907104
8254,1.0,0.9999998807907104
8255,1.0,0.9999998807907104
8256,1.0,0.9999998807907104
8257,1.0,0.9999998807907104
8258,1.0,0.9999998807907104
8259,1.0,0.9999998807907104
8260,1.0,0.9999998807907104
8261,1.0,0.9999998807907104
8262,1.0,0.9999998807907104
8263,1.0,0.9999998807907104
8264,1.0,0.9999998807907104
8265,1.0,0.9999998807907104
8266,1.0,0.9999998807907104
8267,1.0,0.9999998807907104
8268,1.0,0.9999998807907104
8269,1.0,0.9999998807907104
8270,1.0,0.9999998807907104
8271,1.0,0.9999998807907104
8272,1.0,0.9999998807907104
8273,1.0,0.9999998807907104
8274,1.0,0.9999998807907104
8275,1.0,0.9999998807907104
8276,1.0,0.9999998807907104
8277,1.0,0.9999998807907104
8278,1.0,0.9999998807907104
8279,1.0,0.9999998807907104
8280,1.0,0.9999998807907104
8281,1.0,0.9999998807907104
8282,1.0,0.9999998807907104
8283,1.0,0.9999998807907104
8284,1.0,0.9999998807907104
8285,1.0,0.9999998807907104
8286,1.0,0.9999998807907104
8287,1.0,0.9999998807907104
8288,1.0,0.9999998807907104
8289,1.0,0.9999998807907104
8290,1.0,0.9999998807907104
8291,1.0,0.9999998807907104
8292,1.0,0.9999998807907104
8293,1.0,0.9999998807907104
8294,1.0,0.9999998807907104
8295,1.0,0.9999998807907104
8296,1.0,0.9999998807907104
8297,1.0,0.9999998807907104
8298,1.0,0.9999998807907104
8299,1.0,0.9999998807907104
8300,1.0,0.9999998807907104
8301,1.0,0.9999998807907104
8302,1.0,0.9999998807907104
8303,1.0,0.9999998807907104
8304,1.0,0.9999998807907104
8305,1.0,0.9999998807907104
8306,1.0,0.9999998807907104
8307,1.0,0.9999998807907104
8308,1.0,0.9999998807907104
8309,1.0,0.9999998807907104
8310,1.0,0.9999998807907104
8311,1.0,0.9999998807907104
8312,1.0,0.9999998807907104
8313,1.0,0.9999998807907104
8314,1.0,0.9999998807907104
8315,1.0,0.9999998807907104
8316,1.0,0.9999998807907104
8317,1.0,0.9999998807907104
8318,1.0,0.9999998807907104
8319,1.0,0.9999998807907104
8320,1.0,0.9999998807907104
8321,1.0,0.9999998807907104
8322,1.0,0.9999998807907104
8323,1.0,0.9999998807907104
8324,1.0,0.9999998807907104
8325,1.0,0.9999998807907104
8326,1.0,0.9999998807907104
8327,1.0,0.9999998807907104
8328,1.0,0.9999998807907104
8329,1.0,0.9999998807907104
8330,1.0,0.9999998807907104
8331,1.0,0.9999998807907104
8332,1.0,0.9999998807907104
8333,1.0,0.9999998807907104
8334,1.0,0.9999998807907104
8335,1.0,0.9999998807907104
8336,1.0,0.9999998807907104
8337,1.0,0.9999998807907104
8338,1.0,0.9999998807907104
8339,1.0,0.9999998807907104
8340,1.0,0.9999998807907104
8341,1.0,0.9999998807907104
8342,1.0,0.9999998807907104
8343,1.0,0.9999998807907104
8344,1.0,0.9999998807907104
8345,1.0,0.9999998807907104
8346,1.0,0.9999998807907104
8347,1.0,0.9999998807907104
8348,1.0,0.9999998807907104
8349,1.0,0.9999998807907104
8350,1.0,0.9999998807907104
8351,1.0,0.9999998807907104
8352,1.0,0.9999998807907104
8353,1.0,0.9999998807907104
8354,1.0,0.9999998807907104
8355,1.0,0.9999998807907104
8356,1.0,0.9999998807907104
8357,1.0,0.9999998807907104
8358,1.0,0.9999998807907104
8359,1.0,0.9999998807907104
8360,1.0,0.9999998807907104
8361,1.0,0.9999998807907104
8362,1.0,0.9999998807907104
8363,1.0,0.9999998807907104
8364,1.0,0.9999998807907104
8365,1.0,0.9999998807907104
8366,1.0,0.9999998807907104
8367,1.0,0.9999998807907104
8368,1.0,0.9999998807907104
8369,1.0,0.9999998807907104
8370,1.0,0.9999998807907104
8371,1.0,0.9999998807907104
8372,1.0,0.9999998807907104
8373,1.0,0.9999998807907104
8374,1.0,0.9999998807907104
8375,1.0,0.9999998807907104
8376,1.0,0.9999998807907104
8377,1.0,0.9999998807907104
8378,1.0,0.9999998807907104
8379,1.0,0.9999998807907104
8380,1.0,0.9999998807907104
8381,1.0,0.9999998807907104
8382,1.0,0.9999998807907104
8383,1.0,0.9999998807907104
8384,1.0,0.9999998807907104
8385,1.0,0.9999998807907104
8386,1.0,0.9999998807907104
8387,1.0,0.9999998807907104
8388,1.0,0.9999998807907104
8389,1.0,0.9999998807907104
8390,1.0,0.9999998807907104
8391,1.0,0.9999998807907104
8392,1.0,0.9999998807907104
8393,1.0,0.9999998807907104
8394,1.0,0.9999998807907104
8395,1.0,0.9999998807907104
8396,1.0,0.9999998807907104
8397,1.0,0.9999998807907104
8398,1.0,0.9999998807907104
8399,1.0,0.9999998807907104
8400,1.0,0.9999998807907104
8401,1.0,0.9999998807907104
8402,1.0,0.9999998807907104
8403,1.0,0.9999998807907104
8404,1.0,0.9999998807907104
8405,1.0,0.9999998807907104
8406,1.0,0.9999998807907104
8407,1.0,0.9999998807907104
8408,1.0,0.9999998807907104
8409,1.0,0.9999998807907104
8410,1.0,0.9999998807907104
8411,1.0,0.9999998807907104
8412,1.0,0.9999998807907104
8413,1.0,0.9999998807907104
8414,1.0,0.9999998807907104
8415,1.0,0.9999998807907104
8416,1.0,0.9999998807907104
8417,1.0,0.9999998807907104
8418,1.0,0.9999998807907104
8419,1.0,0.9999998807907104
8420,1.0,0.9999998807907104
8421,1.0,0.9999998807907104
8422,1.0,0.9999998807907104
8423,1.0,0.9999998807907104
8424,1.0,0.9999998807907104
8425,1.0,0.9999998807907104
8426,1.0,0.9999998807907104
8427,1.0,0.9999998807907104
8428,1.0,0.9999998807907104
8429,1.0,0.9999998807907104
8430,1.0,0.9999998807907104
8431,1.0,0.9999998807907104
8432,1.0,0.9999998807907104
8433,1.0,0.9999998807907104
8434,1.0,0.9999998807907104
8435,1.0,0.9999998807907104
8436,1.0,0.9999998807907104
8437,1.0,0.9999998807907104
8438,1.0,0.9999998807907104
8439,1.0,0.9999998807907104
8440,1.0,0.9999998807907104
8441,1.0,0.9999998807907104
8442,1.0,0.9999998807907104
8443,1.0,0.9999998807907104
8444,1.0,0.9999998807907104
8445,1.0,0.9999998807907104
8446,1.0,0.9999998807907104
8447,1.0,0.9999998807907104
8448,1.0,0.9999998807907104
8449,1.0,0.9999998807907104
8450,1.0,0.9999998807907104
8451,1.0,0.9999998807907104
8452,1.0,0.9999998807907104
8453,1.0,0.9999998807907104
8454,1.0,0.9999998807907104
8455,1.0,0.9999998807907104
8456,1.0,0.9999998807907104
8457,1.0,0.9999998807907104
8458,1.0,0.9999998807907104
8459,1.0,0.9999998807907104
8460,1.0,0.9999998807907104
8461,1.0,0.9999998807907104
8462,1.0,0.9999998807907104
8463,1.0,0.9999998807907104
8464,1.0,0.9999998807907104
8465,1.0,0.9999998807907104
8466,1.0,0.9999998807907104
8467,1.0,0.9999998807907104
8468,1.0,0.9999998807907104
8469,1.0,0.9999998807907104
8470,1.0,0.9999998807907104
8471,1.0,0.9999998807907104
8472,1.0,0.9999998807907104
8473,1.0,0.9999998807907104
8474,1.0,0.9999998807907104
8475,1.0,0.9999998807907104
8476,1.0,0.9999998807907104
8477,1.0,0.9999998807907104
8478,1.0,0.9999998807907104
8479,1.0,0.9999998807907104
8480,1.0,0.9999998807907104
8481,1.0,0.9999998807907104
8482,1.0,0.9999998807907104
8483,1.0,0.9999998807907104
8484,1.0,0.9999998807907104
8485,1.0,0.9999998807907104
8486,1.0,0.9999998807907104
8487,1.0,0.9999998807907104
8488,1.0,0.9999998807907104
8489,1.0,0.9999998807907104
8490,1.0,0.9999998807907104
8491,1.0,0.9999998807907104
8492,1.0,0.9999998807907104
8493,1.0,0.9999998807907104
8494,1.0,0.9999998807907104
8495,1.0,0.9999998807907104
8496,1.0,0.9999998807907104
8497,1.0,0.9999998807907104
8498,1.0,0.9999998807907104
8499,1.0,0.9999998807907104
8500,1.0,0.9999998807907104
8501,1.0,0.9999998807907104
8502,1.0,0.9999998807907104
8503,1.0,0.9999998807907104
8504,1.0,0.9999998807907104
8505,1.0,0.9999998807907104
8506,1.0,0.9999998807907104
8507,1.0,0.9999998807907104
8508,1.0,0.9999998807907104
8509,1.0,0.9999998807907104
8510,1.0,0.9999998807907104
8511,1.0,0.9999998807907104
8512,1.0,0.9999998807907104
8513,1.0,0.9999998807907104
8514,1.0,0.9999998807907104
8515,1.0,0.9999998807907104
8516,1.0,0.9999998807907104
8517,1.0,0.9999998807907104
8518,1.0,0.9999998807907104
8519,1.0,0.9999998807907104
8520,1.0,0.9999998807907104
8521,1.0,0.9999998807907104
8522,1.0,0.9999998807907104
8523,1.0,0.9999998807907104
8524,1.0,0.9999998807907104
8525,1.0,0.9999998807907104
8526,1.0,0.9999998807907104
8527,1.0,0.9999998807907104
8528,1.0,0.9999998807907104
8529,1.0,0.9999998807907104
8530,1.0,0.9999998807907104
8531,1.0,0.9999998807907104
8532,1.0,0.9999998807907104
8533,1.0,0.9999998807907104
8534,1.0,0.9999998807907104
8535,1.0,0.9999998807907104
8536,1.0,0.9999998807907104
8537,1.0,0.9999998807907104
8538,1.0,0.9999998807907104
8539,1.0,0.9999998807907104
8540,1.0,0.9999998807907104
8541,1.0,0.9999998807907104
8542,1.0,0.9999998807907104
8543,1.0,0.9999998807907104
8544,1.0,0.9999998807907104
8545,1.0,0.9999998807907104
8546,1.0,0.9999998807907104
8547,1.0,0.9999998807907104
8548,1.0,0.9999998807907104
8549,1.0,0.9999998807907104
8550,1.0,0.9999998807907104
8551,1.0,0.9999998807907104
8552,1.0,0.9999998807907104
8553,1.0,0.9999998807907104
8554,1.0,0.9999998807907104
8555,1.0,0.9999998807907104
8556,1.0,0.9999998807907104
8557,1.0,0.9999998807907104
8558,1.0,0.9999998807907104
8559,1.0,0.9999998807907104
8560,1.0,0.9999998807907104
8561,1.0,0.9999998807907104
8562,1.0,0.9999998807907104
8563,1.0,0.9999998807907104
8564,1.0,0.9999998807907104
8565,1.0,0.9999998807907104
8566,1.0,0.9999998807907104
8567,1.0,0.9999998807907104
8568,1.0,0.9999998807907104
8569,1.0,0.9999998807907104
8570,1.0,0.9999998807907104
8571,1.0,0.9999998807907104
8572,1.0,0.9999998807907104
8573,1.0,0.9999998807907104
8574,1.0,0.9999998807907104
8575,1.0,0.9999998807907104
8576,1.0,0.9999998807907104
8577,1.0,0.9999998807907104
8578,1.0,0.9999998807907104
8579,1.0,0.9999998807907104
8580,1.0,0.9999998807907104
8581,1.0,0.9999998807907104
8582,1.0,0.9999998807907104
8583,1.0,0.9999998807907104
8584,1.0,0.9999998807907104
8585,1.0,0.9999998807907104
8586,1.0,0.9999998807907104
8587,1.0,0.9999998807907104
8588,1.0,0.9999998807907104
8589,1.0,0.9999998807907104
8590,1.0,0.9999998807907104
8591,1.0,0.9999998807907104
8592,1.0,0.9999998807907104
8593,1.0,0.9999998807907104
8594,1.0,0.9999998807907104
8595,1.0,0.9999998807907104
8596,1.0,0.9999998807907104
8597,1.0,0.9999998807907104
8598,1.0,0.9999998807907104
8599,1.0,0.9999998807907104
8600,1.0,0.9999998807907104
8601,1.0,0.9999998807907104
8602,1.0,0.9999998807907104
8603,1.0,0.9999998807907104
8604,1.0,0.9999998807907104
8605,1.0,0.9999998807907104
8606,1.0,0.9999998807907104
8607,1.0,0.9999998807907104
8608,1.0,0.9999998807907104
8609,1.0,0.9999998807907104
8610,1.0,0.9999998807907104
8611,1.0,0.9999998807907104
8612,1.0,0.9999998807907104
8613,1.0,0.9999998807907104
8614,1.0,0.9999998807907104
8615,1.0,0.9999998807907104
8616,1.0,0.9999998807907104
8617,1.0,0.9999998807907104
8618,1.0,0.9999998807907104
8619,1.0,0.9999998807907104
8620,1.0,0.9999998807907104
8621,1.0,0.9999998807907104
8622,1.0,0.9999998807907104
8623,1.0,0.9999998807907104
8624,1.0,0.9999998807907104
8625,1.0,0.9999998807907104
8626,1.0,0.9999998807907104
8627,1.0,0.9999998807907104
8628,1.0,0.9999998807907104
8629,1.0,0.9999998807907104
8630,1.0,0.9999998807907104
8631,1.0,0.9999998807907104
8632,1.0,0.9999998807907104
8633,1.0,0.9999998807907104
8634,1.0,0.9999998807907104
8635,1.0,0.9999998807907104
8636,1.0,0.9999998807907104
8637,1.0,0.9999998807907104
8638,1.0,0.9999998807907104
8639,1.0,0.9999998807907104
8640,1.0,0.9999998807907104
8641,1.0,0.9999998807907104
8642,1.0,0.9999998807907104
8643,1.0,0.9999998807907104
8644,1.0,0.9999998807907104
8645,1.0,0.9999998807907104
8646,1.0,0.9999998807907104
8647,1.0,0.9999998807907104
8648,1.0,0.9999998807907104
8649,1.0,0.9999998807907104
8650,1.0,0.9999998807907104
8651,1.0,0.9999998807907104
8652,1.0,0.9999998807907104
8653,1.0,0.9999998807907104
8654,1.0,0.9999998807907104
8655,1.0,0.9999998807907104
8656,1.0,0.9999998807907104
8657,1.0,0.9999998807907104
8658,1.0,0.9999998807907104
8659,1.0,0.9999998807907104
8660,1.0,0.9999998807907104
8661,1.0,0.9999998807907104
8662,1.0,0.9999998807907104
8663,1.0,0.9999998807907104
8664,1.0,0.9999998807907104
8665,1.0,0.9999998807907104
8666,1.0,0.9999998807907104
8667,1.0,0.9999998807907104
8668,1.0,0.9999998807907104
8669,1.0,0.9999998807907104
8670,1.0,0.9999998807907104
8671,1.0,0.9999998807907104
8672,1.0,0.9999998807907104
8673,1.0,0.9999998807907104
8674,1.0,0.9999998807907104
8675,1.0,0.9999998807907104
8676,1.0,0.9999998807907104
8677,1.0,0.9999998807907104
8678,1.0,0.9999998807907104
8679,1.0,0.9999998807907104
8680,1.0,0.9999998807907104
8681,1.0,0.9999998807907104
8682,1.0,0.9999998807907104
8683,1.0,0.9999998807907104
8684,1.0,0.9999998807907104
8685,1.0,0.9999998807907104
8686,1.0,0.9999998807907104
8687,1.0,0.9999998807907104
8688,1.0,0.9999998807907104
8689,1.0,0.9999998807907104
8690,1.0,0.9999998807907104
8691,1.0,0.9999998807907104
8692,1.0,0.9999998807907104
8693,1.0,0.9999998807907104
8694,1.0,0.9999998807907104
8695,1.0,0.9999998807907104
8696,1.0,0.9999998807907104
8697,1.0,0.9999998807907104
8698,1.0,0.9999998807907104
8699,1.0,0.9999998807907104
8700,1.0,0.9999998807907104
8701,1.0,0.9999998807907104
8702,1.0,0.9999998807907104
8703,1.0,0.9999998807907104
8704,1.0,0.9999998807907104
8705,1.0,0.9999998807907104
8706,1.0,0.9999998807907104
8707,1.0,0.9999998807907104
8708,1.0,0.9999998807907104
8709,1.0,0.9999998807907104
8710,1.0,0.9999998807907104
8711,1.0,0.9999998807907104
8712,1.0,0.9999998807907104
8713,1.0,0.9999998807907104
8714,1.0,0.9999998807907104
8715,1.0,0.9999998807907104
8716,1.0,0.9999998807907104
8717,1.0,0.9999998807907104
8718,1.0,0.9999998807907104
8719,1.0,0.9999998807907104
8720,1.0,0.9999998807907104
8721,1.0,0.9999998807907104
8722,1.0,0.9999998807907104
8723,1.0,0.9999998807907104
8724,1.0,0.9999998807907104
8725,1.0,0.9999998807907104
8726,1.0,0.9999998807907104
8727,1.0,0.9999998807907104
8728,1.0,0.9999998807907104
8729,1.0,0.9999998807907104
8730,1.0,0.9999998807907104
8731,1.0,0.9999998807907104
8732,1.0,0.9999998807907104
8733,1.0,0.9999998807907104
8734,1.0,0.9999998807907104
8735,1.0,0.9999998807907104
8736,1.0,0.9999998807907104
8737,1.0,0.9999998807907104
8738,1.0,0.9999998807907104
8739,1.0,0.9999998807907104
8740,1.0,0.9999998807907104
8741,1.0,0.9999998807907104
8742,1.0,0.9999998807907104
8743,1.0,0.9999998807907104
8744,1.0,0.9999998807907104
8745,1.0,0.9999998807907104
8746,1.0,0.9999998807907104
8747,1.0,0.9999998807907104
8748,1.0,0.9999998807907104
8749,1.0,0.9999998807907104
8750,1.0,0.9999998807907104
8751,1.0,0.9999998807907104
8752,1.0,0.9999998807907104
8753,1.0,0.9999998807907104
8754,1.0,0.9999998807907104
8755,1.0,0.9999998807907104
8756,1.0,0.9999998807907104
8757,1.0,0.9999998807907104
8758,1.0,0.9999998807907104
8759,1.0,0.9999998807907104
8760,1.0,0.9999998807907104
8761,1.0,0.9999998807907104
8762,1.0,0.9999998807907104
8763,1.0,0.9999998807907104
8764,1.0,0.9999998807907104
8765,1.0,0.9999998807907104
8766,1.0,0.9999998807907104
8767,1.0,0.9999998807907104
8768,1.0,0.9999998807907104
8769,1.0,0.9999998807907104
8770,1.0,0.9999998807907104
8771,1.0,0.9999998807907104
8772,1.0,0.9999998807907104
8773,1.0,0.9999998807907104
8774,1.0,0.9999998807907104
8775,1.0,0.9999998807907104
8776,1.0,0.9999998807907104
8777,1.0,0.9999998807907104
8778,1.0,0.9999998807907104
8779,1.0,0.9999998807907104
8780,1.0,0.9999998807907104
8781,1.0,0.9999998807907104
8782,1.0,0.9999998807907104
8783,1.0,0.9999998807907104
8784,1.0,0.9999998807907104
8785,1.0,0.9999998807907104
8786,1.0,0.9999998807907104
8787,1.0,0.9999998807907104
8788,1.0,0.9999998807907104
8789,1.0,0.9999998807907104
8790,1.0,0.9999998807907104
8791,1.0,0.9999998807907104
8792,1.0,0.9999998807907104
8793,1.0,0.9999998807907104
8794,1.0,0.9999998807907104
8795,1.0,0.9999998807907104
8796,1.0,0.9999998807907104
8797,1.0,0.9999998807907104
8798,1.0,0.9999998807907104
8799,1.0,0.9999998807907104
8800,1.0,0.9999998807907104
8801,1.0,0.9999998807907104
8802,1.0,0.9999998807907104
8803,1.0,0.9999998807907104
8804,1.0,0.9999998807907104
8805,1.0,0.9999998807907104
8806,1.0,0.9999998807907104
8807,1.0,0.9999998807907104
8808,1.0,0.9999998807907104
8809,1.0,0.9999998807907104
8810,1.0,0.9999998807907104
8811,1.0,0.9999998807907104
8812,1.0,0.9999998807907104
8813,1.0,0.9999998807907104
8814,1.0,0.9999998807907104
8815,1.0,0.9999998807907104
8816,1.0,0.9999998807907104
8817,1.0,0.9999998807907104
8818,1.0,0.9999998807907104
8819,1.0,0.9999998807907104
8820,1.0,0.9999998807907104
8821,1.0,0.9999998807907104
8822,1.0,0.9999998807907104
8823,1.0,0.9999998807907104
8824,1.0,0.9999998807907104
8825,1.0,0.9999998807907104
8826,1.0,0.9999998807907104
8827,1.0,0.9999998807907104
8828,1.0,0.9999998807907104
8829,1.0,0.9999998807907104
8830,1.0,0.9999998807907104
8831,1.0,0.9999998807907104
8832,1.0,0.9999998807907104
8833,1.0,0.9999998807907104
8834,1.0,0.9999998807907104
8835,1.0,0.9999998807907104
8836,1.0,0.9999998807907104
8837,1.0,0.9999998807907104
8838,1.0,0.9999998807907104
8839,1.0,0.9999998807907104
8840,1.0,0.9999998807907104
8841,1.0,0.9999998807907104
8842,1.0,0.9999998807907104
8843,1.0,0.9999998807907104
8844,1.0,0.9999998807907104
8845,1.0,0.9999998807907104
8846,1.0,0.9999998807907104
8847,1.0,0.9999998807907104
8848,1.0,0.9999998807907104
8849,1.0,0.9999998807907104
8850,1.0,0.9999998807907104
8851,1.0,0.9999998807907104
8852,1.0,0.9999998807907104
8853,1.0,0.9999998807907104
8854,1.0,0.9999998807907104
8855,1.0,0.9999998807907104
8856,1.0,0.9999998807907104
8857,1.0,0.9999998807907104
8858,1.0,0.9999998807907104
8859,1.0,0.9999998807907104
8860,1.0,0.9999998807907104
8861,1.0,0.9999998807907104
8862,1.0,0.9999998807907104
8863,1.0,0.9999998807907104
8864,1.0,0.9999998807907104
8865,1.0,0.9999998807907104
8866,1.0,0.9999998807907104
8867,1.0,0.9999998807907104
8868,1.0,0.9999998807907104
8869,1.0,0.9999998807907104
8870,1.0,0.9999998807907104
8871,1.0,0.9999998807907104
8872,1.0,0.9999998807907104
8873,1.0,0.9999998807907104
8874,1.0,0.9999998807907104
8875,1.0,0.9999998807907104
8876,1.0,0.9999998807907104
8877,1.0,0.9999998807907104
8878,1.0,0.9999998807907104
8879,1.0,0.9999998807907104
8880,1.0,0.9999998807907104
8881,1.0,0.9999998807907104
8882,1.0,0.9999998807907104
8883,1.0,0.9999998807907104
8884,1.0,0.9999998807907104
8885,1.0,0.9999998807907104
8886,1.0,0.9999998807907104
8887,1.0,0.9999998807907104
8888,1.0,0.9999998807907104
8889,1.0,0.9999998807907104
8890,1.0,0.9999998807907104
8891,1.0,0.9999998807907104
8892,1.0,0.9999998807907104
8893,1.0,0.9999998807907104
8894,1.0,0.9999998807907104
8895,1.0,0.9999998807907104
8896,1.0,0.9999998807907104
8897,1.0,0.9999998807907104
8898,1.0,0.9999998807907104
8899,1.0,0.9999998807907104
8900,1.0,0.9999998807907104
8901,1.0,0.9999998807907104
8902,1.0,0.9999998807907104
8903,1.0,0.9999998807907104
8904,1.0,0.9999998807907104
8905,1.0,0.9999998807907104
8906,1.0,0.9999998807907104
8907,1.0,0.9999998807907104
8908,1.0,0.9999998807907104
8909,1.0,0.9999998807907104
8910,1.0,0.9999998807907104
8911,1.0,0.9999998807907104
8912,1.0,0.9999998807907104
8913,1.0,0.9999998807907104
8914,1.0,0.9999998807907104
8915,1.0,0.9999998807907104
8916,1.0,0.9999998807907104
8917,1.0,0.9999998807907104
8918,1.0,0.9999998807907104
8919,1.0,0.9999998807907104
8920,1.0,0.9999998807907104
8921,1.0,0.9999998807907104
8922,1.0,0.9999998807907104
8923,1.0,0.9999998807907104
8924,1.0,0.9999998807907104
8925,1.0,0.9999998807907104
8926,1.0,0.9999998807907104
8927,1.0,0.9999998807907104
8928,1.0,0.9999998807907104
8929,1.0,0.9999998807907104
8930,1.0,0.9999998807907104
8931,1.0,0.9999998807907104
8932,1.0,0.9999998807907104
8933,1.0,0.9999998807907104
8934,1.0,0.9999998807907104
8935,1.0,0.9999998807907104
8936,1.0,0.9999998807907104
8937,1.0,0.9999998807907104
8938,1.0,0.9999998807907104
8939,1.0,0.9999998807907104
8940,1.0,0.9999998807907104
8941,1.0,0.9999998807907104
8942,1.0,0.9999998807907104
8943,1.0,0.9999998807907104
8944,1.0,0.9999998807907104
8945,1.0,0.9999998807907104
8946,1.0,0.9999998807907104
8947,1.0,0.9999998807907104
8948,1.0,0.9999998807907104
8949,1.0,0.9999998807907104
8950,1.0,0.9999998807907104
8951,1.0,0.9999998807907104
8952,1.0,0.9999998807907104
8953,1.0,0.9999998807907104
8954,1.0,0.9999998807907104
8955,1.0,0.9999998807907104
8956,1.0,0.9999998807907104
8957,1.0,0.9999998807907104
8958,1.0,0.9999998807907104
8959,1.0,0.9999998807907104
8960,1.0,0.9999998807907104
8961,1.0,0.9999998807907104
8962,1.0,0.9999998807907104
8963,1.0,0.9999998807907104
8964,1.0,0.9999998807907104
8965,1.0,0.9999998807907104
8966,1.0,0.9999998807907104
8967,1.0,0.9999998807907104
8968,1.0,0.9999998807907104
8969,1.0,0.9999998807907104
8970,1.0,0.9999998807907104
8971,1.0,0.9999998807907104
8972,1.0,0.9999998807907104
8973,1.0,0.9999998807907104
8974,1.0,0.9999998807907104
8975,1.0,0.9999998807907104
8976,1.0,0.9999998807907104
8977,1.0,0.9999998807907104
8978,1.0,0.9999998807907104
8979,1.0,0.9999998807907104
8980,1.0,0.9999998807907104
8981,1.0,0.9999998807907104
8982,1.0,0.9999998807907104
8983,1.0,0.9999998807907104
8984,1.0,0.9999998807907104
8985,1.0,0.9999998807907104
8986,1.0,0.9999998807907104
8987,1.0,0.9999998807907104
8988,1.0,0.9999998807907104
8989,1.0,0.9999998807907104
8990,1.0,0.9999998807907104
8991,1.0,0.9999998807907104
8992,1.0,0.9999998807907104
8993,1.0,0.9999998807907104
8994,1.0,0.9999998807907104
8995,1.0,0.9999998807907104
8996,1.0,0.9999998807907104
8997,1.0,0.9999998807907104
8998,1.0,0.9999998807907104
8999,1.0,0.9999998807907104
9000,1.0,0.9999998807907104
9001,1.0,0.9999998807907104
9002,1.0,0.9999998807907104
9003,1.0,0.9999998807907104
9004,1.0,0.9999998807907104
9005,1.0,0.9999998807907104
9006,1.0,0.9999998807907104
9007,1.0,0.9999998807907104
9008,1.0,0.9999998807907104
9009,1.0,0.9999998807907104
9010,1.0,0.9999998807907104
9011,1.0,0.9999998807907104
9012,1.0,0.9999998807907104
9013,1.0,0.9999998807907104
9014,1.0,0.9999998807907104
9015,1.0,0.9999998807907104
9016,1.0,0.9999998807907104
9017,1.0,0.9999998807907104
9018,1.0,0.9999998807907104
9019,1.0,0.9999998807907104
9020,1.0,0.9999998807907104
9021,1.0,0.9999998807907104
9022,1.0,0.9999998807907104
9023,1.0,0.9999998807907104
9024,1.0,0.9999998807907104
9025,1.0,0.9999998807907104
9026,1.0,0.9999998807907104
9027,1.0,0.9999998807907104
9028,1.0,0.9999998807907104
9029,1.0,0.9999998807907104
9030,1.0,0.9999998807907104
9031,1.0,0.9999998807907104
9032,1.0,0.9999998807907104
9033,1.0,0.9999998807907104
9034,1.0,0.9999998807907104
9035,1.0,0.9999998807907104
9036,1.0,0.9999998807907104
9037,1.0,0.9999998807907104
9038,1.0,0.9999998807907104
9039,1.0,0.9999998807907104
9040,1.0,0.9999998807907104
9041,1.0,0.9999998807907104
9042,1.0,0.9999998807907104
9043,1.0,0.9999998807907104
9044,1.0,0.9999998807907104
9045,1.0,0.9999998807907104
9046,1.0,0.9999998807907104
9047,1.0,0.9999998807907104
9048,1.0,0.9999998807907104
9049,1.0,0.9999998807907104
9050,1.0,0.9999998807907104
9051,1.0,0.9999998807907104
9052,1.0,0.9999998807907104
9053,1.0,0.9999998807907104
9054,1.0,0.9999998807907104
9055,1.0,0.9999998807907104
9056,1.0,0.9999998807907104
9057,1.0,0.9999998807907104
9058,1.0,0.9999998807907104
9059,1.0,0.9999998807907104
9060,1.0,0.9999998807907104
9061,1.0,0.9999998807907104
9062,1.0,0.9999998807907104
9063,1.0,0.9999998807907104
9064,1.0,0.9999998807907104
9065,1.0,0.9999998807907104
9066,1.0,0.9999998807907104
9067,1.0,0.9999998807907104
9068,1.0,0.9999998807907104
9069,1.0,0.9999998807907104
9070,1.0,0.9999998807907104
9071,1.0,0.9999998807907104
9072,1.0,0.9999998807907104
9073,1.0,0.9999998807907104
9074,1.0,0.9999998807907104
9075,1.0,0.9999998807907104
9076,1.0,0.9999998807907104
9077,1.0,0.9999998807907104
9078,1.0,0.9999998807907104
9079,1.0,0.9999998807907104
9080,1.0,0.9999998807907104
9081,1.0,0.9999998807907104
9082,1.0,0.9999998807907104
9083,1.0,0.9999998807907104
9084,1.0,0.9999998807907104
9085,1.0,0.9999998807907104
9086,1.0,0.9999998807907104
9087,1.0,0.9999998807907104
9088,1.0,0.9999998807907104
9089,1.0,0.9999998807907104
9090,1.0,0.9999998807907104
9091,1.0,0.9999998807907104
9092,1.0,0.9999998807907104
9093,1.0,0.9999998807907104
9094,1.0,0.9999998807907104
9095,1.0,0.9999998807907104
9096,1.0,0.9999998807907104
9097,1.0,0.9999998807907104
9098,1.0,0.9999998807907104
9099,1.0,0.9999998807907104
9100,1.0,0.9999998807907104
9101,1.0,0.9999998807907104
9102,1.0,0.9999998807907104
9103,1.0,0.9999998807907104
9104,1.0,0.9999998807907104
9105,1.0,0.9999998807907104
9106,1.0,0.9999998807907104
9107,1.0,0.9999998807907104
9108,1.0,0.9999998807907104
9109,1.0,0.9999998807907104
9110,1.0,0.9999998807907104
9111,1.0,0.9999998807907104
9112,1.0,0.9999998807907104
9113,1.0,0.9999998807907104
9114,1.0,0.9999998807907104
9115,1.0,0.9999998807907104
9116,1.0,0.9999998807907104
9117,1.0,0.9999998807907104
9118,1.0,0.9999998807907104
9119,1.0,0.9999998807907104
9120,1.0,0.9999998807907104
9121,1.0,0.9999998807907104
9122,1.0,0.9999998807907104
9123,1.0,0.9999998807907104
9124,1.0,0.9999998807907104
9125,1.0,0.9999998807907104
9126,1.0,0.9999998807907104
9127,1.0,0.9999998807907104
9128,1.0,0.9999998807907104
9129,1.0,0.9999998807907104
9130,1.0,0.9999998807907104
9131,1.0,0.9999998807907104
9132,1.0,0.9999998807907104
9133,1.0,0.9999998807907104
9134,1.0,0.9999998807907104
9135,1.0,0.9999998807907104
9136,1.0,0.9999998807907104
9137,1.0,0.9999998807907104
9138,1.0,0.9999998807907104
9139,1.0,0.9999998807907104
9140,1.0,0.9999998807907104
9141,1.0,0.9999998807907104
9142,1.0,0.9999998807907104
9143,1.0,0.9999998807907104
9144,1.0,0.9999998807907104
9145,1.0,0.9999998807907104
9146,1.0,0.9999998807907104
9147,1.0,0.9999998807907104
9148,1.0,0.9999998807907104
9149,1.0,0.9999998807907104
9150,1.0,0.9999998807907104
9151,1.0,0.9999998807907104
9152,1.0,0.9999998807907104
9153,1.0,0.9999998807907104
9154,1.0,0.9999998807907104
9155,1.0,0.9999998807907104
9156,1.0,0.9999998807907104
9157,1.0,0.9999998807907104
9158,1.0,0.9999998807907104
9159,1.0,0.9999998807907104
9160,1.0,0.9999998807907104
9161,1.0,0.9999998807907104
9162,1.0,0.9999998807907104
9163,1.0,0.9999998807907104
9164,1.0,0.9999998807907104
9165,1.0,0.9999998807907104
9166,1.0,0.9999998807907104
9167,1.0,0.9999998807907104
9168,1.0,0.9999998807907104
9169,1.0,0.9999998807907104
9170,1.0,0.9999998807907104
9171,1.0,0.9999998807907104
9172,1.0,0.9999998807907104
9173,1.0,0.9999998807907104
9174,1.0,0.9999998807907104
9175,1.0,0.9999998807907104
9176,1.0,0.9999998807907104
9177,1.0,0.9999998807907104
9178,1.0,0.9999998807907104
9179,1.0,0.9999998807907104
9180,1.0,0.9999998807907104
9181,1.0,0.9999998807907104
9182,1.0,0.9999998807907104
9183,1.0,0.9999998807907104
9184,1.0,0.9999998807907104
9185,1.0,0.9999998807907104
9186,1.0,0.9999998807907104
9187,1.0,0.9999998807907104
9188,1.0,0.9999998807907104
9189,1.0,0.9999998807907104
9190,1.0,0.9999998807907104
9191,1.0,0.9999998807907104
9192,1.0,0.9999998807907104
9193,1.0,0.9999998807907104
9194,1.0,0.9999998807907104
9195,1.0,0.9999998807907104
9196,1.0,0.9999998807907104
9197,1.0,0.9999998807907104
9198,1.0,0.9999998807907104
9199,1.0,0.9999998807907104
9200,1.0,0.9999998807907104
9201,1.0,0.9999998807907104
9202,1.0,0.9999998807907104
9203,1.0,0.9999998807907104
9204,1.0,0.9999998807907104
9205,1.0,0.9999998807907104
9206,1.0,0.9999998807907104
9207,1.0,0.9999998807907104
9208,1.0,0.9999998807907104
9209,1.0,0.9999998807907104
9210,1.0,0.9999998807907104
9211,1.0,0.9999998807907104
9212,1.0,0.9999998807907104
9213,1.0,0.9999998807907104
9214,1.0,0.9999998807907104
9215,1.0,0.9999998807907104
9216,1.0,0.9999998807907104
9217,1.0,0.9999998807907104
9218,1.0,0.9999998807907104
9219,1.0,0.9999998807907104
9220,1.0,0.9999998807907104
9221,1.0,0.9999998807907104
9222,1.0,0.9999998807907104
9223,1.0,0.9999998807907104
9224,1.0,0.9999998807907104
9225,1.0,0.9999998807907104
9226,1.0,0.9999998807907104
9227,1.0,0.9999998807907104
9228,1.0,0.9999998807907104
9229,1.0,0.9999998807907104
9230,1.0,0.9999998807907104
9231,1.0,0.9999998807907104
9232,1.0,0.9999998807907104
9233,1.0,0.9999998807907104
9234,1.0,0.9999998807907104
9235,1.0,0.9999998807907104
9236,1.0,0.9999998807907104
9237,1.0,0.9999998807907104
9238,1.0,0.9999998807907104
9239,1.0,0.9999998807907104
9240,1.0,0.9999998807907104
9241,1.0,0.9999998807907104
9242,1.0,0.9999998807907104
9243,1.0,0.9999998807907104
9244,1.0,0.9999998807907104
9245,1.0,0.9999998807907104
9246,1.0,0.9999998807907104
9247,1.0,0.9999998807907104
9248,1.0,0.9999998807907104
9249,1.0,0.9999998807907104
9250,1.0,0.9999998807907104
9251,1.0,0.9999998807907104
9252,1.0,0.9999998807907104
9253,1.0,0.9999998807907104
9254,1.0,0.9999998807907104
9255,1.0,0.9999998807907104
9256,1.0,0.9999998807907104
9257,1.0,0.9999998807907104
9258,1.0,0.9999998807907104
9259,1.0,0.9999998807907104
9260,1.0,0.9999998807907104
9261,1.0,0.9999998807907104
9262,1.0,0.9999998807907104
9263,1.0,0.9999998807907104
9264,1.0,0.9999998807907104
9265,1.0,0.9999998807907104
9266,1.0,0.9999998807907104
9267,1.0,0.9999998807907104
9268,1.0,0.9999998807907104
9269,1.0,0.9999998807907104
9270,1.0,0.9999998807907104
9271,1.0,0.9999998807907104
9272,1.0,0.9999998807907104
9273,1.0,0.9999998807907104
9274,1.0,0.9999998807907104
9275,1.0,0.9999998807907104
9276,1.0,0.9999998807907104
9277,1.0,0.9999998807907104
9278,1.0,0.9999998807907104
9279,1.0,0.9999998807907104
9280,1.0,0.9999998807907104
9281,1.0,0.9999998807907104
9282,1.0,0.9999998807907104
9283,1.0,0.9999998807907104
9284,1.0,0.9999998807907104
9285,1.0,0.9999998807907104
9286,1.0,0.9999998807907104
9287,1.0,0.9999998807907104
9288,1.0,0.9999998807907104
9289,1.0,0.9999998807907104
9290,1.0,0.9999998807907104
9291,1.0,0.9999998807907104
9292,1.0,0.9999998807907104
9293,1.0,0.9999998807907104
9294,1.0,0.9999998807907104
9295,1.0,0.9999998807907104
9296,1.0,0.9999998807907104
9297,1.0,0.9999998807907104
9298,1.0,0.9999998807907104
9299,1.0,0.9999998807907104
9300,1.0,0.9999998807907104
9301,1.0,0.9999998807907104
9302,1.0,0.9999998807907104
9303,1.0,0.9999998807907104
9304,1.0,0.9999998807907104
9305,1.0,0.9999998807907104
9306,1.0,0.9999998807907104
9307,1.0,0.9999998807907104
9308,1.0,0.9999998807907104
9309,1.0,0.9999998807907104
9310,1.0,0.9999998807907104
9311,1.0,0.9999998807907104
9312,1.0,0.9999998807907104
9313,1.0,0.9999998807907104
9314,1.0,0.9999998807907104
9315,1.0,0.9999998807907104
9316,1.0,0.9999998807907104
9317,1.0,0.9999998807907104
9318,1.0,0.9999998807907104
9319,1.0,0.9999998807907104
9320,1.0,0.9999998807907104
9321,1.0,0.9999998807907104
9322,1.0,0.9999998807907104
9323,1.0,0.9999998807907104
9324,1.0,0.9999998807907104
9325,1.0,0.9999998807907104
9326,1.0,0.9999998807907104
9327,1.0,0.9999998807907104
9328,1.0,0.9999998807907104
9329,1.0,0.9999998807907104
9330,1.0,0.9999998807907104
9331,1.0,0.9999998807907104
9332,1.0,0.9999998807907104
9333,1.0,0.9999998807907104
9334,1.0,0.9999998807907104
9335,1.0,0.9999998807907104
9336,1.0,0.9999998807907104
9337,1.0,0.9999998807907104
9338,1.0,0.9999998807907104
9339,1.0,0.9999998807907104
9340,1.0,0.9999998807907104
9341,1.0,0.9999998807907104
9342,1.0,0.9999998807907104
9343,1.0,0.9999998807907104
9344,1.0,0.9999998807907104
9345,1.0,0.9999998807907104
9346,1.0,0.9999998807907104
9347,1.0,0.9999998807907104
9348,1.0,0.9999998807907104
9349,1.0,0.9999998807907104
9350,1.0,0.9999998807907104
9351,1.0,0.9999998807907104
9352,1.0,0.9999998807907104
9353,1.0,0.9999998807907104
9354,1.0,0.9999998807907104
9355,1.0,0.9999998807907104
9356,1.0,0.9999998807907104
9357,1.0,0.9999998807907104
9358,1.0,0.9999998807907104
9359,1.0,0.9999998807907104
9360,1.0,0.9999998807907104
9361,1.0,0.9999998807907104
9362,1.0,0.9999998807907104
9363,1.0,0.9999998807907104
9364,1.0,0.9999998807907104
9365,1.0,0.9999998807907104
9366,1.0,0.9999998807907104
9367,1.0,0.9999998807907104
9368,1.0,0.9999998807907104
9369,1.0,0.9999998807907104
9370,1.0,0.9999998807907104
9371,1.0,0.9999998807907104
9372,1.0,0.9999998807907104
9373,1.0,0.9999998807907104
9374,1.0,0.9999998807907104
9375,1.0,0.9999998807907104
9376,1.0,0.9999998807907104
9377,1.0,0.9999998807907104
9378,1.0,0.9999998807907104
9379,1.0,0.9999998807907104
9380,1.0,0.9999998807907104
9381,1.0,0.9999998807907104
9382,1.0,0.9999998807907104
9383,1.0,0.9999998807907104
9384,1.0,0.9999998807907104
9385,1.0,0.9999998807907104
9386,1.0,0.9999998807907104
9387,1.0,0.9999998807907104
9388,1.0,0.9999998807907104
9389,1.0,0.9999998807907104
9390,1.0,0.9999998807907104
9391,1.0,0.9999998807907104
9392,1.0,0.9999998807907104
9393,1.0,0.9999998807907104
9394,1.0,0.9999998807907104
9395,1.0,0.9999998807907104
9396,1.0,0.9999998807907104
9397,1.0,0.9999998807907104
9398,1.0,0.9999998807907104
9399,1.0,0.9999998807907104
9400,1.0,0.9999998807907104
9401,1.0,0.9999998807907104
9402,1.0,0.9999998807907104
9403,1.0,0.9999998807907104
9404,1.0,0.9999998807907104
9405,1.0,0.9999998807907104
9406,1.0,0.9999998807907104
9407,1.0,0.9999998807907104
9408,1.0,0.9999998807907104
9409,1.0,0.9999998807907104
9410,1.0,0.9999998807907104
9411,1.0,0.9999998807907104
9412,1.0,0.9999998807907104
9413,1.0,0.9999998807907104
9414,1.0,0.9999998807907104
9415,1.0,0.9999998807907104
9416,1.0,0.9999998807907104
9417,1.0,0.9999998807907104
9418,1.0,0.9999998807907104
9419,1.0,0.9999998807907104
9420,1.0,0.9999998807907104
9421,1.0,0.9999998807907104
9422,1.0,0.9999998807907104
9423,1.0,0.9999998807907104
9424,1.0,0.9999998807907104
9425,1.0,0.9999998807907104
9426,1.0,0.9999998807907104
9427,1.0,0.9999998807907104
9428,1.0,0.9999998807907104
9429,1.0,0.9999998807907104
9430,1.0,0.9999998807907104
9431,1.0,0.9999998807907104
9432,1.0,0.9999998807907104
9433,1.0,0.9999998807907104
9434,1.0,0.9999998807907104
9435,1.0,0.9999998807907104
9436,1.0,0.9999998807907104
9437,1.0,0.9999998807907104
9438,1.0,0.9999998807907104
9439,1.0,0.9999998807907104
9440,1.0,0.9999998807907104
9441,1.0,0.9999998807907104
9442,1.0,0.9999998807907104
9443,1.0,0.9999998807907104
9444,1.0,0.9999998807907104
9445,1.0,0.9999998807907104
9446,1.0,0.9999998807907104
9447,1.0,0.9999998807907104
9448,1.0,0.9999998807907104
9449,1.0,0.9999998807907104
9450,1.0,0.9999998807907104
9451,1.0,0.9999998807907104
9452,1.0,0.9999998807907104
9453,1.0,0.9999998807907104
9454,1.0,0.9999998807907104
9455,1.0,0.9999998807907104
9456,1.0,0.9999998807907104
9457,1.0,0.9999998807907104
9458,1.0,0.9999998807907104
9459,1.0,0.9999998807907104
9460,1.0,0.9999998807907104
9461,1.0,0.9999998807907104
9462,1.0,0.9999998807907104
9463,1.0,0.9999998807907104
9464,1.0,0.9999998807907104
9465,1.0,0.9999998807907104
9466,1.0,0.9999998807907104
9467,1.0,0.9999998807907104
9468,1.0,0.9999998807907104
9469,1.0,0.9999998807907104
9470,1.0,0.9999998807907104
9471,1.0,0.9999998807907104
9472,1.0,0.9999998807907104
9473,1.0,0.9999998807907104
9474,1.0,0.9999998807907104
9475,1.0,0.9999998807907104
9476,1.0,0.9999998807907104
9477,1.0,0.9999998807907104
9478,1.0,0.9999998807907104
9479,1.0,0.9999998807907104
9480,1.0,0.9999998807907104
9481,1.0,0.9999998807907104
9482,1.0,0.9999998807907104
9483,1.0,0.9999998807907104
9484,1.0,0.9999998807907104
9485,1.0,0.9999998807907104
9486,1.0,0.9999998807907104
9487,1.0,0.9999998807907104
9488,1.0,0.9999998807907104
9489,1.0,0.9999998807907104
9490,1.0,0.9999998807907104
9491,1.0,0.9999998807907104
9492,1.0,0.9999998807907104
9493,1.0,0.9999998807907104
9494,1.0,0.9999998807907104
9495,1.0,0.9999998807907104
9496,1.0,0.9999998807907104
9497,1.0,0.9999998807907104
9498,1.0,0.9999998807907104
9499,1.0,0.9999998807907104
9500,1.0,0.9999998807907104
9501,1.0,0.9999998807907104
9502,1.0,0.9999998807907104
9503,1.0,0.9999998807907104
9504,1.0,0.9999998807907104
9505,1.0,0.9999998807907104
9506,1.0,0.9999998807907104
9507,1.0,0.9999998807907104
9508,1.0,0.9999998807907104
9509,1.0,0.9999998807907104
9510,1.0,0.9999998807907104
9511,1.0,0.9999998807907104
9512,1.0,0.9999998807907104
9513,1.0,0.9999998807907104
9514,1.0,0.9999998807907104
9515,1.0,0.9999998807907104
9516,1.0,0.9999998807907104
9517,1.0,0.9999998807907104
9518,1.0,0.9999998807907104
9519,1.0,0.9999998807907104
9520,1.0,0.9999998807907104
9521,1.0,0.9999998807907104
9522,1.0,0.9999998807907104
9523,1.0,0.9999998807907104
9524,1.0,0.9999998807907104
9525,1.0,0.9999998807907104
9526,1.0,0.9999998807907104
9527,1.0,0.9999998807907104
9528,1.0,0.9999998807907104
9529,1.0,0.9999998807907104
9530,1.0,0.9999998807907104
9531,1.0,0.9999998807907104
9532,1.0,0.9999998807907104
9533,1.0,0.9999998807907104
9534,1.0,0.9999998807907104
9535,1.0,0.9999998807907104
9536,1.0,0.9999998807907104
9537,1.0,0.9999998807907104
9538,1.0,0.9999998807907104
9539,1.0,0.9999998807907104
9540,1.0,0.9999998807907104
9541,1.0,0.9999998807907104
9542,1.0,0.9999998807907104
9543,1.0,0.9999998807907104
9544,1.0,0.9999998807907104
9545,1.0,0.9999998807907104
9546,1.0,0.9999998807907104
9547,1.0,0.9999998807907104
9548,1.0,0.9999998807907104
9549,1.0,0.9999998807907104
9550,1.0,0.9999998807907104
9551,1.0,0.9999998807907104
9552,1.0,0.9999998807907104
9553,1.0,0.9999998807907104
9554,1.0,0.9999998807907104
9555,1.0,0.9999998807907104
9556,1.0,0.9999998807907104
9557,1.0,0.9999998807907104
9558,1.0,0.9999998807907104
9559,1.0,0.9999998807907104
9560,1.0,0.9999998807907104
9561,1.0,0.9999998807907104
9562,1.0,0.9999998807907104
9563,1.0,0.9999998807907104
9564,1.0,0.9999998807907104
9565,1.0,0.9999998807907104
9566,1.0,0.9999998807907104
9567,1.0,0.9999998807907104
9568,1.0,0.9999998807907104
9569,1.0,0.9999998807907104
9570,1.0,0.9999998807907104
9571,1.0,0.9999998807907104
9572,1.0,0.9999998807907104
9573,1.0,0.9999998807907104
9574,1.0,0.9999998807907104
9575,1.0,0.9999998807907104
9576,1.0,0.9999998807907104
9577,1.0,0.9999998807907104
9578,1.0,0.9999998807907104
9579,1.0,0.9999998807907104
9580,1.0,0.9999998807907104
9581,1.0,0.9999998807907104
9582,1.0,0.9999998807907104
9583,1.0,0.9999998807907104
9584,1.0,0.9999998807907104
9585,1.0,0.9999998807907104
9586,1.0,0.9999998807907104
9587,1.0,0.9999998807907104
9588,1.0,0.9999998807907104
9589,1.0,0.9999998807907104
9590,1.0,0.9999998807907104
9591,1.0,0.9999998807907104
9592,1.0,0.9999998807907104
9593,1.0,0.9999998807907104
9594,1.0,0.9999998807907104
9595,1.0,0.9999998807907104
9596,1.0,0.9999998807907104
9597,1.0,0.9999998807907104
9598,1.0,0.9999998807907104
9599,1.0,0.9999998807907104
9600,1.0,0.9999998807907104
9601,1.0,0.9999998807907104
9602,1.0,0.9999998807907104
9603,1.0,0.9999998807907104
9604,1.0,0.9999998807907104
9605,1.0,0.9999998807907104
9606,1.0,0.9999998807907104
9607,1.0,0.9999998807907104
9608,1.0,0.9999998807907104
9609,1.0,0.9999998807907104
9610,1.0,0.9999998807907104
9611,1.0,0.9999998807907104
9612,1.0,0.9999998807907104
9613,1.0,0.9999998807907104
9614,1.0,0.9999998807907104
9615,1.0,0.9999998807907104
9616,1.0,0.9999998807907104
9617,1.0,0.9999998807907104
9618,1.0,0.9999998807907104
9619,1.0,0.9999998807907104
9620,1.0,0.9999998807907104
9621,1.0,0.9999998807907104
9622,1.0,0.9999998807907104
9623,1.0,0.9999998807907104
9624,1.0,0.9999998807907104
9625,1.0,0.9999998807907104
9626,1.0,0.9999998807907104
9627,1.0,0.9999998807907104
9628,1.0,0.9999998807907104
9629,1.0,0.9999998807907104
9630,1.0,0.9999998807907104
9631,1.0,0.9999998807907104
9632,1.0,0.9999998807907104
9633,1.0,0.9999998807907104
9634,1.0,0.9999998807907104
9635,1.0,0.9999998807907104
9636,1.0,0.9999998807907104
9637,1.0,0.9999998807907104
9638,1.0,0.9999998807907104
9639,1.0,0.9999998807907104
9640,1.0,0.9999998807907104
9641,1.0,0.9999998807907104
9642,1.0,0.9999998807907104
9643,1.0,0.9999998807907104
9644,1.0,0.9999998807907104
9645,1.0,0.9999998807907104
9646,1.0,0.9999998807907104
9647,1.0,0.9999998807907104
9648,1.0,0.9999998807907104
9649,1.0,0.9999998807907104
9650,1.0,0.9999998807907104
9651,1.0,0.9999998807907104
9652,1.0,0.9999998807907104
9653,1.0,0.9999998807907104
9654,1.0,0.9999998807907104
9655,1.0,0.9999998807907104
9656,1.0,0.9999998807907104
9657,1.0,0.9999998807907104
9658,1.0,0.9999998807907104
9659,1.0,0.9999998807907104
9660,1.0,0.9999998807907104
9661,1.0,0.9999998807907104
9662,1.0,0.9999998807907104
9663,1.0,0.9999998807907104
9664,1.0,0.9999998807907104
9665,1.0,0.9999998807907104
9666,1.0,0.9999998807907104
9667,1.0,0.9999998807907104
9668,1.0,0.9999998807907104
9669,1.0,0.9999998807907104
9670,1.0,0.9999998807907104
9671,1.0,0.9999998807907104
9672,1.0,0.9999998807907104
9673,1.0,0.9999998807907104
9674,1.0,0.9999998807907104
9675,1.0,0.9999998807907104
9676,1.0,0.9999998807907104
9677,1.0,0.9999998807907104
9678,1.0,0.9999998807907104
9679,1.0,0.9999998807907104
9680,1.0,0.9999998807907104
9681,1.0,0.9999998807907104
9682,1.0,0.9999998807907104
9683,1.0,0.9999998807907104
9684,1.0,0.9999998807907104
9685,1.0,0.9999998807907104
9686,1.0,0.9999998807907104
9687,1.0,0.9999998807907104
9688,1.0,0.9999998807907104
9689,1.0,0.9999998807907104
9690,1.0,0.9999998807907104
9691,1.0,0.9999998807907104
9692,1.0,0.9999998807907104
9693,1.0,0.9999998807907104
9694,1.0,0.9999998807907104
9695,1.0,0.9999998807907104
9696,1.0,0.9999998807907104
9697,1.0,0.9999998807907104
9698,1.0,0.9999998807907104
9699,1.0,0.9999998807907104
9700,1.0,0.9999998807907104
9701,1.0,0.9999998807907104
9702,1.0,0.9999998807907104
9703,1.0,0.9999998807907104
9704,1.0,0.9999998807907104
9705,1.0,0.9999998807907104
9706,1.0,0.9999998807907104
9707,1.0,0.9999998807907104
9708,1.0,0.9999998807907104
9709,1.0,0.9999998807907104
9710,1.0,0.9999998807907104
9711,1.0,0.9999998807907104
9712,1.0,0.9999998807907104
9713,1.0,0.9999998807907104
9714,1.0,0.9999998807907104
9715,1.0,0.9999998807907104
9716,1.0,0.9999998807907104
9717,1.0,0.9999998807907104
9718,1.0,0.9999998807907104
9719,1.0,0.9999998807907104
9720,1.0,0.9999998807907104
9721,1.0,0.9999998807907104
9722,1.0,0.9999998807907104
9723,1.0,0.9999998807907104
9724,1.0,0.9999998807907104
9725,1.0,0.9999998807907104
9726,1.0,0.9999998807907104
9727,1.0,0.9999998807907104
9728,1.0,0.9999998807907104
9729,1.0,0.9999998807907104
9730,1.0,0.9999998807907104
9731,1.0,0.9999998807907104
9732,1.0,0.9999998807907104
9733,1.0,0.9999998807907104
9734,1.0,0.9999998807907104
9735,1.0,0.9999998807907104
9736,1.0,0.9999998807907104
9737,1.0,0.9999998807907104
9738,1.0,0.9999998807907104
9739,1.0,0.9999998807907104
9740,1.0,0.9999998807907104
9741,1.0,0.9999998807907104
9742,1.0,0.9999998807907104
9743,1.0,0.9999998807907104
9744,1.0,0.9999998807907104
9745,1.0,0.9999998807907104
9746,1.0,0.9999998807907104
9747,1.0,0.9999998807907104
9748,1.0,0.9999998807907104
9749,1.0,0.9999998807907104
9750,1.0,0.9999998807907104
9751,1.0,0.9999998807907104
9752,1.0,0.9999998807907104
9753,1.0,0.9999998807907104
9754,1.0,0.9999998807907104
9755,1.0,0.9999998807907104
9756,1.0,0.9999998807907104
9757,1.0,0.9999998807907104
9758,1.0,0.9999998807907104
9759,1.0,0.9999998807907104
9760,1.0,0.9999998807907104
9761,1.0,0.9999998807907104
9762,1.0,0.9999998807907104
9763,1.0,0.9999998807907104
9764,1.0,0.9999998807907104
9765,1.0,0.9999998807907104
9766,1.0,0.9999998807907104
9767,1.0,0.9999998807907104
9768,1.0,0.9999998807907104
9769,1.0,0.9999998807907104
9770,1.0,0.9999998807907104
9771,1.0,0.9999998807907104
9772,1.0,0.9999998807907104
9773,1.0,0.9999998807907104
9774,1.0,0.9999998807907104
9775,1.0,0.9999998807907104
9776,1.0,0.9999998807907104
9777,1.0,0.9999998807907104
9778,1.0,0.9999998807907104
9779,1.0,0.9999998807907104
9780,1.0,0.9999998807907104
9781,1.0,0.9999998807907104
9782,1.0,0.9999998807907104
9783,1.0,0.9999998807907104
9784,1.0,0.9999998807907104
9785,1.0,0.9999998807907104
9786,1.0,0.9999998807907104
9787,1.0,0.9999998807907104
9788,1.0,0.9999998807907104
9789,1.0,0.9999998807907104
9790,1.0,0.9999998807907104
9791,1.0,0.9999998807907104
9792,1.0,0.9999998807907104
9793,1.0,0.9999998807907104
9794,1.0,0.9999998807907104
9795,1.0,0.9999998807907104
9796,1.0,0.9999998807907104
9797,1.0,0.9999998807907104
9798,1.0,0.9999998807907104
9799,1.0,0.9999998807907104
9800,1.0,0.9999998807907104
9801,1.0,0.9999998807907104
9802,1.0,0.9999998807907104
9803,1.0,0.9999998807907104
9804,1.0,0.9999998807907104
9805,1.0,0.9999998807907104
9806,1.0,0.9999998807907104
9807,1.0,0.9999998807907104
9808,1.0,0.9999998807907104
9809,1.0,0.9999998807907104
9810,1.0,0.9999998807907104
9811,1.0,0.9999998807907104
9812,1.0,0.9999998807907104
9813,1.0,0.9999998807907104
9814,1.0,0.9999998807907104
9815,1.0,0.9999998807907104
9816,1.0,0.9999998807907104
9817,1.0,0.9999998807907104
9818,1.0,0.9999998807907104
9819,1.0,0.9999998807907104
9820,1.0,0.9999998807907104
9821,1.0,0.9999998807907104
9822,1.0,0.9999998807907104
9823,1.0,0.9999998807907104
9824,1.0,0.9999998807907104
9825,1.0,0.9999998807907104
9826,1.0,0.9999998807907104
9827,1.0,0.9999998807907104
9828,1.0,0.9999998807907104
9829,1.0,0.9999998807907104
9830,1.0,0.9999998807907104
9831,1.0,0.9999998807907104
9832,1.0,0.9999998807907104
9833,1.0,0.9999998807907104
9834,1.0,0.9999998807907104
9835,1.0,0.9999998807907104
9836,1.0,0.9999998807907104
9837,1.0,0.9999998807907104
9838,1.0,0.9999998807907104
9839,1.0,0.9999998807907104
9840,1.0,0.9999998807907104
9841,1.0,0.9999998807907104
9842,1.0,0.9999998807907104
9843,1.0,0.9999998807907104
9844,1.0,0.9999998807907104
9845,1.0,0.9999998807907104
9846,1.0,0.9999998807907104
9847,1.0,0.9999998807907104
9848,1.0,0.9999998807907104
9849,1.0,0.9999998807907104
9850,1.0,0.9999998807907104
9851,1.0,0.9999998807907104
9852,1.0,0.9999998807907104
9853,1.0,0.9999998807907104
9854,1.0,0.9999998807907104
9855,1.0,0.9999998807907104
9856,1.0,0.9999998807907104
9857,1.0,0.9999998807907104
9858,1.0,0.9999998807907104
9859,1.0,0.9999998807907104
9860,1.0,0.9999998807907104
9861,1.0,0.9999998807907104
9862,1.0,0.9999998807907104
9863,1.0,0.9999998807907104
9864,1.0,0.9999998807907104
9865,1.0,0.9999998807907104
9866,1.0,0.9999998807907104
9867,1.0,0.9999998807907104
9868,1.0,0.9999998807907104
9869,1.0,0.9999998807907104
9870,1.0,0.9999998807907104
9871,1.0,0.9999998807907104
9872,1.0,0.9999998807907104
9873,1.0,0.9999998807907104
9874,1.0,0.9999998807907104
9875,1.0,0.9999998807907104
9876,1.0,0.9999998807907104
9877,1.0,0.9999998807907104
9878,1.0,0.9999998807907104
9879,1.0,0.9999998807907104
9880,1.0,0.9999998807907104
9881,1.0,0.9999998807907104
9882,1.0,0.9999998807907104
9883,1.0,0.9999998807907104
9884,1.0,0.9999998807907104
9885,1.0,0.9999998807907104
9886,1.0,0.9999998807907104
9887,1.0,0.9999998807907104
9888,1.0,0.9999998807907104
9889,1.0,0.9999998807907104
9890,1.0,0.9999998807907104
9891,1.0,0.9999998807907104
9892,1.0,0.9999998807907104
9893,1.0,0.9999998807907104
9894,1.0,0.9999998807907104
9895,1.0,0.9999998807907104
9896,1.0,0.9999998807907104
9897,1.0,0.9999998807907104
9898,1.0,0.9999998807907104
9899,1.0,0.9999998807907104
9900,1.0,0.9999998807907104
9901,1.0,0.9999998807907104
9902,1.0,0.9999998807907104
9903,1.0,0.9999998807907104
9904,1.0,0.9999998807907104
9905,1.0,0.9999998807907104
9906,1.0,0.9999998807907104
9907,1.0,0.9999998807907104
9908,1.0,0.9999998807907104
9909,1.0,0.9999998807907104
9910,1.0,0.9999998807907104
9911,1.0,0.9999998807907104
9912,1.0,0.9999998807907104
9913,1.0,0.9999998807907104
9914,1.0,0.9999998807907104
9915,1.0,0.9999998807907104
9916,1.0,0.9999998807907104
9917,1.0,0.9999998807907104
9918,1.0,0.9999998807907104
9919,1.0,0.9999998807907104
9920,1.0,0.9999998807907104
9921,1.0,0.9999998807907104
9922,1.0,0.9999998807907104
9923,1.0,0.9999998807907104
9924,1.0,0.9999998807907104
9925,1.0,0.9999998807907104
9926,1.0,0.9999998807907104
9927,1.0,0.9999998807907104
9928,1.0,0.9999998807907104
9929,1.0,0.9999998807907104
9930,1.0,0.9999998807907104
9931,1.0,0.9999998807907104
9932,1.0,0.9999998807907104
9933,1.0,0.9999998807907104
9934,1.0,0.9999998807907104
9935,1.0,0.9999998807907104
9936,1.0,0.9999998807907104
9937,1.0,0.9999998807907104
9938,1.0,0.9999998807907104
9939,1.0,0.9999998807907104
9940,1.0,0.9999998807907104
9941,1.0,0.9999998807907104
9942,1.0,0.9999998807907104
9943,1.0,0.9999998807907104
9944,1.0,0.9999998807907104
9945,1.0,0.9999998807907104
9946,1.0,0.9999998807907104
9947,1.0,0.9999998807907104
9948,1.0,0.9999998807907104
9949,1.0,0.9999998807907104
9950,1.0,0.9999998807907104
9951,1.0,0.9999998807907104
9952,1.0,0.9999998807907104
9953,1.0,0.9999998807907104
9954,1.0,0.9999998807907104
9955,1.0,0.9999998807907104
9956,1.0,0.9999998807907104
9957,1.0,0.9999998807907104
9958,1.0,0.9999998807907104
9959,1.0,0.9999998807907104
9960,1.0,0.9999998807907104
9961,1.0,0.9999998807907104
9962,1.0,0.9999998807907104
9963,1.0,0.9999998807907104
9964,1.0,0.9999998807907104
9965,1.0,0.9999998807907104
9966,1.0,0.9999998807907104
9967,1.0,0.9999998807907104
9968,1.0,0.9999998807907104
9969,1.0,0.9999998807907104
9970,1.0,0.9999998807907104
9971,1.0,0.9999998807907104
9972,1.0,0.9999998807907104
9973,1.0,0.9999998807907104
9974,1.0,0.9999998807907104
9975,1.0,0.9999998807907104
9976,1.0,0.9999998807907104
9977,1.0,0.9999998807907104
9978,1.0,0.9999998807907104
9979,1.0,0.9999998807907104
9980,1.0,0.9999998807907104
9981,1.0,0.9999998807907104
9982,1.0,0.9999998807907104
9983,1.0,0.9999998807907104
9984,1.0,0.9999998807907104
9985,1.0,0.9999998807907104
9986,1.0,0.9999998807907104
9987,1.0,0.9999998807907104
9988,1.0,0.9999998807907104
9989,1.0,0.9999998807907104
9990,1.0,0.9999998807907104
9991,1.0,0.9999998807907104
9992,1.0,0.9999998807907104
9993,1.0,0.9999998807907104
9994,1.0,0.9999998807907104
9995,1.0,0.9999998807907104
9996,1.0,0.9999998807907104
9997,1.0,0.9999998807907104
9998,1.0,0.9999998807907104
9999,1.0,0.9999998807907104
10000,1.0,0.9999998807907104
