x,actual_cdf,predicted_cdf
0,0.4999950000499995,0.0
1,0.4999950000499995,0.001132369041442871
2,0.4999950000499995,0.0022646188735961914
3,0.4999950000499995,0.0033969879150390625
4,0.4999950000499995,0.004529356956481934
5,0.4999950000499995,0.005661725997924805
6,0.4999950000499995,0.0067942142486572266
7,0.4999950000499995,0.007926583290100098
8,0.4999950000499995,0.00905907154083252
9,0.4999950000499995,0.010191559791564941
10,0.4999950000499995,0.011323928833007812
11,0.4999950000499995,0.012456297874450684
12,0.4999950000499995,0.013588666915893555
13,0.4999950000499995,0.014721155166625977
14,0.4999950000499995,0.015853524208068848
15,0.4999950000499995,0.01698589324951172
16,0.4999950000499995,0.01811826229095459
17,0.4999950000499995,0.01925063133239746
18,0.4999950000499995,0.020383000373840332
19,0.4999950000499995,0.021515250205993652
20,0.4999950000499995,0.022647500038146973
21,0.4999950000499995,0.023779749870300293
22,0.4999950000499995,0.024911880493164062
23,0.4999950000499995,0.026044130325317383
24,0.4999950000499995,0.0271761417388916
25,0.4999950000499995,0.02830827236175537
26,0.4999950000499995,0.02944040298461914
27,0.4999950000499995,0.03057229518890381
28,0.4999950000499995,0.03170430660247803
29,0.4999950000499995,0.032836079597473145
30,0.4999950000499995,0.03396797180175781
31,0.4999950000499995,0.03509974479675293
32,0.4999950000499995,0.036231398582458496
33,0.4999950000499995,0.03736305236816406
34,0.4999950000499995,0.03849458694458008
35,0.4999950000499995,0.039626121520996094
36,0.4999950000499995,0.04075741767883301
37,0.4999950000499995,0.04188871383666992
38,0.4999950000499995,0.04302012920379639
39,0.4999950000499995,0.0441511869430542
40,0.4999950000499995,0.04528236389160156
41,0.4999950000499995,0.046413302421569824
42,0.4999950000499995,0.047544121742248535
43,0.4999950000499995,0.048674941062927246
44,0.4999950000499995,0.04980576038360596
45,0.4999950000499995,0.050936222076416016
46,0.4999950000499995,0.052066802978515625
47,0.4999950000499995,0.05319714546203613
48,0.4999950000499995,0.05432748794555664
49,0.4999950000499995,0.05545759201049805
50,0.4999950000499995,0.05658769607543945
51,0.4999950000499995,0.05771768093109131
52,0.4999950000499995,0.05884742736816406
53,0.4999950000499995,0.059977054595947266
54,0.4999950000499995,0.06110680103302002
55,0.4999950000499995,0.06223607063293457
56,0.4999950000499995,0.06336545944213867
57,0.4999950000499995,0.06449460983276367
58,0.4999950000499995,0.06562352180480957
59,0.4999950000499995,0.06675255298614502
60,0.4999950000499995,0.06788122653961182
61,0.4999950000499995,0.06900990009307861
62,0.4999950000499995,0.07013821601867676
63,0.4999950000499995,0.0712665319442749
64,0.4999950000499995,0.0723947286605835
65,0.4999950000499995,0.07352268695831299
66,0.4999950000499995,0.07465040683746338
67,0.4999950000499995,0.07577812671661377
68,0.4999950000499995,0.07690560817718506
69,0.4999950000499995,0.07803285121917725
70,0.4999950000499995,0.07915997505187988
71,0.4999950000499995,0.08028697967529297
72,0.4999950000499995,0.08141374588012695
73,0.4999950000499995,0.08254039287567139
74,0.4999950000499995,0.08366680145263672
75,0.4999950000499995,0.08479297161102295
76,0.4999950000499995,0.08591902256011963
77,0.4999950000499995,0.08704483509063721
78,0.4999950000499995,0.08817052841186523
79,0.4999950000499995,0.08929598331451416
80,0.4999950000499995,0.09042119979858398
81,0.4999950000499995,0.09154617786407471
82,0.4999950000499995,0.09267103672027588
83,0.4999950000499995,0.09379565715789795
84,0.4999950000499995,0.09492015838623047
85,0.4999950000499995,0.09604430198669434
86,0.4999950000499995,0.09716832637786865
87,0.4999950000499995,0.09829199314117432
88,0.4999950000499995,0.09941554069519043
89,0.4999950000499995,0.10053884983062744
90,0.4999950000499995,0.10166192054748535
91,0.4999950000499995,0.10278475284576416
92,0.4999950000499995,0.10390746593475342
93,0.4999950000499995,0.10502970218658447
94,0.4999950000499995,0.10615193843841553
95,0.4999950000499995,0.10727381706237793
96,0.4999950000499995,0.10839545726776123
97,0.4999950000499995,0.10951673984527588
98,0.4999950000499995,0.11063790321350098
99,0.4999950000499995,0.11175882816314697
100,0.4999950000499995,0.11287939548492432
101,0.4999950000499995,0.11399984359741211
102,0.4999950000499995,0.1151198148727417
103,0.4999950000499995,0.11623966693878174
104,0.4999950000499995,0.11735928058624268
105,0.4999950000499995,0.11847853660583496
106,0.4999950000499995,0.11959755420684814
107,0.4999950000499995,0.12071633338928223
108,0.4999950000499995,0.12183475494384766
109,0.4999950000499995,0.12295293807983398
110,0.4999950000499995,0.12407088279724121
111,0.4999950000499995,0.12518835067749023
112,0.4999950000499995,0.1263056993484497
113,0.4999950000499995,0.12742269039154053
114,0.4999950000499995,0.12853944301605225
115,0.4999950000499995,0.12965595722198486
116,0.4999950000499995,0.13077199459075928
117,0.4999950000499995,0.1318877935409546
118,0.4999950000499995,0.1330033540725708
119,0.4999950000499995,0.1341184377670288
120,0.4999950000499995,0.13523328304290771
121,0.4999950000499995,0.13634788990020752
122,0.4999950000499995,0.13746213912963867
123,0.4999950000499995,0.13857614994049072
124,0.4999950000499995,0.13968968391418457
125,0.4999950000499995,0.14080297946929932
126,0.4999950000499995,0.1419159173965454
127,0.4999950000499995,0.14302849769592285
128,0.4999950000499995,0.1441408395767212
129,0.4999950000499995,0.14525270462036133
130,0.4999950000499995,0.14636433124542236
131,0.4999950000499995,0.14747560024261475
132,0.4999950000499995,0.14858639240264893
133,0.4999950000499995,0.14969706535339355
134,0.4999950000499995,0.15080726146697998
135,0.4999950000499995,0.15191709995269775
136,0.4999950000499995,0.15302646160125732
137,0.4999950000499995,0.15413570404052734
138,0.4999950000499995,0.15524446964263916
139,0.4999950000499995,0.15635287761688232
140,0.4999950000499995,0.15746092796325684
141,0.4999950000499995,0.1585686206817627
142,0.4999950000499995,0.15967583656311035
143,0.4999950000499995,0.1607828140258789
144,0.4999950000499995,0.16188931465148926
145,0.4999950000499995,0.16299545764923096
146,0.4999950000499995,0.164101243019104
147,0.4999950000499995,0.1652066707611084
148,0.4999950000499995,0.1663116216659546
149,0.4999950000499995,0.16741633415222168
150,0.4999950000499995,0.16852045059204102
151,0.4999950000499995,0.16962432861328125
152,0.4999950000499995,0.17072772979736328
153,0.4999950000499995,0.17183077335357666
154,0.4999950000499995,0.17293334007263184
155,0.4999950000499995,0.17403554916381836
156,0.4999950000499995,0.17513740062713623
157,0.4999950000499995,0.1762387752532959
158,0.4999950000499995,0.17733979225158691
159,0.4999950000499995,0.17844021320343018
160,0.4999950000499995,0.17954039573669434
161,0.4999950000499995,0.18064022064208984
162,0.4999950000499995,0.1817394495010376
163,0.4999950000499995,0.1828383207321167
164,0.4999950000499995,0.1839367151260376
165,0.4999950000499995,0.1850346326828003
166,0.4999950000499995,0.18613219261169434
167,0.4999950000499995,0.18722939491271973
168,0.4999950000499995,0.18832600116729736
169,0.4999950000499995,0.18942224979400635
170,0.4999950000499995,0.19051802158355713
171,0.4999950000499995,0.19161343574523926
172,0.4999950000499995,0.19270825386047363
173,0.4999950000499995,0.19380271434783936
174,0.4999950000499995,0.19489669799804688
175,0.4999950000499995,0.1959902048110962
176,0.4999950000499995,0.19708335399627686
177,0.4999950000499995,0.19817590713500977
178,0.4999950000499995,0.19926798343658447
179,0.4999950000499995,0.20035970211029053
180,0.4999950000499995,0.20145082473754883
181,0.4999950000499995,0.20254158973693848
182,0.4999950000499995,0.20363175868988037
183,0.4999950000499995,0.2047215700149536
184,0.4999950000499995,0.2058107852935791
185,0.4999950000499995,0.20689964294433594
186,0.4999950000499995,0.20798802375793457
187,0.4999950000499995,0.2090756893157959
188,0.4999950000499995,0.21016299724578857
189,0.4999950000499995,0.2112499475479126
190,0.4999950000499995,0.21233630180358887
191,0.4999950000499995,0.21342206001281738
192,0.4999950000499995,0.2145073413848877
193,0.4999950000499995,0.21559226512908936
194,0.4999950000499995,0.21667659282684326
195,0.4999950000499995,0.21776032447814941
196,0.4999950000499995,0.21884369850158691
197,0.4999950000499995,0.21992647647857666
198,0.4999950000499995,0.2210087776184082
199,0.4999950000499995,0.22209060192108154
200,0.4999950000499995,0.22317171096801758
201,0.4999950000499995,0.22425246238708496
202,0.4999950000499995,0.22533273696899414
203,0.4999950000499995,0.22641241550445557
204,0.4999950000499995,0.22749149799346924
205,0.4999950000499995,0.2285701036453247
206,0.4999950000499995,0.22964811325073242
207,0.4999950000499995,0.23072576522827148
208,0.4999950000499995,0.2318025827407837
209,0.4999950000499995,0.23287904262542725
210,0.4999950000499995,0.2339550256729126
211,0.4999950000499995,0.23503029346466064
212,0.4999950000499995,0.2361050844192505
213,0.4999950000499995,0.23717939853668213
214,0.4999950000499995,0.23825311660766602
215,0.4999950000499995,0.23932623863220215
216,0.4999950000499995,0.24039876461029053
217,0.4999950000499995,0.2414708137512207
218,0.4999950000499995,0.24254226684570312
219,0.4999950000499995,0.2436131238937378
220,0.4999950000499995,0.24468350410461426
221,0.4999950000499995,0.24575316905975342
222,0.4999950000499995,0.24682235717773438
223,0.4999950000499995,0.24789106845855713
224,0.4999950000499995,0.24895894527435303
225,0.4999950000499995,0.2500265836715698
226,0.4999950000499995,0.25109338760375977
227,0.4999950000499995,0.25215959548950195
228,0.4999950000499995,0.25322532653808594
229,0.4999950000499995,0.25429046154022217
230,0.4999950000499995,0.2553548812866211
231,0.4999950000499995,0.2564188241958618
232,0.4999950000499995,0.2574821710586548
233,0.4999950000499995,0.25854480266571045
234,0.4999950000499995,0.2596069574356079
235,0.4999950000499995,0.2606685161590576
236,0.4999950000499995,0.26172947883605957
237,0.4999950000499995,0.26278984546661377
238,0.4999950000499995,0.26384949684143066
239,0.4999950000499995,0.2649085521697998
240,0.4999950000499995,0.26596713066101074
241,0.4999950000499995,0.2670249938964844
242,0.4999950000499995,0.2680821418762207
243,0.4999950000499995,0.26913881301879883
244,0.4999950000499995,0.2701948881149292
245,0.4999950000499995,0.2712501287460327
246,0.4999950000499995,0.272304892539978
247,0.4999950000499995,0.2733590602874756
248,0.4999950000499995,0.2744126319885254
249,0.4999950000499995,0.2754654884338379
250,0.4999950000499995,0.27651774883270264
251,0.4999950000499995,0.2775692939758301
252,0.4999950000499995,0.27862024307250977
253,0.4999950000499995,0.27967047691345215
254,0.4999950000499995,0.2807201147079468
255,0.4999950000499995,0.2817692756652832
256,0.4999950000499995,0.2828174829483032
257,0.4999950000499995,0.28386521339416504
258,0.4999950000499995,0.2849123477935791
259,0.4999950000499995,0.2859586477279663
260,0.4999950000499995,0.2870044708251953
261,0.4999950000499995,0.288049578666687
262,0.4999950000499995,0.28909409046173096
263,0.4999950000499995,0.2901378870010376
264,0.4999950000499995,0.2911808490753174
265,0.4999950000499995,0.29222333431243896
266,0.4999950000499995,0.29326510429382324
267,0.4999950000499995,0.2943061590194702
268,0.4999950000499995,0.29534661769866943
269,0.4999950000499995,0.2963864803314209
270,0.4999950000499995,0.29742538928985596
271,0.4999950000499995,0.29846394062042236
272,0.4999950000499995,0.2995016574859619
273,0.4999950000499995,0.30053865909576416
274,0.4999950000499995,0.30157506465911865
275,0.4999950000499995,0.3026106357574463
276,0.4999950000499995,0.3036457300186157
277,0.4999950000499995,0.3046799898147583
278,0.4999950000499995,0.305713415145874
279,0.4999950000499995,0.30674636363983154
280,0.4999950000499995,0.3077784776687622
281,0.4999950000499995,0.30881011486053467
282,0.4999950000499995,0.3098409175872803
283,0.4999950000499995,0.3108710050582886
284,0.4999950000499995,0.31190025806427
285,0.4999950000499995,0.31292903423309326
286,0.4999950000499995,0.31395697593688965
287,0.4999950000499995,0.31498420238494873
288,0.4999950000499995,0.31601083278656006
289,0.4999950000499995,0.31703662872314453
290,0.4999950000499995,0.3180617094039917
291,0.4999950000499995,0.31908607482910156
292,0.4999950000499995,0.32010984420776367
293,0.4999950000499995,0.3211327791213989
294,0.4999950000499995,0.3221549987792969
295,0.4999950000499995,0.3231765031814575
296,0.4999950000499995,0.32419729232788086
297,0.4999950000499995,0.32521724700927734
298,0.4999950000499995,0.3262366056442261
299,0.4999950000499995,0.3272552490234375
300,0.4999950000499995,0.3282731771469116
301,0.4999950000499995,0.32929015159606934
302,0.4999950000499995,0.3303065299987793
303,0.4999950000499995,0.33132219314575195
304,0.4999950000499995,0.3323369026184082
305,0.4999950000499995,0.33335113525390625
306,0.4999950000499995,0.33436453342437744
307,0.4999950000499995,0.33537721633911133
308,0.4999950000499995,0.33638906478881836
309,0.4999950000499995,0.33740031719207764
310,0.4999950000499995,0.3384106159210205
311,0.4999950000499995,0.3394201993942261
312,0.4999950000499995,0.3404291868209839
313,0.4999950000499995,0.3414372205734253
314,0.4999950000499995,0.3424445390701294
315,0.4999950000499995,0.34345126152038574
316,0.4999950000499995,0.3444570302963257
317,0.4999950000499995,0.34546220302581787
318,0.4999950000499995,0.34646642208099365
319,0.4999950000499995,0.34746992588043213
320,0.4999950000499995,0.3484727144241333
321,0.4999950000499995,0.3494746685028076
322,0.4999950000499995,0.35047590732574463
323,0.4999950000499995,0.3514763116836548
324,0.4999950000499995,0.35247600078582764
325,0.4999950000499995,0.35347485542297363
326,0.4999950000499995,0.3544729948043823
327,0.4999950000499995,0.3554701805114746
328,0.4999950000499995,0.3564668893814087
329,0.4999950000499995,0.3574625253677368
330,0.4999950000499995,0.35845744609832764
331,0.4999950000499995,0.35945165157318115
332,0.4999950000499995,0.3604450225830078
333,0.4999950000499995,0.3614375591278076
334,0.4999950000499995,0.3624293804168701
335,0.4999950000499995,0.3634204864501953
336,0.4999950000499995,0.3644106388092041
337,0.4999950000499995,0.36539995670318604
338,0.4999950000499995,0.36638855934143066
339,0.4999950000499995,0.36737632751464844
340,0.4999950000499995,0.3683633804321289
341,0.4999950000499995,0.3693495988845825
342,0.4999950000499995,0.3703348636627197
343,0.4999950000499995,0.37131941318511963
344,0.4999950000499995,0.3723031282424927
345,0.4999950000499995,0.3732861280441284
346,0.4999950000499995,0.3742682933807373
347,0.4999950000499995,0.3752495050430298
348,0.4999950000499995,0.37623000144958496
349,0.4999950000499995,0.37720978260040283
350,0.4999950000499995,0.3781886100769043
351,0.4999950000499995,0.3791666030883789
352,0.4999950000499995,0.3801438808441162
353,0.4999950000499995,0.3811202049255371
354,0.4999950000499995,0.3820958137512207
355,0.4999950000499995,0.38307058811187744
356,0.4999950000499995,0.3840444087982178
357,0.4999950000499995,0.3850175142288208
358,0.4999950000499995,0.385989785194397
359,0.4999950000499995,0.38696110248565674
360,0.4999950000499995,0.3879317045211792
361,0.4999950000499995,0.3889014720916748
362,0.4999950000499995,0.38987040519714355
363,0.4999950000499995,0.3908383846282959
364,0.4999950000499995,0.3918057680130005
365,0.4999950000499995,0.3927720785140991
366,0.4999950000499995,0.3937375545501709
367,0.4999950000499995,0.39470231533050537
368,0.4999950000499995,0.39566612243652344
369,0.4999950000499995,0.39662909507751465
370,0.4999950000499995,0.39759135246276855
371,0.4999950000499995,0.39855265617370605
372,0.4999950000499995,0.39951300621032715
373,0.4999950000499995,0.40047264099121094
374,0.4999950000499995,0.4014313220977783
375,0.4999950000499995,0.4023892879486084
376,0.4999950000499995,0.40334630012512207
377,0.4999950000499995,0.4043024778366089
378,0.4999950000499995,0.40525782108306885
379,0.4999950000499995,0.4062122106552124
380,0.4999950000499995,0.40716588497161865
381,0.4999950000499995,0.4081186056137085
382,0.4999950000499995,0.4090704917907715
383,0.4999950000499995,0.41002142429351807
384,0.4999950000499995,0.41097164154052734
385,0.4999950000499995,0.41192078590393066
386,0.4999950000499995,0.4128692150115967
387,0.4999950000499995,0.4138166904449463
388,0.4999950000499995,0.41476333141326904
389,0.4999950000499995,0.41570913791656494
390,0.4999950000499995,0.416654109954834
391,0.4999950000499995,0.41759800910949707
392,0.4999950000499995,0.41854119300842285
393,0.4999950000499995,0.4194835424423218
394,0.4999950000499995,0.42042481899261475
395,0.4999950000499995,0.42136526107788086
396,0.4999950000499995,0.42230498790740967
397,0.4999950000499995,0.4232436418533325
398,0.4999950000499995,0.42418158054351807
399,0.4999950000499995,0.42511844635009766
400,0.4999950000499995,0.42605459690093994
401,0.4999950000499995,0.4269897937774658
402,0.4999950000499995,0.4279240369796753
403,0.4999950000499995,0.4288574457168579
404,0.4999950000499995,0.4297899007797241
405,0.4999950000499995,0.4307215213775635
406,0.4999950000499995,0.431652307510376
407,0.4999950000499995,0.43258213996887207
408,0.4999950000499995,0.4335111379623413
409,0.4999950000499995,0.43443918228149414
410,0.4999950000499995,0.43536627292633057
411,0.4999950000499995,0.43629252910614014
412,0.4999950000499995,0.4372178316116333
413,0.4999950000499995,0.4381422996520996
414,0.4999950000499995,0.4390658140182495
415,0.4999950000499995,0.43998849391937256
416,0.4999950000499995,0.4409102201461792
417,0.4999950000499995,0.44183099269866943
418,0.4999950000499995,0.44275081157684326
419,0.4999950000499995,0.4436699151992798
420,0.4999950000499995,0.44458794593811035
421,0.4999950000499995,0.44550514221191406
422,0.4999950000499995,0.4464215040206909
423,0.4999950000499995,0.4473367929458618
424,0.4999950000499995,0.4482511281967163
425,0.4999950000499995,0.4491647481918335
426,0.4999950000499995,0.4500772953033447
427,0.4999950000499995,0.4509890079498291
428,0.4999950000499995,0.45189976692199707
429,0.4999950000499995,0.4528096914291382
430,0.4999950000499995,0.45371854305267334
431,0.4999950000499995,0.4546266794204712
432,0.4999950000499995,0.4555337429046631
433,0.4999950000499995,0.4564398527145386
434,0.4999950000499995,0.4573451280593872
435,0.4999950000499995,0.45824944972991943
436,0.4999950000499995,0.4591529369354248
437,0.4999950000499995,0.4600553512573242
438,0.4999950000499995,0.4609568119049072
439,0.4999950000499995,0.4618574380874634
440,0.4999950000499995,0.4627571105957031
441,0.4999950000499995,0.463655948638916
442,0.4999950000499995,0.46455371379852295
443,0.4999950000499995,0.465450644493103
444,0.4999950000499995,0.4663466215133667
445,0.4999950000499995,0.46724164485931396
446,0.4999950000499995,0.4681357145309448
447,0.4999950000499995,0.4690288305282593
448,0.4999950000499995,0.4699211120605469
449,0.4999950000499995,0.47081243991851807
450,0.4999950000499995,0.4717026948928833
451,0.4999950000499995,0.4725921154022217
452,0.4999950000499995,0.4734807014465332
453,0.4999950000499995,0.47436821460723877
454,0.4999950000499995,0.4752546548843384
455,0.4999950000499995,0.4761403799057007
456,0.4999950000499995,0.47702503204345703
457,0.4999950000499995,0.4779086112976074
458,0.4999950000499995,0.47879159450531006
459,0.4999950000499995,0.4796733856201172
460,0.4999950000499995,0.48055434226989746
461,0.4999950000499995,0.48143434524536133
462,0.4999950000499995,0.48231327533721924
463,0.4999950000499995,0.4831913709640503
464,0.4999950000499995,0.48406851291656494
465,0.4999950000499995,0.4849447011947632
466,0.4999950000499995,0.485819935798645
467,0.4999950000499995,0.48669421672821045
468,0.4999950000499995,0.4875675439834595
469,0.4999950000499995,0.4884399175643921
470,0.4999950000499995,0.48931121826171875
471,0.4999950000499995,0.4901818037033081
472,0.4999950000499995,0.49105119705200195
473,0.4999950000499995,0.4919198751449585
474,0.4999950000499995,0.49278736114501953
475,0.4999950000499995,0.49365413188934326
476,0.4999950000499995,0.49451982975006104
477,0.4999950000499995,0.49538445472717285
478,0.4999950000499995,0.49624812602996826
479,0.4999950000499995,0.49711108207702637
480,0.4999950000499995,0.49797284603118896
481,0.4999950000499995,0.49883365631103516
482,0.4999950000499995,0.4996936321258545
483,0.4999950000499995,0.5005525350570679
484,0.4999950000499995,0.5014104843139648
485,0.4999950000499995,0.502267599105835
486,0.4999950000499995,0.5031235218048096
487,0.4999950000499995,0.5039787292480469
488,0.4999950000499995,0.5048328638076782
489,0.4999950000499995,0.5056859254837036
490,0.4999950000499995,0.5065381526947021
491,0.4999950000499995,0.5073894262313843
492,0.4999950000499995,0.5082395076751709
493,0.4999950000499995,0.5090888738632202
494,0.4999950000499995,0.5099374055862427
495,0.4999950000499995,0.5107846260070801
496,0.4999950000499995,0.5116310119628906
497,0.4999950000499995,0.5124763250350952
498,0.4999950000499995,0.513320803642273
499,0.4999950000499995,0.5141643285751343
500,0.4999950000499995,0.5150067806243896
501,0.4999950000499995,0.5158483982086182
502,0.4999950000499995,0.5166889429092407
503,0.4999950000499995,0.5175284147262573
504,0.4999950000499995,0.5183670520782471
505,0.4999950000499995,0.5192047357559204
506,0.4999950000499995,0.5200413465499878
507,0.4999950000499995,0.5208770036697388
508,0.4999950000499995,0.5217117071151733
509,0.4999950000499995,0.5225454568862915
510,0.4999950000499995,0.5233781337738037
511,0.4999950000499995,0.5242098569869995
512,0.4999950000499995,0.5250406265258789
513,0.4999950000499995,0.5258704423904419
514,0.4999950000499995,0.5266993045806885
515,0.4999950000499995,0.5275272130966187
516,0.4999950000499995,0.5283540487289429
517,0.4999950000499995,0.5291798114776611
518,0.4999950000499995,0.5300048589706421
519,0.4999950000499995,0.5308288335800171
520,0.4999950000499995,0.5316516160964966
521,0.4999950000499995,0.5324735641479492
522,0.4999950000499995,0.5332945585250854
523,0.4999950000499995,0.5341144800186157
524,0.4999950000499995,0.5349336862564087
525,0.4999950000499995,0.5357517004013062
526,0.4999950000499995,0.5365687608718872
527,0.4999950000499995,0.5373848676681519
528,0.4999950000499995,0.538199782371521
529,0.4999950000499995,0.5390138626098633
530,0.4999950000499995,0.5398269891738892
531,0.4999950000499995,0.5406390428543091
532,0.4999950000499995,0.5414502620697021
533,0.4999950000499995,0.5422604084014893
534,0.4999950000499995,0.5430694818496704
535,0.4999950000499995,0.5438776016235352
536,0.4999950000499995,0.544684886932373
537,0.4999950000499995,0.545491099357605
538,0.4999950000499995,0.5462963581085205
539,0.4999950000499995,0.5471005439758301
540,0.4999950000499995,0.5479036569595337
541,0.4999950000499995,0.5487060546875
542,0.4999950000499995,0.5495071411132812
543,0.4999950000499995,0.5503073930740356
544,0.4999950000499995,0.5511065721511841
545,0.4999950000499995,0.5519049167633057
546,0.4999950000499995,0.5527023077011108
547,0.4999950000499995,0.5534986257553101
548,0.4999950000499995,0.5542938709259033
549,0.4999950000499995,0.5550882816314697
550,0.4999950000499995,0.5558815002441406
551,0.4999950000499995,0.5566738843917847
552,0.4999950000499995,0.5574651956558228
553,0.4999950000499995,0.5582554340362549
554,0.4999950000499995,0.5590449571609497
555,0.4999950000499995,0.559833288192749
556,0.4999950000499995,0.5606205463409424
557,0.4999950000499995,0.5614070892333984
558,0.4999950000499995,0.5621923208236694
559,0.4999950000499995,0.5629769563674927
560,0.4999950000499995,0.5637602806091309
561,0.4999950000499995,0.5645425319671631
562,0.4999950000499995,0.5653239488601685
563,0.4999950000499995,0.5661044120788574
564,0.4999950000499995,0.5668838024139404
565,0.4999950000499995,0.5676623582839966
566,0.4999950000499995,0.5684396028518677
567,0.4999950000499995,0.5692161321640015
568,0.4999950000499995,0.5699915885925293
569,0.4999950000499995,0.5707660913467407
570,0.4999950000499995,0.5715394020080566
571,0.4999950000499995,0.5723118782043457
572,0.4999950000499995,0.5730834007263184
573,0.4999950000499995,0.5738538503646851
574,0.4999950000499995,0.5746234655380249
575,0.4999950000499995,0.5753917694091797
576,0.4999950000499995,0.5761592388153076
577,0.4999950000499995,0.5769257545471191
578,0.4999950000499995,0.5776911973953247
579,0.4999950000499995,0.5784558057785034
580,0.4999950000499995,0.5792192220687866
581,0.4999950000499995,0.5799819231033325
582,0.4999950000499995,0.5807433128356934
583,0.4999950000499995,0.5815038681030273
584,0.4999950000499995,0.5822633504867554
585,0.4999950000499995,0.5830217599868774
586,0.4999950000499995,0.5837794542312622
587,0.4999950000499995,0.5845359563827515
588,0.4999950000499995,0.5852915048599243
589,0.4999950000499995,0.5860459804534912
590,0.4999950000499995,0.5867996215820312
591,0.4999950000499995,0.5875521898269653
592,0.4999950000499995,0.5883035659790039
593,0.4999950000499995,0.5890542268753052
594,0.4999950000499995,0.5898038148880005
595,0.4999950000499995,0.5905523300170898
596,0.4999950000499995,0.5912998914718628
597,0.4999950000499995,0.5920463800430298
598,0.4999950000499995,0.5927920341491699
599,0.4999950000499995,0.5935366153717041
600,0.4999950000499995,0.5942801237106323
601,0.4999950000499995,0.5950226783752441
602,0.4999950000499995,0.5957643985748291
603,0.4999950000499995,0.596504807472229
604,0.4999950000499995,0.5972446203231812
605,0.4999950000499995,0.5979830026626587
606,0.4999950000499995,0.5987206697463989
607,0.4999950000499995,0.5994572639465332
608,0.4999950000499995,0.6001929044723511
609,0.4999950000499995,0.600927472114563
610,0.4999950000499995,0.6016613245010376
611,0.4999950000499995,0.6023938655853271
612,0.4999950000499995,0.6031254529953003
613,0.4999950000499995,0.6038559675216675
614,0.4999950000499995,0.6045856475830078
615,0.4999950000499995,0.6053143739700317
616,0.4999950000499995,0.6060420274734497
617,0.4999950000499995,0.6067686080932617
618,0.4999950000499995,0.6074943542480469
619,0.4999950000499995,0.6082190275192261
620,0.4999950000499995,0.6089426279067993
621,0.4999950000499995,0.6096652746200562
622,0.4999950000499995,0.6103869676589966
623,0.4999950000499995,0.6111078262329102
624,0.4999950000499995,0.6118273735046387
625,0.4999950000499995,0.6125460863113403
626,0.4999950000499995,0.6132638454437256
627,0.4999950000499995,0.6139805316925049
628,0.4999950000499995,0.6146962642669678
629,0.4999950000499995,0.6154110431671143
630,0.4999950000499995,0.6161247491836548
631,0.4999950000499995,0.6168375015258789
632,0.4999950000499995,0.6175493001937866
633,0.4999950000499995,0.6182599067687988
634,0.4999950000499995,0.6189697980880737
635,0.4999950000499995,0.6196784973144531
636,0.4999950000499995,0.6203863620758057
637,0.4999950000499995,0.6210930347442627
638,0.4999950000499995,0.6217988729476929
639,0.4999950000499995,0.6225037574768066
640,0.4999950000499995,0.623207688331604
641,0.4999950000499995,0.6239104270935059
642,0.4999950000499995,0.6246122121810913
643,0.4999950000499995,0.6253130435943604
644,0.4999950000499995,0.626012921333313
645,0.4999950000499995,0.6267118453979492
646,0.4999950000499995,0.6274096965789795
647,0.4999950000499995,0.6281064748764038
648,0.4999950000499995,0.6288024187088013
649,0.4999950000499995,0.6294974088668823
650,0.4999950000499995,0.630191445350647
651,0.4999950000499995,0.6308844089508057
652,0.4999950000499995,0.6315761804580688
653,0.4999950000499995,0.6322672367095947
654,0.4999950000499995,0.6329572200775146
655,0.4999950000499995,0.6336461305618286
656,0.4999950000499995,0.6343343257904053
657,0.4999950000499995,0.6350212097167969
658,0.4999950000499995,0.6357072591781616
659,0.4999950000499995,0.6363922357559204
660,0.4999950000499995,0.6370763778686523
661,0.4999950000499995,0.6377594470977783
662,0.4999950000499995,0.6384415626525879
663,0.4999950000499995,0.639122724533081
664,0.4999950000499995,0.6398028135299683
665,0.4999950000499995,0.6404818296432495
666,0.4999950000499995,0.6411601305007935
667,0.4999950000499995,0.6418372392654419
668,0.4999950000499995,0.6425135135650635
669,0.4999950000499995,0.6431887149810791
670,0.4999950000499995,0.6438629627227783
671,0.4999950000499995,0.6445361375808716
672,0.4999950000499995,0.6452083587646484
673,0.4999950000499995,0.6458797454833984
674,0.4999950000499995,0.6465499401092529
675,0.4999950000499995,0.6472194194793701
676,0.4999950000499995,0.6478875875473022
677,0.4999950000499995,0.6485550403594971
678,0.4999950000499995,0.6492214202880859
679,0.4999950000499995,0.6498868465423584
680,0.4999950000499995,0.6505511999130249
681,0.4999950000499995,0.651214599609375
682,0.4999950000499995,0.6518771648406982
683,0.4999950000499995,0.6525387763977051
684,0.4999950000499995,0.6531991958618164
685,0.4999950000499995,0.6538587808609009
686,0.4999950000499995,0.6545172929763794
687,0.4999950000499995,0.655174970626831
688,0.4999950000499995,0.6558316946029663
689,0.4999950000499995,0.656487226486206
690,0.4999950000499995,0.657141923904419
691,0.4999950000499995,0.6577955484390259
692,0.4999950000499995,0.6584484577178955
693,0.4999950000499995,0.6591000556945801
694,0.4999950000499995,0.6597508192062378
695,0.4999950000499995,0.6604006290435791
696,0.4999950000499995,0.661049485206604
697,0.4999950000499995,0.6616973876953125
698,0.4999950000499995,0.662344217300415
699,0.4999950000499995,0.6629902124404907
700,0.4999950000499995,0.66363525390625
701,0.4999950000499995,0.6642792224884033
702,0.4999950000499995,0.6649221181869507
703,0.4999950000499995,0.6655642986297607
704,0.4999950000499995,0.6662052869796753
705,0.4999950000499995,0.666845440864563
706,0.4999950000499995,0.6674845218658447
707,0.4999950000499995,0.6681228876113892
708,0.4999950000499995,0.6687600612640381
709,0.4999950000499995,0.6693962812423706
710,0.4999950000499995,0.6700315475463867
711,0.4999950000499995,0.6706658601760864
712,0.4999950000499995,0.6712993383407593
713,0.4999950000499995,0.6719317436218262
714,0.4999950000499995,0.6725630760192871
715,0.4999950000499995,0.6731935739517212
716,0.4999950000499995,0.6738231182098389
717,0.4999950000499995,0.6744517087936401
718,0.4999950000499995,0.675079345703125
719,0.4999950000499995,0.6757059097290039
720,0.4999950000499995,0.676331639289856
721,0.4999950000499995,0.6769564151763916
722,0.4999950000499995,0.6775799989700317
723,0.4999950000499995,0.6782028675079346
724,0.4999950000499995,0.678824782371521
725,0.4999950000499995,0.679445743560791
726,0.4999950000499995,0.6800656318664551
727,0.4999950000499995,0.6806846857070923
728,0.4999950000499995,0.681302547454834
729,0.4999950000499995,0.6819196939468384
730,0.4999950000499995,0.6825358867645264
731,0.4999950000499995,0.6831508874893188
732,0.4999950000499995,0.683765172958374
733,0.4999950000499995,0.6843783855438232
734,0.4999950000499995,0.684990644454956
735,0.4999950000499995,0.685602068901062
736,0.4999950000499995,0.6862125396728516
737,0.4999950000499995,0.6868220567703247
738,0.4999950000499995,0.6874303817749023
739,0.4999950000499995,0.6880379915237427
740,0.4999950000499995,0.6886447668075562
741,0.4999950000499995,0.6892503499984741
742,0.4999950000499995,0.6898550987243652
743,0.4999950000499995,0.6904588937759399
744,0.4999950000499995,0.6910614967346191
745,0.4999950000499995,0.6916635036468506
746,0.4999950000499995,0.6922644376754761
747,0.4999950000499995,0.6928644180297852
748,0.4999950000499995,0.6934635639190674
749,0.4999950000499995,0.6940616369247437
750,0.4999950000499995,0.6946588754653931
751,0.4999950000499995,0.695254921913147
752,0.4999950000499995,0.6958502531051636
753,0.4999950000499995,0.6964447498321533
754,0.4999950000499995,0.6970381736755371
755,0.4999950000499995,0.6976305246353149
756,0.4999950000499995,0.6982221603393555
757,0.4999950000499995,0.69881272315979
758,0.4999950000499995,0.6994024515151978
759,0.4999950000499995,0.6999911069869995
760,0.4999950000499995,0.7005789279937744
761,0.4999950000499995,0.7011656761169434
762,0.4999950000499995,0.701751708984375
763,0.4999950000499995,0.7023366689682007
764,0.4999950000499995,0.7029207944869995
765,0.4999950000499995,0.7035038471221924
766,0.4999950000499995,0.7040860652923584
767,0.4999950000499995,0.704667329788208
768,0.4999950000499995,0.7052477598190308
769,0.4999950000499995,0.7058271169662476
770,0.4999950000499995,0.7064056396484375
771,0.4999950000499995,0.7069830894470215
772,0.4999950000499995,0.7075598239898682
773,0.4999950000499995,0.7081354856491089
774,0.4999950000499995,0.7087103128433228
775,0.4999950000499995,0.7092840671539307
776,0.4999950000499995,0.7098569869995117
777,0.4999950000499995,0.7104289531707764
778,0.4999950000499995,0.7110000848770142
779,0.4999950000499995,0.7115702629089355
780,0.4999950000499995,0.7121394872665405
781,0.4999950000499995,0.7127077579498291
782,0.4999950000499995,0.7132751941680908
783,0.4999950000499995,0.7138416767120361
784,0.4999950000499995,0.714407205581665
785,0.4999950000499995,0.7149717807769775
786,0.4999950000499995,0.7155356407165527
787,0.4999950000499995,0.7160983085632324
788,0.4999950000499995,0.7166602611541748
789,0.4999950000499995,0.7172212600708008
790,0.4999950000499995,0.7177814245223999
791,0.4999950000499995,0.7183406352996826
792,0.4999950000499995,0.7188988924026489
793,0.4999950000499995,0.7194560766220093
794,0.4999950000499995,0.7200125455856323
795,0.4999950000499995,0.720568060874939
796,0.4999950000499995,0.7211226224899292
797,0.4999950000499995,0.7216763496398926
798,0.4999950000499995,0.7222291231155396
799,0.4999950000499995,0.7227809429168701
800,0.4999950000499995,0.7233320474624634
801,0.4999950000499995,0.7238819599151611
802,0.4999950000499995,0.7244312763214111
803,0.4999950000499995,0.7249795198440552
804,0.4999950000499995,0.7255268096923828
805,0.4999950000499995,0.7260732650756836
806,0.4999950000499995,0.726618766784668
807,0.4999950000499995,0.727163553237915
808,0.4999950000499995,0.7277072668075562
809,0.4999950000499995,0.7282501459121704
810,0.4999950000499995,0.7287920713424683
811,0.4999950000499995,0.7293330430984497
812,0.4999950000499995,0.7298732995986938
813,0.4999950000499995,0.730412483215332
814,0.4999950000499995,0.7309507131576538
815,0.4999950000499995,0.7314883470535278
816,0.4999950000499995,0.7320249080657959
817,0.4999950000499995,0.7325606346130371
818,0.4999950000499995,0.7330954074859619
819,0.4999950000499995,0.7336292266845703
820,0.4999950000499995,0.7341623306274414
821,0.4999950000499995,0.7346943616867065
822,0.4999950000499995,0.7352257966995239
823,0.4999950000499995,0.7357559204101562
824,0.4999950000499995,0.7362854480743408
825,0.4999950000499995,0.7368141412734985
826,0.4999950000499995,0.7373417615890503
827,0.4999950000499995,0.7378685474395752
828,0.4999950000499995,0.7383943796157837
829,0.4999950000499995,0.7389193773269653
830,0.4999950000499995,0.7394436597824097
831,0.4999950000499995,0.739966869354248
832,0.4999950000499995,0.7404892444610596
833,0.4999950000499995,0.7410107851028442
834,0.4999950000499995,0.741531491279602
835,0.4999950000499995,0.7420512437820435
836,0.4999950000499995,0.742570161819458
837,0.4999950000499995,0.7430881261825562
838,0.4999950000499995,0.7436051368713379
839,0.4999950000499995,0.7441213130950928
840,0.4999950000499995,0.7446367740631104
841,0.4999950000499995,0.7451512813568115
842,0.4999950000499995,0.7456649541854858
843,0.4999950000499995,0.7461776733398438
844,0.4999950000499995,0.7466894388198853
845,0.4999950000499995,0.747200608253479
846,0.4999950000499995,0.7477108240127563
847,0.4999950000499995,0.7482199668884277
848,0.4999950000499995,0.7487283945083618
849,0.4999950000499995,0.749235987663269
850,0.4999950000499995,0.7497426271438599
851,0.4999950000499995,0.7502484321594238
852,0.4999950000499995,0.7507534027099609
853,0.4999950000499995,0.7512574195861816
854,0.4999950000499995,0.7517606019973755
855,0.4999950000499995,0.752263069152832
856,0.4999950000499995,0.7527645826339722
857,0.4999950000499995,0.7532652616500854
858,0.4999950000499995,0.7537649869918823
859,0.4999950000499995,0.7542639970779419
860,0.4999950000499995,0.7547619342803955
861,0.4999950000499995,0.7552592754364014
862,0.4999950000499995,0.7557556629180908
863,0.4999950000499995,0.7562510967254639
864,0.4999950000499995,0.7567458152770996
865,0.4999950000499995,0.7572394609451294
866,0.4999950000499995,0.7577325105667114
867,0.4999950000499995,0.758224606513977
868,0.4999950000499995,0.7587158679962158
869,0.4999950000499995,0.7592062950134277
870,0.4999950000499995,0.7596957683563232
871,0.4999950000499995,0.7601845264434814
872,0.4999950000499995,0.7606725692749023
873,0.4999950000499995,0.7611595392227173
874,0.4999950000499995,0.7616455554962158
875,0.4999950000499995,0.762130856513977
876,0.4999950000499995,0.7626155614852905
877,0.4999950000499995,0.763099193572998
878,0.4999950000499995,0.7635819911956787
879,0.4999950000499995,0.764063835144043
880,0.4999950000499995,0.7645449638366699
881,0.4999950000499995,0.7650253772735596
882,0.4999950000499995,0.7655045986175537
883,0.4999950000499995,0.7659833431243896
884,0.4999950000499995,0.7664611339569092
885,0.4999950000499995,0.7669379711151123
886,0.4999950000499995,0.7674142122268677
887,0.4999950000499995,0.7678894996643066
888,0.4999950000499995,0.7683638334274292
889,0.4999950000499995,0.7688374519348145
890,0.4999950000499995,0.7693103551864624
891,0.4999950000499995,0.769782304763794
892,0.4999950000499995,0.7702533006668091
893,0.4999950000499995,0.7707237005233765
894,0.4999950000499995,0.7711931467056274
895,0.4999950000499995,0.7716618776321411
896,0.4999950000499995,0.7721296548843384
897,0.4999950000499995,0.7725965976715088
898,0.4999950000499995,0.7730627059936523
899,0.4999950000499995,0.7735280990600586
900,0.4999950000499995,0.773992657661438
901,0.4999950000499995,0.7744565010070801
902,0.4999950000499995,0.7749193906784058
903,0.4999950000499995,0.7753814458847046
904,0.4999950000499995,0.775842547416687
905,0.4999950000499995,0.7763030529022217
906,0.4999950000499995,0.776762843132019
907,0.4999950000499995,0.7772214412689209
908,0.4999950000499995,0.7776796817779541
909,0.4999950000499995,0.7781367301940918
910,0.4999950000499995,0.7785930633544922
911,0.4999950000499995,0.7790488004684448
912,0.4999950000499995,0.7795034646987915
913,0.4999950000499995,0.7799574136734009
914,0.4999950000499995,0.780410647392273
915,0.4999950000499995,0.7808629274368286
916,0.4999950000499995,0.781314492225647
917,0.4999950000499995,0.781765341758728
918,0.4999950000499995,0.7822152376174927
919,0.4999950000499995,0.7826641798019409
920,0.4999950000499995,0.783112645149231
921,0.4999950000499995,0.7835601568222046
922,0.4999950000499995,0.7840068340301514
923,0.4999950000499995,0.7844527959823608
924,0.4999950000499995,0.7848979234695435
925,0.4999950000499995,0.7853422164916992
926,0.4999950000499995,0.7857857942581177
927,0.4999950000499995,0.7862284183502197
928,0.4999950000499995,0.786670446395874
929,0.4999950000499995,0.7871116399765015
930,0.4999950000499995,0.787551999092102
931,0.4999950000499995,0.7879915237426758
932,0.4999950000499995,0.7884302139282227
933,0.4999950000499995,0.7888683080673218
934,0.4999950000499995,0.7893053293228149
935,0.4999950000499995,0.7897418737411499
936,0.4999950000499995,0.7901774644851685
937,0.4999950000499995,0.7906123399734497
938,0.4999950000499995,0.7910462617874146
939,0.4999950000499995,0.7914797067642212
940,0.4999950000499995,0.7919120788574219
941,0.4999950000499995,0.7923437356948853
942,0.4999950000499995,0.7927746772766113
943,0.4999950000499995,0.7932049036026001
944,0.4999950000499995,0.793634295463562
945,0.4999950000499995,0.7940628528594971
946,0.4999950000499995,0.7944905757904053
947,0.4999950000499995,0.7949177026748657
948,0.4999950000499995,0.7953438758850098
949,0.4999950000499995,0.7957693338394165
950,0.4999950000499995,0.7961940765380859
951,0.4999950000499995,0.7966179847717285
952,0.4999950000499995,0.7970411777496338
953,0.4999950000499995,0.7974635362625122
954,0.4999950000499995,0.7978851795196533
955,0.4999950000499995,0.7983061075210571
956,0.4999950000499995,0.7987262010574341
957,0.4999950000499995,0.7991455793380737
958,0.4999950000499995,0.7995641231536865
959,0.4999950000499995,0.7999817132949829
960,0.4999950000499995,0.8003989458084106
961,0.4999950000499995,0.800815224647522
962,0.4999950000499995,0.801230788230896
963,0.4999950000499995,0.8016453981399536
964,0.4999950000499995,0.8020594120025635
965,0.4999950000499995,0.802472710609436
966,0.4999950000499995,0.8028850555419922
967,0.4999950000499995,0.8032969236373901
968,0.4999950000499995,0.8037078380584717
969,0.4999950000499995,0.8041181564331055
970,0.4999950000499995,0.8045274019241333
971,0.4999950000499995,0.8049361705780029
972,0.4999950000499995,0.8053441047668457
973,0.4999950000499995,0.8057513236999512
974,0.4999950000499995,0.8061577081680298
975,0.4999950000499995,0.8065633773803711
976,0.4999950000499995,0.8069684505462646
977,0.4999950000499995,0.8073725700378418
978,0.4999950000499995,0.8077760934829712
979,0.4999950000499995,0.8081787824630737
980,0.4999950000499995,0.808580756187439
981,0.4999950000499995,0.8089820146560669
982,0.4999950000499995,0.809382438659668
983,0.4999950000499995,0.8097821474075317
984,0.4999950000499995,0.8101812601089478
985,0.4999950000499995,0.8105794191360474
986,0.4999950000499995,0.8109768629074097
987,0.4999950000499995,0.8113738298416138
988,0.4999950000499995,0.811769962310791
989,0.4999950000499995,0.8121650218963623
990,0.4999950000499995,0.8125597238540649
991,0.4999950000499995,0.8129535913467407
992,0.4999950000499995,0.8133467435836792
993,0.4999950000499995,0.8137389421463013
994,0.4999950000499995,0.8141307830810547
995,0.4999950000499995,0.8145216703414917
996,0.4999950000499995,0.8149118423461914
997,0.4999950000499995,0.8153012990951538
998,0.4999950000499995,0.8156900405883789
999,0.4999950000499995,0.8160780668258667
1000,0.999990000099999,0.8164653778076172
1001,0.999990000099999,0.8168519735336304
1002,0.999990000099999,0.8172378540039062
1003,0.999990000099999,0.8176229000091553
1004,0.999990000099999,0.8180074691772461
1005,0.999990000099999,0.8183910846710205
1006,0.999990000099999,0.8187741041183472
1007,0.999990000099999,0.819156289100647
1008,0.999990000099999,0.819537878036499
1009,0.999990000099999,0.8199187517166138
1010,0.999990000099999,0.8202989101409912
1011,0.999990000099999,0.8206781148910522
1012,0.999990000099999,0.8210568428039551
1013,0.999990000099999,0.8214348554611206
1014,0.999990000099999,0.8218121528625488
1015,0.999990000099999,0.8221887350082397
1016,0.999990000099999,0.8225644826889038
1017,0.999990000099999,0.8229397535324097
1018,0.999990000099999,0.8233141899108887
1019,0.999990000099999,0.8236877918243408
1020,0.999990000099999,0.8240609169006348
1021,0.999990000099999,0.8244332075119019
1022,0.999990000099999,0.8248046636581421
1023,0.999990000099999,0.8251757621765137
1024,0.999990000099999,0.8255459070205688
1025,0.999990000099999,0.8259154558181763
1026,0.999990000099999,0.8262841701507568
1027,0.999990000099999,0.8266524076461792
1028,0.999990000099999,0.8270198106765747
1029,0.999990000099999,0.8273863792419434
1030,0.999990000099999,0.8277524709701538
1031,0.999990000099999,0.8281179666519165
1032,0.999990000099999,0.8284825086593628
1033,0.999990000099999,0.8288464546203613
1034,0.999990000099999,0.829209566116333
1035,0.999990000099999,0.8295722007751465
1036,0.999990000099999,0.8299342393875122
1037,0.999990000099999,0.8302954435348511
1038,0.999990000099999,0.8306559324264526
1039,0.999990000099999,0.8310157060623169
1040,0.999990000099999,0.8313748836517334
1041,0.999990000099999,0.8317333459854126
1042,0.999990000099999,0.8320909738540649
1043,0.999990000099999,0.8324482440948486
1044,0.999990000099999,0.8328045606613159
1045,0.999990000099999,0.833160400390625
1046,0.999990000099999,0.8335154056549072
1047,0.999990000099999,0.8338696956634521
1048,0.999990000099999,0.8342233896255493
1049,0.999990000099999,0.8345763683319092
1050,0.999990000099999,0.8349287509918213
1051,0.999990000099999,0.8352804183959961
1052,0.999990000099999,0.8356316089630127
1053,0.999990000099999,0.8359817266464233
1054,0.999990000099999,0.8363313674926758
1055,0.999990000099999,0.8366804122924805
1056,0.999990000099999,0.8370287418365479
1057,0.999990000099999,0.8373763561248779
1058,0.999990000099999,0.8377234935760498
1059,0.999990000099999,0.8380696773529053
1060,0.999990000099999,0.8384155035018921
1061,0.999990000099999,0.8387603759765625
1062,0.999990000099999,0.8391046524047852
1063,0.999990000099999,0.8394484519958496
1064,0.999990000099999,0.8397914171218872
1065,0.999990000099999,0.8401336669921875
1066,0.999990000099999,0.8404754400253296
1067,0.999990000099999,0.8408164978027344
1068,0.999990000099999,0.8411568403244019
1069,0.999990000099999,0.8414965867996216
1070,0.999990000099999,0.841835618019104
1071,0.999990000099999,0.8421739339828491
1072,0.999990000099999,0.842511773109436
1073,0.999990000099999,0.8428487777709961
1074,0.999990000099999,0.843185305595398
1075,0.999990000099999,0.8435211181640625
1076,0.999990000099999,0.8438562154769897
1077,0.999990000099999,0.8441908359527588
1078,0.999990000099999,0.8445245027542114
1079,0.999990000099999,0.8448578119277954
1080,0.999990000099999,0.8451902866363525
1081,0.999990000099999,0.8455221652984619
1082,0.999990000099999,0.8458535671234131
1083,0.999990000099999,0.8461840152740479
1084,0.999990000099999,0.8465142250061035
1085,0.999990000099999,0.8468434810638428
1086,0.999990000099999,0.8471723794937134
1087,0.999990000099999,0.847500205039978
1088,0.999990000099999,0.847827672958374
1089,0.999990000099999,0.8481545448303223
1090,0.999990000099999,0.8484807014465332
1091,0.999990000099999,0.8488062620162964
1092,0.999990000099999,0.8491311073303223
1093,0.999990000099999,0.8494553565979004
1094,0.999990000099999,0.8497790098190308
1095,0.999990000099999,0.8501018285751343
1096,0.999990000099999,0.8504242897033691
1097,0.999990000099999,0.8507460355758667
1098,0.999990000099999,0.8510671854019165
1099,0.999990000099999,0.8513877391815186
1100,0.999990000099999,0.8517074584960938
1101,0.999990000099999,0.8520268201828003
1102,0.999990000099999,0.85234534740448
1103,0.999990000099999,0.8526633977890015
1104,0.999990000099999,0.8529806137084961
1105,0.999990000099999,0.8532974720001221
1106,0.999990000099999,0.8536136150360107
1107,0.999990000099999,0.8539290428161621
1108,0.999990000099999,0.8542439937591553
1109,0.999990000099999,0.8545582294464111
1110,0.999990000099999,0.8548718690872192
1111,0.999990000099999,0.8551849126815796
1112,0.999990000099999,0.8554973602294922
1113,0.999990000099999,0.8558090925216675
1114,0.999990000099999,0.8561203479766846
1115,0.999990000099999,0.8564308881759644
1116,0.999990000099999,0.8567407131195068
1117,0.999990000099999,0.8570502996444702
1118,0.999990000099999,0.8573590517044067
1119,0.999990000099999,0.857667088508606
1120,0.999990000099999,0.857974648475647
1121,0.999990000099999,0.8582814931869507
1122,0.999990000099999,0.8585878610610962
1123,0.999990000099999,0.858893632888794
1124,0.999990000099999,0.8591986894607544
1125,0.999990000099999,0.8595032691955566
1126,0.999990000099999,0.8598073720932007
1127,0.999990000099999,0.8601106405258179
1128,0.999990000099999,0.8604131937026978
1129,0.999990000099999,0.8607152700424194
1130,0.999990000099999,0.8610168695449829
1131,0.999990000099999,0.8613178730010986
1132,0.999990000099999,0.861618161201477
1133,0.999990000099999,0.8619179725646973
1134,0.999990000099999,0.8622170686721802
1135,0.999990000099999,0.8625158071517944
1136,0.999990000099999,0.8628137111663818
1137,0.999990000099999,0.8631110191345215
1138,0.999990000099999,0.8634077310562134
1139,0.999990000099999,0.8637039661407471
1140,0.999990000099999,0.863999605178833
1141,0.999990000099999,0.8642946481704712
1142,0.999990000099999,0.8645889759063721
1143,0.999990000099999,0.8648829460144043
1144,0.999990000099999,0.8651763200759888
1145,0.999990000099999,0.8654689788818359
1146,0.999990000099999,0.8657610416412354
1147,0.999990000099999,0.8660526275634766
1148,0.999990000099999,0.8663433790206909
1149,0.999990000099999,0.8666336536407471
1150,0.999990000099999,0.866923451423645
1151,0.999990000099999,0.8672126531600952
1152,0.999990000099999,0.8675013780593872
1153,0.999990000099999,0.8677895069122314
1154,0.999990000099999,0.8680769205093384
1155,0.999990000099999,0.8683638572692871
1156,0.999990000099999,0.8686501979827881
1157,0.999990000099999,0.8689359426498413
1158,0.999990000099999,0.8692212104797363
1159,0.999990000099999,0.869505763053894
1160,0.999990000099999,0.869789719581604
1161,0.999990000099999,0.8700731992721558
1162,0.999990000099999,0.8703563213348389
1163,0.999990000099999,0.8706387281417847
1164,0.999990000099999,0.8709203004837036
1165,0.999990000099999,0.8712016344070435
1166,0.999990000099999,0.8714823722839355
1167,0.999990000099999,0.8717622756958008
1168,0.999990000099999,0.8720419406890869
1169,0.999990000099999,0.8723208904266357
1170,0.999990000099999,0.8725992441177368
1171,0.999990000099999,0.8728772401809692
1172,0.999990000099999,0.8731545209884644
1173,0.999990000099999,0.8734313249588013
1174,0.999990000099999,0.8737074136734009
1175,0.999990000099999,0.8739831447601318
1176,0.999990000099999,0.8742581605911255
1177,0.999990000099999,0.8745326995849609
1178,0.999990000099999,0.8748067617416382
1179,0.999990000099999,0.8750801086425781
1180,0.999990000099999,0.8753530979156494
1181,0.999990000099999,0.8756251335144043
1182,0.999990000099999,0.8758969306945801
1183,0.999990000099999,0.8761682510375977
1184,0.999990000099999,0.8764389753341675
1185,0.999990000099999,0.8767091035842896
1186,0.999990000099999,0.8769786357879639
1187,0.999990000099999,0.87724769115448
1188,0.999990000099999,0.8775161504745483
1189,0.999990000099999,0.877784252166748
1190,0.999990000099999,0.8780516386032104
1191,0.999990000099999,0.8783185482025146
1192,0.999990000099999,0.8785849809646606
1193,0.999990000099999,0.8788506984710693
1194,0.999990000099999,0.8791160583496094
1195,0.999990000099999,0.8793807029724121
1196,0.999990000099999,0.8796448707580566
1197,0.999990000099999,0.879908561706543
1198,0.999990000099999,0.8801717758178711
1199,0.999990000099999,0.8804342746734619
1200,0.999990000099999,0.8806962966918945
1201,0.999990000099999,0.8809577226638794
1202,0.999990000099999,0.8812189102172852
1203,0.999990000099999,0.8814793825149536
1204,0.999990000099999,0.8817393779754639
1205,0.999990000099999,0.8819986581802368
1206,0.999990000099999,0.8822576999664307
1207,0.999990000099999,0.8825160264968872
1208,0.999990000099999,0.882773756980896
1209,0.999990000099999,0.8830311298370361
1210,0.999990000099999,0.8832879066467285
1211,0.999990000099999,0.8835442066192627
1212,0.999990000099999,0.8837999105453491
1213,0.999990000099999,0.8840552568435669
1214,0.999990000099999,0.8843100070953369
1215,0.999990000099999,0.8845640420913696
1216,0.999990000099999,0.8848178386688232
1217,0.999990000099999,0.8850709199905396
1218,0.999990000099999,0.8853236436843872
1219,0.999990000099999,0.8855757713317871
1220,0.999990000099999,0.8858274221420288
1221,0.999990000099999,0.8860783576965332
1222,0.999990000099999,0.8863290548324585
1223,0.999990000099999,0.886579155921936
1224,0.999990000099999,0.8868286609649658
1225,0.999990000099999,0.887077808380127
1226,0.999990000099999,0.8873261213302612
1227,0.999990000099999,0.8875744342803955
1228,0.999990000099999,0.8878217935562134
1229,0.999990000099999,0.8880689144134521
1230,0.999990000099999,0.8883154392242432
1231,0.999990000099999,0.8885613679885864
1232,0.999990000099999,0.888806939125061
1233,0.999990000099999,0.8890519142150879
1234,0.999990000099999,0.889296293258667
1235,0.999990000099999,0.889540433883667
1236,0.999990000099999,0.8897840976715088
1237,0.999990000099999,0.8900270462036133
1238,0.999990000099999,0.8902695178985596
1239,0.999990000099999,0.8905115127563477
1240,0.999990000099999,0.890752911567688
1241,0.999990000099999,0.8909939527511597
1242,0.999990000099999,0.8912346363067627
1243,0.999990000099999,0.891474723815918
1244,0.999990000099999,0.8917142152786255
1245,0.999990000099999,0.8919531106948853
1246,0.999990000099999,0.8921916484832764
1247,0.999990000099999,0.8924298286437988
1248,0.999990000099999,0.892667293548584
1249,0.999990000099999,0.89290452003479
1250,0.999990000099999,0.8931411504745483
1251,0.999990000099999,0.8933773040771484
1252,0.999990000099999,0.8936127424240112
1253,0.999990000099999,0.8938479423522949
1254,0.999990000099999,0.8940826654434204
1255,0.999990000099999,0.8943167924880981
1256,0.999990000099999,0.8945504426956177
1257,0.999990000099999,0.894783616065979
1258,0.999990000099999,0.8950165510177612
1259,0.999990000099999,0.8952487707138062
1260,0.999990000099999,0.8954805135726929
1261,0.999990000099999,0.8957117795944214
1262,0.999990000099999,0.8959424495697021
1263,0.999990000099999,0.8961731195449829
1264,0.999990000099999,0.8964028358459473
1265,0.999990000099999,0.896632194519043
1266,0.999990000099999,0.8968610763549805
1267,0.999990000099999,0.8970894813537598
1268,0.999990000099999,0.8973175287246704
1269,0.999990000099999,0.8975449800491333
1270,0.999990000099999,0.8977720737457275
1271,0.999990000099999,0.897998571395874
1272,0.999990000099999,0.8982247114181519
1273,0.999990000099999,0.8984502553939819
1274,0.999990000099999,0.8986754417419434
1275,0.999990000099999,0.8989001512527466
1276,0.999990000099999,0.8991243839263916
1277,0.999990000099999,0.8993481397628784
1278,0.999990000099999,0.899571418762207
1279,0.999990000099999,0.8997942209243774
1280,0.999990000099999,0.9000165462493896
1281,0.999990000099999,0.9002383947372437
1282,0.999990000099999,0.900459885597229
1283,0.999990000099999,0.9006810188293457
1284,0.999990000099999,0.9009015560150146
1285,0.999990000099999,0.9011213779449463
1286,0.999990000099999,0.9013411998748779
1287,0.999990000099999,0.9015603065490723
1288,0.999990000099999,0.9017789363861084
1289,0.999990000099999,0.9019973278045654
1290,0.999990000099999,0.9022148847579956
1291,0.999990000099999,0.9024323225021362
1292,0.999990000099999,0.9026491641998291
1293,0.999990000099999,0.9028656482696533
1294,0.999990000099999,0.9030816555023193
1295,0.999990000099999,0.9032971858978271
1296,0.999990000099999,0.9035122394561768
1297,0.999990000099999,0.9037269353866577
1298,0.999990000099999,0.9039410352706909
1299,0.999990000099999,0.9041547775268555
1300,0.999990000099999,0.9043680429458618
1301,0.999990000099999,0.90458083152771
1302,0.999990000099999,0.904793381690979
1303,0.999990000099999,0.9050053358078003
1304,0.999990000099999,0.9052169322967529
1305,0.999990000099999,0.9054278135299683
1306,0.999990000099999,0.9056384563446045
1307,0.999990000099999,0.9058486223220825
1308,0.999990000099999,0.9060584306716919
1309,0.999990000099999,0.9062676429748535
1310,0.999990000099999,0.9064767360687256
1311,0.999990000099999,0.9066851139068604
1312,0.999990000099999,0.9068928956985474
1313,0.999990000099999,0.9071005582809448
1314,0.999990000099999,0.9073076248168945
1315,0.999990000099999,0.9075145721435547
1316,0.999990000099999,0.9077208042144775
1317,0.999990000099999,0.9079264402389526
1318,0.999990000099999,0.9081319570541382
1319,0.999990000099999,0.908336877822876
1320,0.999990000099999,0.9085413217544556
1321,0.999990000099999,0.9087456464767456
1322,0.999990000099999,0.9089491367340088
1323,0.999990000099999,0.9091525077819824
1324,0.999990000099999,0.9093554019927979
1325,0.999990000099999,0.9095578193664551
1326,0.999990000099999,0.9097596406936646
1327,0.999990000099999,0.9099612236022949
1328,0.999990000099999,0.9101623296737671
1329,0.999990000099999,0.9103631973266602
1330,0.999990000099999,0.9105634689331055
1331,0.999990000099999,0.9107632637023926
1332,0.999990000099999,0.9109628200531006
1333,0.999990000099999,0.9111617803573608
1334,0.999990000099999,0.9113603830337524
1335,0.999990000099999,0.9115585088729858
1336,0.999990000099999,0.9117562770843506
1337,0.999990000099999,0.9119536876678467
1338,0.999990000099999,0.9121507406234741
1339,0.999990000099999,0.9123470783233643
1340,0.999990000099999,0.9125432968139648
1341,0.999990000099999,0.9127389192581177
1342,0.999990000099999,0.9129343032836914
1343,0.999990000099999,0.9131290912628174
1344,0.999990000099999,0.9133235216140747
1345,0.999990000099999,0.9135174751281738
1346,0.999990000099999,0.9137113094329834
1347,0.999990000099999,0.9139045476913452
1348,0.999990000099999,0.9140973091125488
1349,0.999990000099999,0.9142897129058838
1350,0.999990000099999,0.9144817590713501
1351,0.999990000099999,0.9146733283996582
1352,0.999990000099999,0.9148645401000977
1353,0.999990000099999,0.9150553941726685
1354,0.999990000099999,0.915245771408081
1355,0.999990000099999,0.915435791015625
1356,0.999990000099999,0.9156252145767212
1357,0.999990000099999,0.9158143997192383
1358,0.999990000099999,0.9160032272338867
1359,0.999990000099999,0.9161916971206665
1360,0.999990000099999,0.9163796901702881
1361,0.999990000099999,0.9165670871734619
1362,0.999990000099999,0.9167542457580566
1363,0.999990000099999,0.9169412851333618
1364,0.999990000099999,0.9171274900436401
1365,0.999990000099999,0.9173134565353394
1366,0.999990000099999,0.9174990653991699
1367,0.999990000099999,0.9176843166351318
1368,0.999990000099999,0.9178693294525146
1369,0.999990000099999,0.9180537462234497
1370,0.999990000099999,0.9182376861572266
1371,0.999990000099999,0.9184212684631348
1372,0.999990000099999,0.9186044931411743
1373,0.999990000099999,0.9187874794006348
1374,0.999990000099999,0.9189698696136475
1375,0.999990000099999,0.9191521406173706
1376,0.999990000099999,0.919333815574646
1377,0.999990000099999,0.9195150136947632
1378,0.999990000099999,0.9196959733963013
1379,0.999990000099999,0.9198765754699707
1380,0.999990000099999,0.9200568199157715
1381,0.999990000099999,0.9202365875244141
1382,0.999990000099999,0.9204158782958984
1383,0.999990000099999,0.9205948114395142
1384,0.999990000099999,0.9207736253738403
1385,0.999990000099999,0.9209517240524292
1386,0.999990000099999,0.9211297035217285
1387,0.999990000099999,0.9213072061538696
1388,0.999990000099999,0.921484112739563
1389,0.999990000099999,0.9216611385345459
1390,0.999990000099999,0.9218374490737915
1391,0.999990000099999,0.9220132827758789
1392,0.999990000099999,0.9221891164779663
1393,0.999990000099999,0.9223641157150269
1394,0.999990000099999,0.9225391149520874
1395,0.999990000099999,0.9227135181427002
1396,0.999990000099999,0.9228876829147339
1397,0.999990000099999,0.9230613708496094
1398,0.999990000099999,0.9232348203659058
1399,0.999990000099999,0.9234079122543335
1400,0.999990000099999,0.9235804080963135
1401,0.999990000099999,0.9237526655197144
1402,0.999990000099999,0.9239246845245361
1403,0.999990000099999,0.9240961074829102
1404,0.999990000099999,0.9242674112319946
1405,0.999990000099999,0.9244379997253418
1406,0.999990000099999,0.9246084690093994
1407,0.999990000099999,0.9247784614562988
1408,0.999990000099999,0.9249483346939087
1409,0.999990000099999,0.9251174926757812
1410,0.999990000099999,0.9252865314483643
1411,0.999990000099999,0.9254553318023682
1412,0.999990000099999,0.9256235361099243
1413,0.999990000099999,0.9257912635803223
1414,0.999990000099999,0.9259588718414307
1415,0.999990000099999,0.9261260032653809
1416,0.999990000099999,0.926292896270752
1417,0.999990000099999,0.9264593124389648
1418,0.999990000099999,0.9266253709793091
1419,0.999990000099999,0.9267911911010742
1420,0.999990000099999,0.9269564151763916
1421,0.999990000099999,0.927121639251709
1422,0.999990000099999,0.9272862672805786
1423,0.999990000099999,0.9274505376815796
1424,0.999990000099999,0.9276144504547119
1425,0.999990000099999,0.9277781248092651
1426,0.999990000099999,0.9279414415359497
1427,0.999990000099999,0.9281042814254761
1428,0.999990000099999,0.9282668828964233
1429,0.999990000099999,0.928429126739502
1430,0.999990000099999,0.9285910129547119
1431,0.999990000099999,0.9287526607513428
1432,0.999990000099999,0.9289135932922363
1433,0.999990000099999,0.9290744066238403
1434,0.999990000099999,0.9292349815368652
1435,0.999990000099999,0.9293951988220215
1436,0.999990000099999,0.9295549392700195
1437,0.999990000099999,0.9297143220901489
1438,0.999990000099999,0.9298734664916992
1439,0.999990000099999,0.9300322532653809
1440,0.999990000099999,0.9301908016204834
1441,0.999990000099999,0.9303486347198486
1442,0.999990000099999,0.9305063486099243
1443,0.999990000099999,0.9306638240814209
1444,0.999990000099999,0.9308209419250488
1445,0.999990000099999,0.9309775829315186
1446,0.999990000099999,0.9311341047286987
1447,0.999990000099999,0.9312901496887207
1448,0.999990000099999,0.931445837020874
1449,0.999990000099999,0.9316010475158691
1450,0.999990000099999,0.9317562580108643
1451,0.999990000099999,0.9319108724594116
1452,0.999990000099999,0.9320652484893799
1453,0.999990000099999,0.9322192668914795
1454,0.999990000099999,0.932373046875
1455,0.999990000099999,0.9325263500213623
1456,0.999990000099999,0.932679295539856
1457,0.999990000099999,0.9328320026397705
1458,0.999990000099999,0.9329843521118164
1459,0.999990000099999,0.9331364631652832
1460,0.999990000099999,0.9332882165908813
1461,0.999990000099999,0.9334397315979004
1462,0.999990000099999,0.9335905313491821
1463,0.999990000099999,0.9337414503097534
1464,0.999990000099999,0.9338916540145874
1465,0.999990000099999,0.9340418577194214
1466,0.999990000099999,0.9341915845870972
1467,0.999990000099999,0.9343409538269043
1468,0.999990000099999,0.9344902038574219
1469,0.999990000099999,0.9346389770507812
1470,0.999990000099999,0.9347872734069824
1471,0.999990000099999,0.934935450553894
1472,0.999990000099999,0.9350833892822266
1473,0.999990000099999,0.9352307319641113
1474,0.999990000099999,0.9353780746459961
1475,0.999990000099999,0.9355248212814331
1476,0.999990000099999,0.9356714487075806
1477,0.999990000099999,0.9358175992965698
1478,0.999990000099999,0.9359636306762695
1479,0.999990000099999,0.9361090660095215
1480,0.999990000099999,0.9362543821334839
1481,0.999990000099999,0.9363993406295776
1482,0.999990000099999,0.9365439414978027
1483,0.999990000099999,0.9366884231567383
1484,0.999990000099999,0.9368324279785156
1485,0.999990000099999,0.9369759559631348
1486,0.999990000099999,0.9371194839477539
1487,0.999990000099999,0.9372624158859253
1488,0.999990000099999,0.9374052286148071
1489,0.999990000099999,0.9375476837158203
1490,0.999990000099999,0.9376897811889648
1491,0.999990000099999,0.9378317594528198
1492,0.999990000099999,0.937973141670227
1493,0.999990000099999,0.9381144046783447
1494,0.999990000099999,0.9382553100585938
1495,0.999990000099999,0.9383959770202637
1496,0.999990000099999,0.9385364055633545
1497,0.999990000099999,0.9386763572692871
1498,0.999990000099999,0.9388159513473511
1499,0.999990000099999,0.9389553070068359
1500,0.999990000099999,0.9390944242477417
1501,0.999990000099999,0.9392331838607788
1502,0.999990000099999,0.9393717050552368
1503,0.999990000099999,0.9395098686218262
1504,0.999990000099999,0.9396477937698364
1505,0.999990000099999,0.9397852420806885
1506,0.999990000099999,0.9399224519729614
1507,0.999990000099999,0.9400595426559448
1508,0.999990000099999,0.94019615650177
1509,0.999990000099999,0.9403326511383057
1510,0.999990000099999,0.9404686689376831
1511,0.999990000099999,0.9406044483184814
1512,0.999990000099999,0.9407399892807007
1513,0.999990000099999,0.9408751726150513
1514,0.999990000099999,0.9410101175308228
1515,0.999990000099999,0.941144585609436
1516,0.999990000099999,0.9412789344787598
1517,0.999990000099999,0.9414128065109253
1518,0.999990000099999,0.9415466785430908
1519,0.999990000099999,0.9416799545288086
1520,0.999990000099999,0.9418132305145264
1521,0.999990000099999,0.9419460296630859
1522,0.999990000099999,0.9420784711837769
1523,0.999990000099999,0.9422109127044678
1524,0.999990000099999,0.9423428773880005
1525,0.999990000099999,0.9424744844436646
1526,0.999990000099999,0.9426060914993286
1527,0.999990000099999,0.9427369832992554
1528,0.999990000099999,0.9428678750991821
1529,0.999990000099999,0.9429984092712402
1530,0.999990000099999,0.9431287050247192
1531,0.999990000099999,0.94325852394104
1532,0.999990000099999,0.9433882236480713
1533,0.999990000099999,0.9435176849365234
1534,0.999990000099999,0.9436466693878174
1535,0.999990000099999,0.9437756538391113
1536,0.999990000099999,0.9439040422439575
1537,0.999990000099999,0.9440321922302246
1538,0.999990000099999,0.9441604614257812
1539,0.999990000099999,0.944287896156311
1540,0.999990000099999,0.9444154500961304
1541,0.999990000099999,0.944542646408081
1542,0.999990000099999,0.9446694850921631
1543,0.999990000099999,0.9447962045669556
1544,0.999990000099999,0.9449224472045898
1545,0.999990000099999,0.945048451423645
1546,0.999990000099999,0.9451740980148315
1547,0.999990000099999,0.9452997446060181
1548,0.999990000099999,0.9454249143600464
1549,0.999990000099999,0.9455496072769165
1550,0.999990000099999,0.9456744194030762
1551,0.999990000099999,0.9457987546920776
1552,0.999990000099999,0.9459228515625
1553,0.999990000099999,0.9460468292236328
1554,0.999990000099999,0.9461703300476074
1555,0.999990000099999,0.9462935924530029
1556,0.999990000099999,0.9464166164398193
1557,0.999990000099999,0.9465392827987671
1558,0.999990000099999,0.9466619491577148
1559,0.999990000099999,0.9467841386795044
1560,0.999990000099999,0.9469058513641357
1561,0.999990000099999,0.9470276832580566
1562,0.999990000099999,0.9471490383148193
1563,0.999990000099999,0.9472701549530029
1564,0.999990000099999,0.9473910331726074
1565,0.999990000099999,0.9475115537643433
1566,0.999990000099999,0.9476318359375
1567,0.999990000099999,0.9477518796920776
1568,0.999990000099999,0.9478716850280762
1569,0.999990000099999,0.9479913711547852
1570,0.999990000099999,0.9481105804443359
1571,0.999990000099999,0.9482295513153076
1572,0.999990000099999,0.9483484029769897
1573,0.999990000099999,0.9484668970108032
1574,0.999990000099999,0.948585033416748
1575,0.999990000099999,0.9487029314041138
1576,0.999990000099999,0.9488207101821899
1577,0.999990000099999,0.9489381313323975
1578,0.999990000099999,0.9490554332733154
1579,0.999990000099999,0.9491722583770752
1580,0.999990000099999,0.9492889642715454
1581,0.999990000099999,0.949405312538147
1582,0.999990000099999,0.949521541595459
1583,0.999990000099999,0.9496375322341919
1584,0.999990000099999,0.9497530460357666
1585,0.999990000099999,0.9498684406280518
1586,0.999990000099999,0.9499835968017578
1587,0.999990000099999,0.9500985145568848
1588,0.999990000099999,0.9502131938934326
1589,0.999990000099999,0.9503273963928223
1590,0.999990000099999,0.9504414796829224
1591,0.999990000099999,0.9505555629730225
1592,0.999990000099999,0.9506691694259644
1593,0.999990000099999,0.9507824182510376
1594,0.999990000099999,0.9508955478668213
1595,0.999990000099999,0.9510083198547363
1596,0.999990000099999,0.9511210918426514
1597,0.999990000099999,0.9512333869934082
1598,0.999990000099999,0.9513455629348755
1599,0.999990000099999,0.9514573812484741
1600,0.999990000099999,0.9515688419342041
1601,0.999990000099999,0.9516803026199341
1602,0.999990000099999,0.9517914056777954
1603,0.999990000099999,0.9519023895263672
1604,0.999990000099999,0.9520130157470703
1605,0.999990000099999,0.9521234035491943
1606,0.999990000099999,0.9522335529327393
1607,0.999990000099999,0.9523434638977051
1608,0.999990000099999,0.9524530172348022
1609,0.999990000099999,0.9525625705718994
1610,0.999990000099999,0.9526716470718384
1611,0.999990000099999,0.9527804851531982
1612,0.999990000099999,0.9528892040252686
1613,0.999990000099999,0.9529978036880493
1614,0.999990000099999,0.9531058073043823
1615,0.999990000099999,0.9532138109207153
1616,0.999990000099999,0.9533215761184692
1617,0.999990000099999,0.9534289836883545
1618,0.999990000099999,0.9535362720489502
1619,0.999990000099999,0.9536432027816772
1620,0.999990000099999,0.9537501335144043
1621,0.999990000099999,0.9538565874099731
1622,0.999990000099999,0.9539629220962524
1623,0.999990000099999,0.9540690183639526
1624,0.999990000099999,0.9541747570037842
1625,0.999990000099999,0.9542803764343262
1626,0.999990000099999,0.9543858766555786
1627,0.999990000099999,0.9544907808303833
1628,0.999990000099999,0.9545958042144775
1629,0.999990000099999,0.954700231552124
1630,0.999990000099999,0.9548047780990601
1631,0.999990000099999,0.9549089670181274
1632,0.999990000099999,0.9550130367279053
1633,0.999990000099999,0.9551166296005249
1634,0.999990000099999,0.955220103263855
1635,0.999990000099999,0.955323338508606
1636,0.999990000099999,0.9554265737533569
1637,0.999990000099999,0.9555293321609497
1638,0.999990000099999,0.9556319713592529
1639,0.999990000099999,0.955734372138977
1640,0.999990000099999,0.9558361768722534
1641,0.999990000099999,0.9559381008148193
1642,0.999990000099999,0.9560399055480957
1643,0.999990000099999,0.9561413526535034
1644,0.999990000099999,0.9562426805496216
1645,0.999990000099999,0.956343412399292
1646,0.999990000099999,0.956444263458252
1647,0.999990000099999,0.9565448760986328
1648,0.999990000099999,0.956645131111145
1649,0.999990000099999,0.9567452669143677
1650,0.999990000099999,0.9568450450897217
1651,0.999990000099999,0.9569447040557861
1652,0.999990000099999,0.957044243812561
1653,0.999990000099999,0.9571433067321777
1654,0.999990000099999,0.957242488861084
1655,0.999990000099999,0.9573410749435425
1656,0.999990000099999,0.9574397802352905
1657,0.999990000099999,0.9575378894805908
1658,0.999990000099999,0.9576361179351807
1659,0.999990000099999,0.9577339887619019
1660,0.999990000099999,0.9578315019607544
1661,0.999990000099999,0.9579290151596069
1662,0.999990000099999,0.9580261707305908
1663,0.999990000099999,0.9581233263015747
1664,0.999990000099999,0.9582200050354004
1665,0.999990000099999,0.9583166837692261
1666,0.999990000099999,0.9584128856658936
1667,0.999990000099999,0.958509087562561
1668,0.999990000099999,0.958605170249939
1669,0.999990000099999,0.9587007761001587
1670,0.999990000099999,0.9587963819503784
1671,0.999990000099999,0.9588915109634399
1672,0.999990000099999,0.9589866399765015
1673,0.999990000099999,0.9590815305709839
1674,0.999990000099999,0.9591760635375977
1675,0.999990000099999,0.9592705965042114
1676,0.999990000099999,0.9593647718429565
1677,0.999990000099999,0.9594588279724121
1678,0.999990000099999,0.9595526456832886
1679,0.999990000099999,0.9596463441848755
1680,0.999990000099999,0.9597396850585938
1681,0.999990000099999,0.9598329067230225
1682,0.999990000099999,0.9599258899688721
1683,0.999990000099999,0.960018515586853
1684,0.999990000099999,0.9601110219955444
1685,0.999990000099999,0.9602034091949463
1686,0.999990000099999,0.9602954387664795
1687,0.999990000099999,0.9603874683380127
1688,0.999990000099999,0.9604791402816772
1689,0.999990000099999,0.9605708122253418
1690,0.999990000099999,0.9606620073318481
1691,0.999990000099999,0.9607532024383545
1692,0.999990000099999,0.9608439207077026
1693,0.999990000099999,0.9609346389770508
1694,0.999990000099999,0.9610252380371094
1695,0.999990000099999,0.9611155986785889
1696,0.999990000099999,0.9612056016921997
1697,0.999990000099999,0.961295485496521
1698,0.999990000099999,0.9613851308822632
1699,0.999990000099999,0.9614745378494263
1700,0.999990000099999,0.9615640640258789
1701,0.999990000099999,0.9616529941558838
1702,0.999990000099999,0.9617420434951782
1703,0.999990000099999,0.9618306159973145
1704,0.999990000099999,0.9619190692901611
1705,0.999990000099999,0.9620074033737183
1706,0.999990000099999,0.9620956182479858
1707,0.999990000099999,0.9621834754943848
1708,0.999990000099999,0.9622710943222046
1709,0.999990000099999,0.9623585939407349
1710,0.999990000099999,0.962445855140686
1711,0.999990000099999,0.9625329971313477
1712,0.999990000099999,0.9626197814941406
1713,0.999990000099999,0.9627065658569336
1714,0.999990000099999,0.9627931118011475
1715,0.999990000099999,0.9628795385360718
1716,0.999990000099999,0.9629656076431274
1717,0.999990000099999,0.9630515575408936
1718,0.999990000099999,0.9631372690200806
1719,0.999990000099999,0.963222861289978
1720,0.999990000099999,0.9633080959320068
1721,0.999990000099999,0.9633933305740356
1722,0.999990000099999,0.9634784460067749
1723,0.999990000099999,0.9635632038116455
1724,0.999990000099999,0.963647723197937
1725,0.999990000099999,0.963732123374939
1726,0.999990000099999,0.9638162851333618
1727,0.999990000099999,0.9639003276824951
1728,0.999990000099999,0.9639842510223389
1729,0.999990000099999,0.9640676975250244
1730,0.999990000099999,0.9641512632369995
1731,0.999990000099999,0.964234471321106
1732,0.999990000099999,0.9643176794052124
1733,0.999990000099999,0.9644005298614502
1734,0.999990000099999,0.9644832611083984
1735,0.999990000099999,0.964565634727478
1736,0.999990000099999,0.9646480083465576
1737,0.999990000099999,0.9647301435470581
1738,0.999990000099999,0.9648122787475586
1739,0.999990000099999,0.9648940563201904
1740,0.999990000099999,0.9649754762649536
1741,0.999990000099999,0.9650568962097168
1742,0.999990000099999,0.9651381969451904
1743,0.999990000099999,0.965219259262085
1744,0.999990000099999,0.9653002023696899
1745,0.999990000099999,0.9653807878494263
1746,0.999990000099999,0.9654611349105835
1747,0.999990000099999,0.9655416011810303
1748,0.999990000099999,0.9656217098236084
1749,0.999990000099999,0.9657015800476074
1750,0.999990000099999,0.965781569480896
1751,0.999990000099999,0.9658609628677368
1752,0.999990000099999,0.9659404754638672
1753,0.999990000099999,0.9660197496414185
1754,0.999990000099999,0.9660987854003906
1755,0.999990000099999,0.9661778211593628
1756,0.999990000099999,0.9662563800811768
1757,0.999990000099999,0.9663349390029907
1758,0.999990000099999,0.9664132595062256
1759,0.999990000099999,0.9664914608001709
1760,0.999990000099999,0.9665693044662476
1761,0.999990000099999,0.9666472673416138
1762,0.999990000099999,0.9667249917984009
1763,0.999990000099999,0.9668022394180298
1764,0.999990000099999,0.9668796062469482
1765,0.999990000099999,0.9669567346572876
1766,0.999990000099999,0.9670337438583374
1767,0.999990000099999,0.967110276222229
1768,0.999990000099999,0.9671870470046997
1769,0.999990000099999,0.9672634601593018
1770,0.999990000099999,0.9673395156860352
1771,0.999990000099999,0.9674156904220581
1772,0.999990000099999,0.967491626739502
1773,0.999990000099999,0.9675673246383667
1774,0.999990000099999,0.9676430225372314
1775,0.999990000099999,0.967718243598938
1776,0.999990000099999,0.9677934646606445
1777,0.999990000099999,0.967868447303772
1778,0.999990000099999,0.9679434299468994
1779,0.999990000099999,0.9680180549621582
1780,0.999990000099999,0.9680925607681274
1781,0.999990000099999,0.9681669473648071
1782,0.999990000099999,0.9682413339614868
1783,0.999990000099999,0.9683152437210083
1784,0.999990000099999,0.9683890342712402
1785,0.999990000099999,0.9684627056121826
1786,0.999990000099999,0.9685364961624146
1787,0.999990000099999,0.9686096906661987
1788,0.999990000099999,0.9686828851699829
1789,0.999990000099999,0.968755841255188
1790,0.999990000099999,0.9688289165496826
1791,0.999990000099999,0.9689013957977295
1792,0.999990000099999,0.9689739942550659
1793,0.999990000099999,0.9690463542938232
1794,0.999990000099999,0.9691187143325806
1795,0.999990000099999,0.9691905975341797
1796,0.999990000099999,0.9692624807357788
1797,0.999990000099999,0.9693343639373779
1798,0.999990000099999,0.9694057703018188
1799,0.999990000099999,0.9694771766662598
1800,0.999990000099999,0.9695484638214111
1801,0.999990000099999,0.9696193933486938
1802,0.999990000099999,0.9696903228759766
1803,0.999990000099999,0.9697611331939697
1804,0.999990000099999,0.9698317050933838
1805,0.999990000099999,0.9699022769927979
1806,0.999990000099999,0.9699722528457642
1807,0.999990000099999,0.9700425863265991
1808,0.999990000099999,0.9701124429702759
1809,0.999990000099999,0.9701824188232422
1810,0.999990000099999,0.9702517986297607
1811,0.999990000099999,0.9703214168548584
1812,0.999990000099999,0.9703905582427979
1813,0.999990000099999,0.9704598188400269
1814,0.999990000099999,0.9705287218093872
1815,0.999990000099999,0.9705977439880371
1816,0.999990000099999,0.9706662893295288
1817,0.999990000099999,0.9707348346710205
1818,0.999990000099999,0.9708032608032227
1819,0.999990000099999,0.9708713293075562
1820,0.999990000099999,0.9709393978118896
1821,0.999990000099999,0.9710074663162231
1822,0.999990000099999,0.971075177192688
1823,0.999990000099999,0.9711427688598633
1824,0.999990000099999,0.9712101221084595
1825,0.999990000099999,0.9712775945663452
1826,0.999990000099999,0.9713447093963623
1827,0.999990000099999,0.9714117050170898
1828,0.999990000099999,0.9714783430099487
1829,0.999990000099999,0.9715451002120972
1830,0.999990000099999,0.9716116189956665
1831,0.999990000099999,0.9716781377792358
1832,0.999990000099999,0.9717444181442261
1833,0.999990000099999,0.9718104600906372
1834,0.999990000099999,0.9718762636184692
1835,0.999990000099999,0.9719420671463013
1836,0.999990000099999,0.9720076322555542
1837,0.999990000099999,0.9720731973648071
1838,0.999990000099999,0.9721384048461914
1839,0.999990000099999,0.9722037315368652
1840,0.999990000099999,0.9722687005996704
1841,0.999990000099999,0.972333550453186
1842,0.999990000099999,0.9723982810974121
1843,0.999990000099999,0.9724630117416382
1844,0.999990000099999,0.972527265548706
1845,0.999990000099999,0.972591757774353
1846,0.999990000099999,0.9726557731628418
1847,0.999990000099999,0.9727197885513306
1848,0.999990000099999,0.9727835655212402
1849,0.999990000099999,0.9728473424911499
1850,0.999990000099999,0.9729108810424805
1851,0.999990000099999,0.9729741811752319
1852,0.999990000099999,0.973037600517273
1853,0.999990000099999,0.9731006622314453
1854,0.999990000099999,0.9731638431549072
1855,0.999990000099999,0.9732264280319214
1856,0.999990000099999,0.9732893705368042
1857,0.999990000099999,0.9733518362045288
1858,0.999990000099999,0.9734141826629639
1859,0.999990000099999,0.9734764099121094
1860,0.999990000099999,0.9735386371612549
1861,0.999990000099999,0.9736006259918213
1862,0.999990000099999,0.9736623764038086
1863,0.999990000099999,0.9737241268157959
1864,0.999990000099999,0.9737857580184937
1865,0.999990000099999,0.9738470315933228
1866,0.999990000099999,0.9739083051681519
1867,0.999990000099999,0.973969578742981
1868,0.999990000099999,0.9740304946899414
1869,0.999990000099999,0.9740912914276123
1870,0.999990000099999,0.9741522073745728
1871,0.999990000099999,0.974212646484375
1872,0.999990000099999,0.9742732048034668
1873,0.999990000099999,0.9743334054946899
1874,0.999990000099999,0.9743936061859131
1875,0.999990000099999,0.9744538068771362
1876,0.999990000099999,0.9745135307312012
1877,0.999990000099999,0.9745732545852661
1878,0.999990000099999,0.974632978439331
1879,0.999990000099999,0.9746924638748169
1880,0.999990000099999,0.9747517108917236
1881,0.999990000099999,0.9748109579086304
1882,0.999990000099999,0.974869966506958
1883,0.999990000099999,0.9749290943145752
1884,0.999990000099999,0.9749878644943237
1885,0.999990000099999,0.9750465154647827
1886,0.999990000099999,0.9751050472259521
1887,0.999990000099999,0.975163459777832
1888,0.999990000099999,0.9752217531204224
1889,0.999990000099999,0.9752799272537231
1890,0.999990000099999,0.9753378629684448
1891,0.999990000099999,0.9753957986831665
1892,0.999990000099999,0.9754534959793091
1893,0.999990000099999,0.9755111932754517
1894,0.999990000099999,0.9755686521530151
1895,0.999990000099999,0.9756258726119995
1896,0.999990000099999,0.9756830930709839
1897,0.999990000099999,0.9757403135299683
1898,0.999990000099999,0.9757970571517944
1899,0.999990000099999,0.9758540391921997
1900,0.999990000099999,0.9759106636047363
1901,0.999990000099999,0.9759671688079834
1902,0.999990000099999,0.9760236740112305
1903,0.999990000099999,0.976080060005188
1904,0.999990000099999,0.9761360883712769
1905,0.999990000099999,0.9761922359466553
1906,0.999990000099999,0.9762481451034546
1907,0.999990000099999,0.9763039350509644
1908,0.999990000099999,0.9763596057891846
1909,0.999990000099999,0.9764150381088257
1910,0.999990000099999,0.9764704704284668
1911,0.999990000099999,0.9765259027481079
1912,0.999990000099999,0.9765808582305908
1913,0.999990000099999,0.9766360521316528
1914,0.999990000099999,0.9766907691955566
1915,0.999990000099999,0.9767457246780396
1916,0.999990000099999,0.9768002033233643
1917,0.999990000099999,0.976854681968689
1918,0.999990000099999,0.9769091606140137
1919,0.999990000099999,0.9769635200500488
1920,0.999990000099999,0.9770175218582153
1921,0.999990000099999,0.9770716428756714
1922,0.999990000099999,0.9771254062652588
1923,0.999990000099999,0.9771792888641357
1924,0.999990000099999,0.977232813835144
1925,0.999990000099999,0.9772864580154419
1926,0.999990000099999,0.9773397445678711
1927,0.999990000099999,0.9773931503295898
1928,0.999990000099999,0.9774463176727295
1929,0.999990000099999,0.9774994850158691
1930,0.999990000099999,0.9775522947311401
1931,0.999990000099999,0.9776049852371216
1932,0.999990000099999,0.977657675743103
1933,0.999990000099999,0.9777103662490845
1934,0.999990000099999,0.9777625799179077
1935,0.999990000099999,0.9778150320053101
1936,0.999990000099999,0.9778673648834229
1937,0.999990000099999,0.977919340133667
1938,0.999990000099999,0.9779713153839111
1939,0.999990000099999,0.9780230522155762
1940,0.999990000099999,0.9780749082565308
1941,0.999990000099999,0.9781264066696167
1942,0.999990000099999,0.9781779050827026
1943,0.999990000099999,0.978229284286499
1944,0.999990000099999,0.9782805442810059
1945,0.999990000099999,0.9783316850662231
1946,0.999990000099999,0.9783824682235718
1947,0.999990000099999,0.97843337059021
1948,0.999990000099999,0.9784842729568481
1949,0.999990000099999,0.9785348176956177
1950,0.999990000099999,0.9785854816436768
1951,0.999990000099999,0.9786359071731567
1952,0.999990000099999,0.9786860942840576
1953,0.999990000099999,0.9787365198135376
1954,0.999990000099999,0.9787864685058594
1955,0.999990000099999,0.9788364171981812
1956,0.999990000099999,0.9788863658905029
1957,0.999990000099999,0.9789360761642456
1958,0.999990000099999,0.9789855480194092
1959,0.999990000099999,0.9790350198745728
1960,0.999990000099999,0.9790844917297363
1961,0.999990000099999,0.9791337251663208
1962,0.999990000099999,0.9791828393936157
1963,0.999990000099999,0.9792318344116211
1964,0.999990000099999,0.9792808294296265
1965,0.999990000099999,0.9793297052383423
1966,0.999990000099999,0.9793784618377686
1967,0.999990000099999,0.9794270992279053
1968,0.999990000099999,0.9794753789901733
1969,0.999990000099999,0.9795240163803101
1970,0.999990000099999,0.979572057723999
1971,0.999990000099999,0.9796202182769775
1972,0.999990000099999,0.979668378829956
1973,0.999990000099999,0.9797161817550659
1974,0.999990000099999,0.9797641038894653
1975,0.999990000099999,0.9798117876052856
1976,0.999990000099999,0.979859471321106
1977,0.999990000099999,0.9799069166183472
1978,0.999990000099999,0.9799542427062988
1979,0.999990000099999,0.9800014495849609
1980,0.999990000099999,0.980048656463623
1981,0.999990000099999,0.980095624923706
1982,0.999990000099999,0.9801425933837891
1983,0.999990000099999,0.9801894426345825
1984,0.999990000099999,0.9802361726760864
1985,0.999990000099999,0.9802829027175903
1986,0.999990000099999,0.9803293943405151
1987,0.999990000099999,0.9803756475448608
1988,0.999990000099999,0.9804220199584961
1989,0.999990000099999,0.9804682731628418
1990,0.999990000099999,0.9805142879486084
1991,0.999990000099999,0.9805604219436646
1992,0.999990000099999,0.980606198310852
1993,0.999990000099999,0.9806519746780396
1994,0.999990000099999,0.9806976318359375
1995,0.999990000099999,0.9807431697845459
1996,0.999990000099999,0.9807885885238647
1997,0.999990000099999,0.9808340072631836
1998,0.999990000099999,0.9808790683746338
1999,0.999990000099999,0.9809242486953735
2000,0.999990000099999,0.9809694290161133
2001,0.999990000099999,0.9810142517089844
2002,0.999990000099999,0.981059193611145
2003,0.999990000099999,0.9811038970947266
2004,0.999990000099999,0.981148362159729
2005,0.999990000099999,0.9811930656433105
2006,0.999990000099999,0.981237530708313
2007,0.999990000099999,0.9812816381454468
2008,0.999990000099999,0.9813258647918701
2009,0.999990000099999,0.9813698530197144
2010,0.999990000099999,0.9814138412475586
2011,0.999990000099999,0.9814579486846924
2012,0.999990000099999,0.9815016984939575
2013,0.999990000099999,0.9815454483032227
2014,0.999990000099999,0.9815889596939087
2015,0.999990000099999,0.9816324710845947
2016,0.999990000099999,0.9816757440567017
2017,0.999990000099999,0.9817191362380981
2018,0.999990000099999,0.9817624092102051
2019,0.999990000099999,0.9818054437637329
2020,0.999990000099999,0.9818485975265503
2021,0.999990000099999,0.981891393661499
2022,0.999990000099999,0.9819341897964478
2023,0.999990000099999,0.9819768667221069
2024,0.999990000099999,0.9820194244384766
2025,0.999990000099999,0.9820618629455566
2026,0.999990000099999,0.9821041822433472
2027,0.999990000099999,0.9821466207504272
2028,0.999990000099999,0.9821888208389282
2029,0.999990000099999,0.9822309017181396
2030,0.999990000099999,0.9822728633880615
2031,0.999990000099999,0.9823148250579834
2032,0.999990000099999,0.9823566675186157
2033,0.999990000099999,0.9823983907699585
2034,0.999990000099999,0.9824401140213013
2035,0.999990000099999,0.9824815988540649
2036,0.999990000099999,0.9825229644775391
2037,0.999990000099999,0.9825642108917236
2038,0.999990000099999,0.9826054573059082
2039,0.999990000099999,0.9826467037200928
2040,0.999990000099999,0.9826877117156982
2041,0.999990000099999,0.9827287197113037
2042,0.999990000099999,0.9827694892883301
2043,0.999990000099999,0.9828102588653564
2044,0.999990000099999,0.9828510284423828
2045,0.999990000099999,0.9828915596008301
2046,0.999990000099999,0.9829320907592773
2047,0.999990000099999,0.9829725027084351
2048,0.999990000099999,0.9830127954483032
2049,0.999990000099999,0.9830528497695923
2050,0.999990000099999,0.9830929040908813
2051,0.999990000099999,0.9831329584121704
2052,0.999990000099999,0.9831728935241699
2053,0.999990000099999,0.9832127094268799
2054,0.999990000099999,0.9832525253295898
2055,0.999990000099999,0.9832922220230103
2056,0.999990000099999,0.9833317995071411
2057,0.999990000099999,0.9833712577819824
2058,0.999990000099999,0.9834105968475342
2059,0.999990000099999,0.9834496974945068
2060,0.999990000099999,0.983488917350769
2061,0.999990000099999,0.9835280179977417
2062,0.999990000099999,0.9835669994354248
2063,0.999990000099999,0.9836059808731079
2064,0.999990000099999,0.9836448431015015
2065,0.999990000099999,0.9836835861206055
2066,0.999990000099999,0.9837222099304199
2067,0.999990000099999,0.9837607145309448
2068,0.999990000099999,0.9837992191314697
2069,0.999990000099999,0.9838377237319946
2070,0.999990000099999,0.9838758707046509
2071,0.999990000099999,0.9839141368865967
2072,0.999990000099999,0.9839521646499634
2073,0.999990000099999,0.9839901924133301
2074,0.999990000099999,0.9840282201766968
2075,0.999990000099999,0.9840658903121948
2076,0.999990000099999,0.9841036796569824
2077,0.999990000099999,0.98414146900177
2078,0.999990000099999,0.9841790199279785
2079,0.999990000099999,0.984216570854187
2080,0.999990000099999,0.9842538833618164
2081,0.999990000099999,0.9842911958694458
2082,0.999990000099999,0.9843285083770752
2083,0.999990000099999,0.9843655824661255
2084,0.999990000099999,0.9844026565551758
2085,0.999990000099999,0.9844397306442261
2086,0.999990000099999,0.9844766855239868
2087,0.999990000099999,0.9845132827758789
2088,0.999990000099999,0.9845501184463501
2089,0.999990000099999,0.9845867156982422
2090,0.999990000099999,0.9846233129501343
2091,0.999990000099999,0.9846597909927368
2092,0.999990000099999,0.9846961498260498
2093,0.999990000099999,0.9847322702407837
2094,0.999990000099999,0.9847687482833862
2095,0.999990000099999,0.984804630279541
2096,0.999990000099999,0.9848407506942749
2097,0.999990000099999,0.9848767518997192
2098,0.999990000099999,0.984912633895874
2099,0.999990000099999,0.9849482774734497
2100,0.999990000099999,0.9849840402603149
2101,0.999990000099999,0.9850196838378906
2102,0.999990000099999,0.9850552082061768
2103,0.999990000099999,0.9850906133651733
2104,0.999990000099999,0.9851261377334595
2105,0.999990000099999,0.985161304473877
2106,0.999990000099999,0.985196590423584
2107,0.999990000099999,0.985231876373291
2108,0.999990000099999,0.9852668046951294
2109,0.999990000099999,0.9853018522262573
2110,0.999990000099999,0.9853366613388062
2111,0.999990000099999,0.9853713512420654
2112,0.999990000099999,0.9854061603546143
2113,0.999990000099999,0.9854409694671631
2114,0.999990000099999,0.9854754209518433
2115,0.999990000099999,0.9855097532272339
2116,0.999990000099999,0.9855443239212036
2117,0.999990000099999,0.9855786561965942
2118,0.999990000099999,0.9856126308441162
2119,0.999990000099999,0.9856469631195068
2120,0.999990000099999,0.9856810569763184
2121,0.999990000099999,0.9857151508331299
2122,0.999990000099999,0.9857490062713623
2123,0.999990000099999,0.9857828617095947
2124,0.999990000099999,0.9858167171478271
2125,0.999990000099999,0.9858503341674805
2126,0.999990000099999,0.9858839511871338
2127,0.999990000099999,0.985917329788208
2128,0.999990000099999,0.9859509468078613
2129,0.999990000099999,0.9859843254089355
2130,0.999990000099999,0.9860174655914307
2131,0.999990000099999,0.9860508441925049
2132,0.999990000099999,0.986083984375
2133,0.999990000099999,0.986116886138916
2134,0.999990000099999,0.9861500263214111
2135,0.999990000099999,0.986182689666748
2136,0.999990000099999,0.9862155914306641
2137,0.999990000099999,0.9862483739852905
2138,0.999990000099999,0.9862810373306274
2139,0.999990000099999,0.9863137006759644
2140,0.999990000099999,0.9863461256027222
2141,0.999990000099999,0.9863786697387695
2142,0.999990000099999,0.9864110946655273
2143,0.999990000099999,0.986443281173706
2144,0.999990000099999,0.9864754676818848
2145,0.999990000099999,0.986507773399353
2146,0.999990000099999,0.9865397214889526
2147,0.999990000099999,0.9865716695785522
2148,0.999990000099999,0.9866037368774414
2149,0.999990000099999,0.986635684967041
2150,0.999990000099999,0.9866675138473511
2151,0.999990000099999,0.9866989850997925
2152,0.999990000099999,0.986730694770813
2153,0.999990000099999,0.986762285232544
2154,0.999990000099999,0.9867937564849854
2155,0.999990000099999,0.9868251085281372
2156,0.999990000099999,0.9868563413619995
2157,0.999990000099999,0.9868876934051514
2158,0.999990000099999,0.9869189262390137
2159,0.999990000099999,0.9869500398635864
2160,0.999990000099999,0.9869811534881592
2161,0.999990000099999,0.9870121479034424
2162,0.999990000099999,0.987043023109436
2163,0.999990000099999,0.9870737791061401
2164,0.999990000099999,0.9871046543121338
2165,0.999990000099999,0.9871352910995483
2166,0.999990000099999,0.9871658086776733
2167,0.999990000099999,0.9871964454650879
2168,0.999990000099999,0.9872268438339233
2169,0.999990000099999,0.9872571229934692
2170,0.999990000099999,0.9872875213623047
2171,0.999990000099999,0.9873179197311401
2172,0.999990000099999,0.9873480796813965
2173,0.999990000099999,0.9873781204223633
2174,0.999990000099999,0.9874080419540405
2175,0.999990000099999,0.9874382019042969
2176,0.999990000099999,0.9874681234359741
2177,0.999990000099999,0.9874980449676514
2178,0.999990000099999,0.9875277280807495
2179,0.999990000099999,0.9875572919845581
2180,0.999990000099999,0.9875869750976562
2181,0.999990000099999,0.9876164197921753
2182,0.999990000099999,0.9876461029052734
2183,0.999990000099999,0.9876755475997925
2184,0.999990000099999,0.9877047538757324
2185,0.999990000099999,0.9877341985702515
2186,0.999990000099999,0.9877634048461914
2187,0.999990000099999,0.9877923727035522
2188,0.999990000099999,0.9878215789794922
2189,0.999990000099999,0.987850546836853
2190,0.999990000099999,0.9878795146942139
2191,0.999990000099999,0.9879082441329956
2192,0.999990000099999,0.9879372119903564
2193,0.999990000099999,0.9879659414291382
2194,0.999990000099999,0.9879944324493408
2195,0.999990000099999,0.9880231618881226
2196,0.999990000099999,0.9880516529083252
2197,0.999990000099999,0.9880802631378174
2198,0.999990000099999,0.9881085157394409
2199,0.999990000099999,0.9881370067596436
2200,0.999990000099999,0.9881652593612671
2201,0.999990000099999,0.9881932735443115
2202,0.999990000099999,0.9882215261459351
2203,0.999990000099999,0.988249659538269
2204,0.999990000099999,0.9882776737213135
2205,0.999990000099999,0.9883054494857788
2206,0.999990000099999,0.9883334636688232
2207,0.999990000099999,0.9883612394332886
2208,0.999990000099999,0.9883888959884644
2209,0.999990000099999,0.9884166717529297
2210,0.999990000099999,0.9884442090988159
2211,0.999990000099999,0.9884718656539917
2212,0.999990000099999,0.9884994029998779
2213,0.999990000099999,0.9885267019271851
2214,0.999990000099999,0.9885541200637817
2215,0.999990000099999,0.9885814189910889
2216,0.999990000099999,0.9886084794998169
2217,0.999990000099999,0.9886358976364136
2218,0.999990000099999,0.9886629581451416
2219,0.999990000099999,0.9886898994445801
2220,0.999990000099999,0.9887169599533081
2221,0.999990000099999,0.988743782043457
2222,0.999990000099999,0.9887707233428955
2223,0.999990000099999,0.9887973070144653
2224,0.999990000099999,0.9888242483139038
2225,0.999990000099999,0.9888508319854736
2226,0.999990000099999,0.988877534866333
2227,0.999990000099999,0.9889038801193237
2228,0.999990000099999,0.988930344581604
2229,0.999990000099999,0.9889566898345947
2230,0.999990000099999,0.988983154296875
2231,0.999990000099999,0.9890094995498657
2232,0.999990000099999,0.9890357255935669
2233,0.999990000099999,0.9890619516372681
2234,0.999990000099999,0.9890880584716797
2235,0.999990000099999,0.9891140460968018
2236,0.999990000099999,0.9891399145126343
2237,0.999990000099999,0.9891659021377563
2238,0.999990000099999,0.9891918897628784
2239,0.999990000099999,0.9892175197601318
2240,0.999990000099999,0.9892432689666748
2241,0.999990000099999,0.9892690181732178
2242,0.999990000099999,0.9892946481704712
2243,0.999990000099999,0.9893201589584351
2244,0.999990000099999,0.9893456697463989
2245,0.999990000099999,0.9893710613250732
2246,0.999990000099999,0.9893965721130371
2247,0.999990000099999,0.9894218444824219
2248,0.999990000099999,0.9894471168518066
2249,0.999990000099999,0.9894722700119019
2250,0.999990000099999,0.9894973039627075
2251,0.999990000099999,0.9895225763320923
2252,0.999990000099999,0.989547610282898
2253,0.999990000099999,0.9895725250244141
2254,0.999990000099999,0.9895973205566406
2255,0.999990000099999,0.9896221160888672
2256,0.999990000099999,0.9896471500396729
2257,0.999990000099999,0.9896717071533203
2258,0.999990000099999,0.9896965026855469
2259,0.999990000099999,0.9897209405899048
2260,0.999990000099999,0.9897454977035522
2261,0.999990000099999,0.9897700548171997
2262,0.999990000099999,0.9897946119308472
2263,0.999990000099999,0.9898189306259155
2264,0.999990000099999,0.9898432493209839
2265,0.999990000099999,0.9898675680160522
2266,0.999990000099999,0.9898918867111206
2267,0.999990000099999,0.9899159669876099
2268,0.999990000099999,0.9899400472640991
2269,0.999990000099999,0.9899641275405884
2270,0.999990000099999,0.9899882078170776
2271,0.999990000099999,0.9900120496749878
2272,0.999990000099999,0.990035891532898
2273,0.999990000099999,0.9900597333908081
2274,0.999990000099999,0.9900835752487183
2275,0.999990000099999,0.9901071786880493
2276,0.999990000099999,0.9901307821273804
2277,0.999990000099999,0.9901543855667114
2278,0.999990000099999,0.9901779890060425
2279,0.999990000099999,0.9902013540267944
2280,0.999990000099999,0.9902249574661255
2281,0.999990000099999,0.9902483224868774
2282,0.999990000099999,0.9902714490890503
2283,0.999990000099999,0.9902948141098022
2284,0.999990000099999,0.9903179407119751
2285,0.999990000099999,0.990341067314148
2286,0.999990000099999,0.9903641939163208
2287,0.999990000099999,0.9903873205184937
2288,0.999990000099999,0.990410327911377
2289,0.999990000099999,0.9904332160949707
2290,0.999990000099999,0.9904561042785645
2291,0.999990000099999,0.9904789924621582
2292,0.999990000099999,0.9905016422271729
2293,0.999990000099999,0.9905245304107666
2294,0.999990000099999,0.9905472993850708
2295,0.999990000099999,0.9905697107315063
2296,0.999990000099999,0.990592360496521
2297,0.999990000099999,0.9906147718429565
2298,0.999990000099999,0.9906371831893921
2299,0.999990000099999,0.9906597137451172
2300,0.999990000099999,0.9906821250915527
2301,0.999990000099999,0.9907042980194092
2302,0.999990000099999,0.9907264709472656
2303,0.999990000099999,0.9907487630844116
2304,0.999990000099999,0.9907709360122681
2305,0.999990000099999,0.9907931089401245
2306,0.999990000099999,0.9908150434494019
2307,0.999990000099999,0.9908370971679688
2308,0.999990000099999,0.9908590316772461
2309,0.999990000099999,0.9908807277679443
2310,0.999990000099999,0.9909027814865112
2311,0.999990000099999,0.9909244775772095
2312,0.999990000099999,0.9909461736679077
2313,0.999990000099999,0.9909679889678955
2314,0.999990000099999,0.9909894466400146
2315,0.999990000099999,0.9910111427307129
2316,0.999990000099999,0.9910327196121216
2317,0.999990000099999,0.9910541772842407
2318,0.999990000099999,0.9910755157470703
2319,0.999990000099999,0.9910969734191895
2320,0.999990000099999,0.9911181926727295
2321,0.999990000099999,0.9911395311355591
2322,0.999990000099999,0.9911607503890991
2323,0.999990000099999,0.9911818504333496
2324,0.999990000099999,0.9912030696868896
2325,0.999990000099999,0.9912240505218506
2326,0.999990000099999,0.9912451505661011
2327,0.999990000099999,0.991266131401062
2328,0.999990000099999,0.9912869930267334
2329,0.999990000099999,0.9913077354431152
2330,0.999990000099999,0.9913288354873657
2331,0.999990000099999,0.9913495779037476
2332,0.999990000099999,0.9913702011108398
2333,0.999990000099999,0.9913909435272217
2334,0.999990000099999,0.991411566734314
2335,0.999990000099999,0.9914320707321167
2336,0.999990000099999,0.991452693939209
2337,0.999990000099999,0.9914731979370117
2338,0.999990000099999,0.9914935827255249
2339,0.999990000099999,0.9915138483047485
2340,0.999990000099999,0.9915342330932617
2341,0.999990000099999,0.9915544986724854
2342,0.999990000099999,0.9915748834609985
2343,0.999990000099999,0.9915950298309326
2344,0.999990000099999,0.9916150569915771
2345,0.999990000099999,0.9916352033615112
2346,0.999990000099999,0.9916552305221558
2347,0.999990000099999,0.9916753768920898
2348,0.999990000099999,0.9916951656341553
2349,0.999990000099999,0.9917153120040894
2350,0.999990000099999,0.9917352199554443
2351,0.999990000099999,0.9917547702789307
2352,0.999990000099999,0.9917746782302856
2353,0.999990000099999,0.9917943477630615
2354,0.999990000099999,0.991814136505127
2355,0.999990000099999,0.9918338060379028
2356,0.999990000099999,0.9918534755706787
2357,0.999990000099999,0.9918727874755859
2358,0.999990000099999,0.9918924570083618
2359,0.999990000099999,0.991911768913269
2360,0.999990000099999,0.9919312000274658
2361,0.999990000099999,0.9919506311416626
2362,0.999990000099999,0.9919698238372803
2363,0.999990000099999,0.9919891357421875
2364,0.999990000099999,0.9920083284378052
2365,0.999990000099999,0.9920275211334229
2366,0.999990000099999,0.992046594619751
2367,0.999990000099999,0.9920657873153687
2368,0.999990000099999,0.9920847415924072
2369,0.999990000099999,0.9921039342880249
2370,0.999990000099999,0.9921227693557739
2371,0.999990000099999,0.9921417236328125
2372,0.999990000099999,0.992160439491272
2373,0.999990000099999,0.9921793937683105
2374,0.999990000099999,0.9921979904174805
2375,0.999990000099999,0.9922167062759399
2376,0.999990000099999,0.9922354221343994
2377,0.999990000099999,0.9922541379928589
2378,0.999990000099999,0.9922727346420288
2379,0.999990000099999,0.9922912120819092
2380,0.999990000099999,0.9923096895217896
2381,0.999990000099999,0.9923281669616699
2382,0.999990000099999,0.9923466444015503
2383,0.999990000099999,0.9923650026321411
2384,0.999990000099999,0.9923832416534424
2385,0.999990000099999,0.9924017190933228
2386,0.999990000099999,0.992419958114624
2387,0.999990000099999,0.9924381971359253
2388,0.999990000099999,0.9924561977386475
2389,0.999990000099999,0.9924743175506592
2390,0.999990000099999,0.9924923181533813
2391,0.999990000099999,0.9925105571746826
2392,0.999990000099999,0.9925285577774048
2393,0.999990000099999,0.9925463199615479
2394,0.999990000099999,0.99256432056427
2395,0.999990000099999,0.9925823211669922
2396,0.999990000099999,0.9926000833511353
2397,0.999990000099999,0.9926177263259888
2398,0.999990000099999,0.9926354885101318
2399,0.999990000099999,0.9926532506942749
2400,0.999990000099999,0.9926707744598389
2401,0.999990000099999,0.9926885366439819
2402,0.999990000099999,0.9927060604095459
2403,0.999990000099999,0.9927235841751099
2404,0.999990000099999,0.9927411079406738
2405,0.999990000099999,0.9927586317062378
2406,0.999990000099999,0.9927759170532227
2407,0.999990000099999,0.9927932024002075
2408,0.999990000099999,0.9928107261657715
2409,0.999990000099999,0.9928280115127563
2410,0.999990000099999,0.9928449392318726
2411,0.999990000099999,0.9928622245788574
2412,0.999990000099999,0.9928795099258423
2413,0.999990000099999,0.992896556854248
2414,0.999990000099999,0.9929136037826538
2415,0.999990000099999,0.9929306507110596
2416,0.999990000099999,0.9929476976394653
2417,0.999990000099999,0.992964506149292
2418,0.999990000099999,0.9929815530776978
2419,0.999990000099999,0.9929983615875244
2420,0.999990000099999,0.9930151700973511
2421,0.999990000099999,0.9930319786071777
2422,0.999990000099999,0.9930487871170044
2423,0.999990000099999,0.993065595626831
2424,0.999990000099999,0.9930821657180786
2425,0.999990000099999,0.9930987358093262
2426,0.999990000099999,0.9931153059005737
2427,0.999990000099999,0.9931319952011108
2428,0.999990000099999,0.9931485652923584
2429,0.999990000099999,0.993165135383606
2430,0.999990000099999,0.9931814670562744
2431,0.999990000099999,0.9931977987289429
2432,0.999990000099999,0.9932141304016113
2433,0.999990000099999,0.9932304620742798
2434,0.999990000099999,0.9932467937469482
2435,0.999990000099999,0.9932631254196167
2436,0.999990000099999,0.993279218673706
2437,0.999990000099999,0.9932953119277954
2438,0.999990000099999,0.9933116436004639
2439,0.999990000099999,0.9933277368545532
2440,0.999990000099999,0.9933435916900635
2441,0.999990000099999,0.9933598041534424
2442,0.999990000099999,0.9933756589889526
2443,0.999990000099999,0.993391752243042
2444,0.999990000099999,0.9934076070785522
2445,0.999990000099999,0.9934234619140625
2446,0.999990000099999,0.9934393167495728
2447,0.999990000099999,0.9934549331665039
2448,0.999990000099999,0.9934707880020142
2449,0.999990000099999,0.9934865236282349
2450,0.999990000099999,0.993502140045166
2451,0.999990000099999,0.9935177564620972
2452,0.999990000099999,0.9935333728790283
2453,0.999990000099999,0.9935489892959595
2454,0.999990000099999,0.9935646057128906
2455,0.999990000099999,0.9935799837112427
2456,0.999990000099999,0.9935954809188843
2457,0.999990000099999,0.9936108589172363
2458,0.999990000099999,0.9936262369155884
2459,0.999990000099999,0.9936416149139404
2460,0.999990000099999,0.9936569929122925
2461,0.999990000099999,0.9936721324920654
2462,0.999990000099999,0.993687629699707
2463,0.999990000099999,0.99370276927948
2464,0.999990000099999,0.9937179088592529
2465,0.999990000099999,0.9937330484390259
2466,0.999990000099999,0.9937479496002197
2467,0.999990000099999,0.9937632083892822
2468,0.999990000099999,0.9937781095504761
2469,0.999990000099999,0.993793249130249
2470,0.999990000099999,0.9938081502914429
2471,0.999990000099999,0.9938231706619263
2472,0.999990000099999,0.993837833404541
2473,0.999990000099999,0.9938527345657349
2474,0.999990000099999,0.9938676357269287
2475,0.999990000099999,0.9938822984695435
2476,0.999990000099999,0.9938970804214478
2477,0.999990000099999,0.9939117431640625
2478,0.999990000099999,0.9939264059066772
2479,0.999990000099999,0.993941068649292
2480,0.999990000099999,0.9939558506011963
2481,0.999990000099999,0.9939702749252319
2482,0.999990000099999,0.9939846992492676
2483,0.999990000099999,0.9939993619918823
2484,0.999990000099999,0.9940139055252075
2485,0.999990000099999,0.9940280914306641
2486,0.999990000099999,0.9940425157546997
2487,0.999990000099999,0.9940570592880249
2488,0.999990000099999,0.9940712451934814
2489,0.999990000099999,0.994085431098938
2490,0.999990000099999,0.9940998554229736
2491,0.999990000099999,0.9941141605377197
2492,0.999990000099999,0.9941283464431763
2493,0.999990000099999,0.9941422939300537
2494,0.999990000099999,0.9941565990447998
2495,0.999990000099999,0.9941705465316772
2496,0.999990000099999,0.9941847324371338
2497,0.999990000099999,0.9941987991333008
2498,0.999990000099999,0.9942127466201782
2499,0.999990000099999,0.9942266941070557
2500,0.999990000099999,0.9942405223846436
2501,0.999990000099999,0.994254469871521
2502,0.999990000099999,0.9942681789398193
2503,0.999990000099999,0.9942822456359863
2504,0.999990000099999,0.9942959547042847
2505,0.999990000099999,0.994309663772583
2506,0.999990000099999,0.9943234920501709
2507,0.999990000099999,0.9943372011184692
2508,0.999990000099999,0.9943506717681885
2509,0.999990000099999,0.9943645000457764
2510,0.999990000099999,0.9943779706954956
2511,0.999990000099999,0.9943914413452148
2512,0.999990000099999,0.9944050312042236
2513,0.999990000099999,0.9944185018539429
2514,0.999990000099999,0.9944319725036621
2515,0.999990000099999,0.9944455623626709
2516,0.999990000099999,0.994458794593811
2517,0.999990000099999,0.9944723844528198
2518,0.999990000099999,0.99448561668396
2519,0.999990000099999,0.9944988489151001
2520,0.999990000099999,0.9945122003555298
2521,0.999990000099999,0.9945254325866699
2522,0.999990000099999,0.9945386648178101
2523,0.999990000099999,0.9945517778396606
2524,0.999990000099999,0.9945650100708008
2525,0.999990000099999,0.9945781230926514
2526,0.999990000099999,0.9945911169052124
2527,0.999990000099999,0.9946041107177734
2528,0.999990000099999,0.994617223739624
2529,0.999990000099999,0.9946302175521851
2530,0.999990000099999,0.9946433305740356
2531,0.999990000099999,0.9946560859680176
2532,0.999990000099999,0.9946691989898682
2533,0.999990000099999,0.9946819543838501
2534,0.999990000099999,0.994694709777832
2535,0.999990000099999,0.9947075843811035
2536,0.999990000099999,0.9947203397750854
2537,0.999990000099999,0.9947332143783569
2538,0.999990000099999,0.9947459697723389
2539,0.999990000099999,0.9947586059570312
2540,0.999990000099999,0.9947711229324341
2541,0.999990000099999,0.994783878326416
2542,0.999990000099999,0.9947965145111084
2543,0.999990000099999,0.9948090314865112
2544,0.999990000099999,0.9948216676712036
2545,0.999990000099999,0.9948339462280273
2546,0.999990000099999,0.9948465824127197
2547,0.999990000099999,0.9948590993881226
2548,0.999990000099999,0.9948714971542358
2549,0.999990000099999,0.9948837757110596
2550,0.999990000099999,0.9948961734771729
2551,0.999990000099999,0.9949084520339966
2552,0.999990000099999,0.9949207305908203
2553,0.999990000099999,0.9949331283569336
2554,0.999990000099999,0.9949451684951782
2555,0.999990000099999,0.9949575662612915
2556,0.999990000099999,0.9949696063995361
2557,0.999990000099999,0.9949820041656494
2558,0.999990000099999,0.994994044303894
2559,0.999990000099999,0.9950062036514282
2560,0.999990000099999,0.9950182437896729
2561,0.999990000099999,0.9950301647186279
2562,0.999990000099999,0.9950422048568726
2563,0.999990000099999,0.9950541257858276
2564,0.999990000099999,0.9950661659240723
2565,0.999990000099999,0.9950780868530273
2566,0.999990000099999,0.9950898885726929
2567,0.999990000099999,0.995101809501648
2568,0.999990000099999,0.9951136112213135
2569,0.999990000099999,0.9951255321502686
2570,0.999990000099999,0.9951373338699341
2571,0.999990000099999,0.9951490163803101
2572,0.999990000099999,0.9951608180999756
2573,0.999990000099999,0.9951725006103516
2574,0.999990000099999,0.9951841831207275
2575,0.999990000099999,0.995195746421814
2576,0.999990000099999,0.9952074289321899
2577,0.999990000099999,0.9952189922332764
2578,0.999990000099999,0.9952306747436523
2579,0.999990000099999,0.9952422380447388
2580,0.999990000099999,0.9952536821365356
2581,0.999990000099999,0.995265007019043
2582,0.999990000099999,0.995276689529419
2583,0.999990000099999,0.9952880144119263
2584,0.999990000099999,0.9952994585037231
2585,0.999990000099999,0.9953107833862305
2586,0.999990000099999,0.9953222274780273
2587,0.999990000099999,0.9953334331512451
2588,0.999990000099999,0.9953447580337524
2589,0.999990000099999,0.9953559637069702
2590,0.999990000099999,0.9953672885894775
2591,0.999990000099999,0.9953784942626953
2592,0.999990000099999,0.9953895807266235
2593,0.999990000099999,0.9954007863998413
2594,0.999990000099999,0.9954118728637695
2595,0.999990000099999,0.9954230785369873
2596,0.999990000099999,0.995434045791626
2597,0.999990000099999,0.9954451322555542
2598,0.999990000099999,0.9954560995101929
2599,0.999990000099999,0.9954671859741211
2600,0.999990000099999,0.9954781532287598
2601,0.999990000099999,0.9954891204833984
2602,0.999990000099999,0.9954999685287476
2603,0.999990000099999,0.9955109357833862
2604,0.999990000099999,0.9955217838287354
2605,0.999990000099999,0.9955325126647949
2606,0.999990000099999,0.995543360710144
2607,0.999990000099999,0.9955540895462036
2608,0.999990000099999,0.9955650568008423
2609,0.999990000099999,0.9955756664276123
2610,0.999990000099999,0.9955863952636719
2611,0.999990000099999,0.9955970048904419
2612,0.999990000099999,0.9956077337265015
2613,0.999990000099999,0.995618462562561
2614,0.999990000099999,0.995629072189331
2615,0.999990000099999,0.9956395626068115
2616,0.999990000099999,0.9956502914428711
2617,0.999990000099999,0.995660662651062
2618,0.999990000099999,0.9956711530685425
2619,0.999990000099999,0.9956817626953125
2620,0.999990000099999,0.995692253112793
2621,0.999990000099999,0.9957027435302734
2622,0.999990000099999,0.9957128763198853
2623,0.999990000099999,0.9957233667373657
2624,0.999990000099999,0.9957338571548462
2625,0.999990000099999,0.995743989944458
2626,0.999990000099999,0.9957544803619385
2627,0.999990000099999,0.9957646131515503
2628,0.999990000099999,0.9957748651504517
2629,0.999990000099999,0.995785117149353
2630,0.999990000099999,0.995795488357544
2631,0.999990000099999,0.9958055019378662
2632,0.999990000099999,0.9958157539367676
2633,0.999990000099999,0.9958258867263794
2634,0.999990000099999,0.9958361387252808
2635,0.999990000099999,0.995846152305603
2636,0.999990000099999,0.9958560466766357
2637,0.999990000099999,0.9958662986755371
2638,0.999990000099999,0.9958761930465698
2639,0.999990000099999,0.9958862066268921
2640,0.999990000099999,0.9958962202072144
2641,0.999990000099999,0.9959061145782471
2642,0.999990000099999,0.9959161281585693
2643,0.999990000099999,0.9959259033203125
2644,0.999990000099999,0.9959357976913452
2645,0.999990000099999,0.9959458112716675
2646,0.999990000099999,0.9959555864334106
2647,0.999990000099999,0.9959652423858643
2648,0.999990000099999,0.9959750175476074
2649,0.999990000099999,0.9959850311279297
2650,0.999990000099999,0.9959946870803833
2651,0.999990000099999,0.9960042238235474
2652,0.999990000099999,0.9960139989852905
2653,0.999990000099999,0.9960236549377441
2654,0.999990000099999,0.9960334300994873
2655,0.999990000099999,0.9960429668426514
2656,0.999990000099999,0.9960523843765259
2657,0.999990000099999,0.996062159538269
2658,0.999990000099999,0.9960716962814331
2659,0.999990000099999,0.9960812330245972
2660,0.999990000099999,0.9960906505584717
2661,0.999990000099999,0.9961001873016357
2662,0.999990000099999,0.9961097240447998
2663,0.999990000099999,0.9961191415786743
2664,0.999990000099999,0.9961284399032593
2665,0.999990000099999,0.9961379766464233
2666,0.999990000099999,0.9961471557617188
2667,0.999990000099999,0.9961566925048828
2668,0.999990000099999,0.9961659908294678
2669,0.999990000099999,0.9961751699447632
2670,0.999990000099999,0.9961844682693481
2671,0.999990000099999,0.9961937665939331
2672,0.999990000099999,0.9962030649185181
2673,0.999990000099999,0.9962122440338135
2674,0.999990000099999,0.9962215423583984
2675,0.999990000099999,0.9962306022644043
2676,0.999990000099999,0.9962397813796997
2677,0.999990000099999,0.9962488412857056
2678,0.999990000099999,0.9962579011917114
2679,0.999990000099999,0.9962671995162964
2680,0.999990000099999,0.9962761402130127
2681,0.999990000099999,0.9962852001190186
2682,0.999990000099999,0.9962942600250244
2683,0.999990000099999,0.9963032007217407
2684,0.999990000099999,0.9963122606277466
2685,0.999990000099999,0.9963210821151733
2686,0.999990000099999,0.9963301420211792
2687,0.999990000099999,0.9963388442993164
2688,0.999990000099999,0.9963479042053223
2689,0.999990000099999,0.996356725692749
2690,0.999990000099999,0.9963655471801758
2691,0.999990000099999,0.996374249458313
2692,0.999990000099999,0.9963833093643188
2693,0.999990000099999,0.9963921308517456
2694,0.999990000099999,0.9964005947113037
2695,0.999990000099999,0.9964094161987305
2696,0.999990000099999,0.9964182376861572
2697,0.999990000099999,0.996427059173584
2698,0.999990000099999,0.9964355230331421
2699,0.999990000099999,0.9964443445205688
2700,0.999990000099999,0.9964529275894165
2701,0.999990000099999,0.9964615106582642
2702,0.999990000099999,0.9964699745178223
2703,0.999990000099999,0.9964785575866699
2704,0.999990000099999,0.9964871406555176
2705,0.999990000099999,0.9964957237243652
2706,0.999990000099999,0.9965041875839233
2707,0.999990000099999,0.996512770652771
2708,0.999990000099999,0.9965213537216187
2709,0.999990000099999,0.9965296983718872
2710,0.999990000099999,0.9965381622314453
2711,0.999990000099999,0.9965465068817139
2712,0.999990000099999,0.9965548515319824
2713,0.999990000099999,0.9965634346008301
2714,0.999990000099999,0.9965716600418091
2715,0.999990000099999,0.9965800046920776
2716,0.999990000099999,0.9965883493423462
2717,0.999990000099999,0.9965966939926147
2718,0.999990000099999,0.9966049194335938
2719,0.999990000099999,0.9966130256652832
2720,0.999990000099999,0.9966213703155518
2721,0.999990000099999,0.9966294765472412
2722,0.999990000099999,0.9966377019882202
2723,0.999990000099999,0.9966458082199097
2724,0.999990000099999,0.9966541528701782
2725,0.999990000099999,0.9966622591018677
2726,0.999990000099999,0.9966703653335571
2727,0.999990000099999,0.996678352355957
2728,0.999990000099999,0.9966864585876465
2729,0.999990000099999,0.9966945648193359
2730,0.999990000099999,0.9967026710510254
2731,0.999990000099999,0.9967106580734253
2732,0.999990000099999,0.9967185258865356
2733,0.999990000099999,0.9967266321182251
2734,0.999990000099999,0.9967344999313354
2735,0.999990000099999,0.9967426061630249
2736,0.999990000099999,0.9967503547668457
2737,0.999990000099999,0.996758222579956
2738,0.999990000099999,0.9967663288116455
2739,0.999990000099999,0.9967741966247559
2740,0.999990000099999,0.9967820644378662
2741,0.999990000099999,0.996789813041687
2742,0.999990000099999,0.9967974424362183
2743,0.999990000099999,0.9968053102493286
2744,0.999990000099999,0.996813178062439
2745,0.999990000099999,0.9968209266662598
2746,0.999990000099999,0.996828556060791
2747,0.999990000099999,0.9968364238739014
2748,0.999990000099999,0.9968440532684326
2749,0.999990000099999,0.9968516826629639
2750,0.999990000099999,0.9968594312667847
2751,0.999990000099999,0.9968670606613159
2752,0.999990000099999,0.9968746900558472
2753,0.999990000099999,0.9968823194503784
2754,0.999990000099999,0.9968899488449097
2755,0.999990000099999,0.9968974590301514
2756,0.999990000099999,0.9969048500061035
2757,0.999990000099999,0.9969124794006348
2758,0.999990000099999,0.996920108795166
2759,0.999990000099999,0.9969274997711182
2760,0.999990000099999,0.9969350099563599
2761,0.999990000099999,0.996942400932312
2762,0.999990000099999,0.9969497919082642
2763,0.999990000099999,0.9969574213027954
2764,0.999990000099999,0.9969648122787476
2765,0.999990000099999,0.9969722032546997
2766,0.999990000099999,0.9969794750213623
2767,0.999990000099999,0.9969868659973145
2768,0.999990000099999,0.9969942569732666
2769,0.999990000099999,0.9970014095306396
2770,0.999990000099999,0.9970088005065918
2771,0.999990000099999,0.9970160722732544
2772,0.999990000099999,0.9970232248306274
2773,0.999990000099999,0.9970306158065796
2774,0.999990000099999,0.9970377683639526
2775,0.999990000099999,0.9970451593399048
2776,0.999990000099999,0.9970521926879883
2777,0.999990000099999,0.9970593452453613
2778,0.999990000099999,0.9970664978027344
2779,0.999990000099999,0.9970736503601074
2780,0.999990000099999,0.9970808029174805
2781,0.999990000099999,0.9970879554748535
2782,0.999990000099999,0.997094988822937
2783,0.999990000099999,0.9971021413803101
2784,0.999990000099999,0.9971092939376831
2785,0.999990000099999,0.997116208076477
2786,0.999990000099999,0.9971233606338501
2787,0.999990000099999,0.997130274772644
2788,0.999990000099999,0.9971373081207275
2789,0.999990000099999,0.9971442222595215
2790,0.999990000099999,0.9971511363983154
2791,0.999990000099999,0.9971580505371094
2792,0.999990000099999,0.9971652030944824
2793,0.999990000099999,0.9971721172332764
2794,0.999990000099999,0.9971789121627808
2795,0.999990000099999,0.9971855878829956
2796,0.999990000099999,0.9971925020217896
2797,0.999990000099999,0.9971994161605835
2798,0.999990000099999,0.9972063302993774
2799,0.999990000099999,0.9972130060195923
2800,0.999990000099999,0.9972198009490967
2801,0.999990000099999,0.9972267150878906
2802,0.999990000099999,0.9972333908081055
2803,0.999990000099999,0.9972400665283203
2804,0.999990000099999,0.9972469806671143
2805,0.999990000099999,0.9972536563873291
2806,0.999990000099999,0.997260332107544
2807,0.999990000099999,0.9972668886184692
2808,0.999990000099999,0.9972735643386841
2809,0.999990000099999,0.9972802400588989
2810,0.999990000099999,0.9972869157791138
2811,0.999990000099999,0.9972935914993286
2812,0.999990000099999,0.9973002672195435
2813,0.999990000099999,0.9973065853118896
2814,0.999990000099999,0.9973132610321045
2815,0.999990000099999,0.9973196983337402
2816,0.999990000099999,0.9973263740539551
2817,0.999990000099999,0.9973328113555908
2818,0.999990000099999,0.9973394870758057
2819,0.999990000099999,0.9973459243774414
2820,0.999990000099999,0.9973522424697876
2821,0.999990000099999,0.9973586797714233
2822,0.999990000099999,0.9973653554916382
2823,0.999990000099999,0.9973717927932739
2824,0.999990000099999,0.9973779916763306
2825,0.999990000099999,0.9973844289779663
2826,0.999990000099999,0.997390866279602
2827,0.999990000099999,0.9973971843719482
2828,0.999990000099999,0.997403621673584
2829,0.999990000099999,0.9974098205566406
2830,0.999990000099999,0.9974162578582764
2831,0.999990000099999,0.997422456741333
2832,0.999990000099999,0.9974288940429688
2833,0.999990000099999,0.9974350929260254
2834,0.999990000099999,0.9974414110183716
2835,0.999990000099999,0.9974476099014282
2836,0.999990000099999,0.9974538087844849
2837,0.999990000099999,0.9974600076675415
2838,0.999990000099999,0.9974662065505981
2839,0.999990000099999,0.9974724054336548
2840,0.999990000099999,0.9974786043167114
2841,0.999990000099999,0.9974848031997681
2842,0.999990000099999,0.9974908828735352
2843,0.999990000099999,0.9974970817565918
2844,0.999990000099999,0.9975030422210693
2845,0.999990000099999,0.997509241104126
2846,0.999990000099999,0.9975154399871826
2847,0.999990000099999,0.9975214004516602
2848,0.999990000099999,0.9975273609161377
2849,0.999990000099999,0.9975335597991943
2850,0.999990000099999,0.9975394010543823
2851,0.999990000099999,0.9975453615188599
2852,0.999990000099999,0.9975515604019165
2853,0.999990000099999,0.997557520866394
2854,0.999990000099999,0.9975634813308716
2855,0.999990000099999,0.9975694417953491
2856,0.999990000099999,0.9975754022598267
2857,0.999990000099999,0.9975813627243042
2858,0.999990000099999,0.9975872039794922
2859,0.999990000099999,0.9975929260253906
2860,0.999990000099999,0.9975988864898682
2861,0.999990000099999,0.9976048469543457
2862,0.999990000099999,0.9976105690002441
2863,0.999990000099999,0.9976165294647217
2864,0.999990000099999,0.9976222515106201
2865,0.999990000099999,0.9976282119750977
2866,0.999990000099999,0.9976339340209961
2867,0.999990000099999,0.997639536857605
2868,0.999990000099999,0.9976454973220825
2869,0.999990000099999,0.997651219367981
2870,0.999990000099999,0.9976569414138794
2871,0.999990000099999,0.9976626634597778
2872,0.999990000099999,0.9976683855056763
2873,0.999990000099999,0.9976741075515747
2874,0.999990000099999,0.9976798295974731
2875,0.999990000099999,0.997685432434082
2876,0.999990000099999,0.9976911544799805
2877,0.999990000099999,0.9976966381072998
2878,0.999990000099999,0.9977023601531982
2879,0.999990000099999,0.9977080821990967
2880,0.999990000099999,0.997713565826416
2881,0.999990000099999,0.9977192878723145
2882,0.999990000099999,0.9977247714996338
2883,0.999990000099999,0.9977302551269531
2884,0.999990000099999,0.9977359771728516
2885,0.999990000099999,0.9977413415908813
2886,0.999990000099999,0.9977468252182007
2887,0.999990000099999,0.99775230884552
2888,0.999990000099999,0.9977577924728394
2889,0.999990000099999,0.9977632761001587
2890,0.999990000099999,0.997768759727478
2891,0.999990000099999,0.9977742433547974
2892,0.999990000099999,0.9977797269821167
2893,0.999990000099999,0.997785210609436
2894,0.999990000099999,0.9977905750274658
2895,0.999990000099999,0.9977960586547852
2896,0.999990000099999,0.9978013038635254
2897,0.999990000099999,0.9978067874908447
2898,0.999990000099999,0.997812032699585
2899,0.999990000099999,0.9978175163269043
2900,0.999990000099999,0.9978227615356445
2901,0.999990000099999,0.9978282451629639
2902,0.999990000099999,0.9978334903717041
2903,0.999990000099999,0.9978387355804443
2904,0.999990000099999,0.9978442192077637
2905,0.999990000099999,0.9978493452072144
2906,0.999990000099999,0.9978545904159546
2907,0.999990000099999,0.9978598356246948
2908,0.999990000099999,0.9978650808334351
2909,0.999990000099999,0.9978703260421753
2910,0.999990000099999,0.9978755712509155
2911,0.999990000099999,0.9978808164596558
2912,0.999990000099999,0.9978858232498169
2913,0.999990000099999,0.9978910684585571
2914,0.999990000099999,0.9978963136672974
2915,0.999990000099999,0.997901201248169
2916,0.999990000099999,0.9979064464569092
2917,0.999990000099999,0.9979116916656494
2918,0.999990000099999,0.9979166984558105
2919,0.999990000099999,0.9979219436645508
2920,0.999990000099999,0.9979269504547119
2921,0.999990000099999,0.997931957244873
2922,0.999990000099999,0.9979369640350342
2923,0.999990000099999,0.9979422092437744
2924,0.999990000099999,0.9979472160339355
2925,0.999990000099999,0.9979522228240967
2926,0.999990000099999,0.9979572296142578
2927,0.999990000099999,0.9979621171951294
2928,0.999990000099999,0.9979671239852905
2929,0.999990000099999,0.9979721307754517
2930,0.999990000099999,0.9979771375656128
2931,0.999990000099999,0.9979821443557739
2932,0.999990000099999,0.997986912727356
2933,0.999990000099999,0.9979919195175171
2934,0.999990000099999,0.9979969263076782
2935,0.999990000099999,0.9980016946792603
2936,0.999990000099999,0.9980067014694214
2937,0.999990000099999,0.9980114698410034
2938,0.999990000099999,0.9980164766311646
2939,0.999990000099999,0.998021125793457
2940,0.999990000099999,0.9980261325836182
2941,0.999990000099999,0.9980309009552002
2942,0.999990000099999,0.9980356693267822
2943,0.999990000099999,0.9980406761169434
2944,0.999990000099999,0.9980454444885254
2945,0.999990000099999,0.9980502128601074
2946,0.999990000099999,0.9980549812316895
2947,0.999990000099999,0.9980597496032715
2948,0.999990000099999,0.9980645179748535
2949,0.999990000099999,0.9980692863464355
2950,0.999990000099999,0.9980740547180176
2951,0.999990000099999,0.9980787038803101
2952,0.999990000099999,0.998083233833313
2953,0.999990000099999,0.998088002204895
2954,0.999990000099999,0.998092770576477
2955,0.999990000099999,0.99809730052948
2956,0.999990000099999,0.998102068901062
2957,0.999990000099999,0.998106837272644
2958,0.999990000099999,0.998111367225647
2959,0.999990000099999,0.9981158971786499
2960,0.999990000099999,0.9981206655502319
2961,0.999990000099999,0.9981251955032349
2962,0.999990000099999,0.9981299638748169
2963,0.999990000099999,0.9981344938278198
2964,0.999990000099999,0.9981390237808228
2965,0.999990000099999,0.9981434345245361
2966,0.999990000099999,0.9981479644775391
2967,0.999990000099999,0.998152494430542
2968,0.999990000099999,0.9981570243835449
2969,0.999990000099999,0.9981615543365479
2970,0.999990000099999,0.9981660842895508
2971,0.999990000099999,0.9981706142425537
2972,0.999990000099999,0.9981751441955566
2973,0.999990000099999,0.9981796741485596
2974,0.999990000099999,0.9981842041015625
2975,0.999990000099999,0.9981884956359863
2976,0.999990000099999,0.9981930255889893
2977,0.999990000099999,0.9981975555419922
2978,0.999990000099999,0.998201847076416
2979,0.999990000099999,0.998206377029419
2980,0.999990000099999,0.9982105493545532
2981,0.999990000099999,0.9982150793075562
2982,0.999990000099999,0.99821937084198
2983,0.999990000099999,0.9982236623764038
2984,0.999990000099999,0.9982281923294067
2985,0.999990000099999,0.9982324838638306
2986,0.999990000099999,0.9982367753982544
2987,0.999990000099999,0.9982410669326782
2988,0.999990000099999,0.998245358467102
2989,0.999990000099999,0.998249888420105
2990,0.999990000099999,0.9982541799545288
2991,0.999990000099999,0.9982584714889526
2992,0.999990000099999,0.9982627630233765
2993,0.999990000099999,0.9982668161392212
2994,0.999990000099999,0.998271107673645
2995,0.999990000099999,0.9982752799987793
2996,0.999990000099999,0.9982795715332031
2997,0.999990000099999,0.998283863067627
2998,0.999990000099999,0.9982879161834717
2999,0.999990000099999,0.9982922077178955
3000,0.999990000099999,0.9982964992523193
3001,0.999990000099999,0.9983005523681641
3002,0.999990000099999,0.9983048439025879
3003,0.999990000099999,0.9983088970184326
3004,0.999990000099999,0.9983131885528564
3005,0.999990000099999,0.9983172416687012
3006,0.999990000099999,0.9983212947845459
3007,0.999990000099999,0.9983255863189697
3008,0.999990000099999,0.9983296394348145
3009,0.999990000099999,0.9983336925506592
3010,0.999990000099999,0.9983377456665039
3011,0.999990000099999,0.9983420372009277
3012,0.999990000099999,0.9983459711074829
3013,0.999990000099999,0.9983500242233276
3014,0.999990000099999,0.9983540773391724
3015,0.999990000099999,0.9983581304550171
3016,0.999990000099999,0.9983621835708618
3017,0.999990000099999,0.9983662366867065
3018,0.999990000099999,0.9983700513839722
3019,0.999990000099999,0.9983741044998169
3020,0.999990000099999,0.9983781576156616
3021,0.999990000099999,0.9983822107315063
3022,0.999990000099999,0.998386025428772
3023,0.999990000099999,0.9983900785446167
3024,0.999990000099999,0.9983941316604614
3025,0.999990000099999,0.998397946357727
3026,0.999990000099999,0.9984019994735718
3027,0.999990000099999,0.9984058141708374
3028,0.999990000099999,0.9984098672866821
3029,0.999990000099999,0.9984136819839478
3030,0.999990000099999,0.9984174966812134
3031,0.999990000099999,0.9984214305877686
3032,0.999990000099999,0.9984252452850342
3033,0.999990000099999,0.9984290599822998
3034,0.999990000099999,0.9984331130981445
3035,0.999990000099999,0.9984369277954102
3036,0.999990000099999,0.9984407424926758
3037,0.999990000099999,0.9984445571899414
3038,0.999990000099999,0.998448371887207
3039,0.999990000099999,0.9984521865844727
3040,0.999990000099999,0.9984560012817383
3041,0.999990000099999,0.9984598159790039
3042,0.999990000099999,0.9984636306762695
3043,0.999990000099999,0.9984674453735352
3044,0.999990000099999,0.9984712600708008
3045,0.999990000099999,0.9984748363494873
3046,0.999990000099999,0.9984786510467529
3047,0.999990000099999,0.9984824657440186
3048,0.999990000099999,0.9984860420227051
3049,0.999990000099999,0.9984898567199707
3050,0.999990000099999,0.9984936714172363
3051,0.999990000099999,0.9984971284866333
3052,0.999990000099999,0.9985009431838989
3053,0.999990000099999,0.9985045194625854
3054,0.999990000099999,0.9985083341598511
3055,0.999990000099999,0.9985119104385376
3056,0.999990000099999,0.9985154867172241
3057,0.999990000099999,0.9985193014144897
3058,0.999990000099999,0.9985228776931763
3059,0.999990000099999,0.9985264539718628
3060,0.999990000099999,0.9985302686691284
3061,0.999990000099999,0.9985338449478149
3062,0.999990000099999,0.9985374212265015
3063,0.999990000099999,0.998540997505188
3064,0.999990000099999,0.9985445737838745
3065,0.999990000099999,0.998548150062561
3066,0.999990000099999,0.9985517263412476
3067,0.999990000099999,0.9985553026199341
3068,0.999990000099999,0.9985588788986206
3069,0.999990000099999,0.9985624551773071
3070,0.999990000099999,0.9985660314559937
3071,0.999990000099999,0.9985696077346802
3072,0.999990000099999,0.9985729455947876
3073,0.999990000099999,0.9985765218734741
3074,0.999990000099999,0.9985799789428711
3075,0.999990000099999,0.9985833168029785
3076,0.999990000099999,0.998586893081665
3077,0.999990000099999,0.9985904693603516
3078,0.999990000099999,0.998593807220459
3079,0.999990000099999,0.9985973834991455
3080,0.999990000099999,0.9986007213592529
3081,0.999990000099999,0.9986042976379395
3082,0.999990000099999,0.9986076354980469
3083,0.999990000099999,0.9986112117767334
3084,0.999990000099999,0.9986145496368408
3085,0.999990000099999,0.9986178874969482
3086,0.999990000099999,0.9986214637756348
3087,0.999990000099999,0.9986248016357422
3088,0.999990000099999,0.9986281394958496
3089,0.999990000099999,0.998631477355957
3090,0.999990000099999,0.9986348152160645
3091,0.999990000099999,0.9986381530761719
3092,0.999990000099999,0.9986414909362793
3093,0.999990000099999,0.9986450672149658
3094,0.999990000099999,0.9986484050750732
3095,0.999990000099999,0.9986517429351807
3096,0.999990000099999,0.998654842376709
3097,0.999990000099999,0.9986581802368164
3098,0.999990000099999,0.9986615180969238
3099,0.999990000099999,0.9986647367477417
3100,0.999990000099999,0.9986680746078491
3101,0.999990000099999,0.9986714124679565
3102,0.999990000099999,0.9986745119094849
3103,0.999990000099999,0.9986778497695923
3104,0.999990000099999,0.9986811876296997
3105,0.999990000099999,0.998684287071228
3106,0.999990000099999,0.9986876249313354
3107,0.999990000099999,0.9986909627914429
3108,0.999990000099999,0.9986940622329712
3109,0.999990000099999,0.9986974000930786
3110,0.999990000099999,0.9987004995346069
3111,0.999990000099999,0.9987038373947144
3112,0.999990000099999,0.9987069368362427
3113,0.999990000099999,0.998710036277771
3114,0.999990000099999,0.9987133741378784
3115,0.999990000099999,0.9987164735794067
3116,0.999990000099999,0.9987195730209351
3117,0.999990000099999,0.9987229108810425
3118,0.999990000099999,0.9987260103225708
3119,0.999990000099999,0.9987291097640991
3120,0.999990000099999,0.9987322092056274
3121,0.999990000099999,0.9987353086471558
3122,0.999990000099999,0.9987384080886841
3123,0.999990000099999,0.9987415075302124
3124,0.999990000099999,0.9987446069717407
3125,0.999990000099999,0.998747706413269
3126,0.999990000099999,0.9987508058547974
3127,0.999990000099999,0.9987539052963257
3128,0.999990000099999,0.9987568855285645
3129,0.999990000099999,0.9987599849700928
3130,0.999990000099999,0.9987630844116211
3131,0.999990000099999,0.9987661838531494
3132,0.999990000099999,0.9987690448760986
3133,0.999990000099999,0.998772144317627
3134,0.999990000099999,0.9987752437591553
3135,0.999990000099999,0.9987783432006836
3136,0.999990000099999,0.9987812042236328
3137,0.999990000099999,0.9987843036651611
3138,0.999990000099999,0.9987871646881104
3139,0.999990000099999,0.9987902641296387
3140,0.999990000099999,0.9987931251525879
3141,0.999990000099999,0.9987962245941162
3142,0.999990000099999,0.9987990856170654
3143,0.999990000099999,0.9988021850585938
3144,0.999990000099999,0.998805046081543
3145,0.999990000099999,0.9988081455230713
3146,0.999990000099999,0.9988110065460205
3147,0.999990000099999,0.9988138675689697
3148,0.999990000099999,0.998816967010498
3149,0.999990000099999,0.9988198280334473
3150,0.999990000099999,0.9988226890563965
3151,0.999990000099999,0.9988255500793457
3152,0.999990000099999,0.9988284111022949
3153,0.999990000099999,0.9988315105438232
3154,0.999990000099999,0.9988343715667725
3155,0.999990000099999,0.9988372325897217
3156,0.999990000099999,0.9988400936126709
3157,0.999990000099999,0.9988429546356201
3158,0.999990000099999,0.9988458156585693
3159,0.999990000099999,0.9988486766815186
3160,0.999990000099999,0.9988515377044678
3161,0.999990000099999,0.998854398727417
3162,0.999990000099999,0.9988569021224976
3163,0.999990000099999,0.9988597631454468
3164,0.999990000099999,0.998862624168396
3165,0.999990000099999,0.9988654851913452
3166,0.999990000099999,0.9988683462142944
3167,0.999990000099999,0.9988709688186646
3168,0.999990000099999,0.9988738298416138
3169,0.999990000099999,0.998876690864563
3170,0.999990000099999,0.9988793134689331
3171,0.999990000099999,0.9988821744918823
3172,0.999990000099999,0.9988850355148315
3173,0.999990000099999,0.9988876581192017
3174,0.999990000099999,0.9988905191421509
3175,0.999990000099999,0.998893141746521
3176,0.999990000099999,0.9988960027694702
3177,0.999990000099999,0.9988986253738403
3178,0.999990000099999,0.9989012479782104
3179,0.999990000099999,0.9989041090011597
3180,0.999990000099999,0.9989067316055298
3181,0.999990000099999,0.998909592628479
3182,0.999990000099999,0.9989122152328491
3183,0.999990000099999,0.9989148378372192
3184,0.999990000099999,0.9989174604415894
3185,0.999990000099999,0.9989203214645386
3186,0.999990000099999,0.9989229440689087
3187,0.999990000099999,0.9989255666732788
3188,0.999990000099999,0.9989281892776489
3189,0.999990000099999,0.998930811882019
3190,0.999990000099999,0.9989334344863892
3191,0.999990000099999,0.9989360570907593
3192,0.999990000099999,0.9989386796951294
3193,0.999990000099999,0.9989413022994995
3194,0.999990000099999,0.9989439249038696
3195,0.999990000099999,0.9989465475082397
3196,0.999990000099999,0.9989491701126099
3197,0.999990000099999,0.99895179271698
3198,0.999990000099999,0.9989544153213501
3199,0.999990000099999,0.9989570379257202
3200,0.999990000099999,0.9989596605300903
3201,0.999990000099999,0.9989622831344604
3202,0.999990000099999,0.9989645481109619
3203,0.999990000099999,0.998967170715332
3204,0.999990000099999,0.9989697933197021
3205,0.999990000099999,0.9989721775054932
3206,0.999990000099999,0.9989748001098633
3207,0.999990000099999,0.9989774227142334
3208,0.999990000099999,0.9989798069000244
3209,0.999990000099999,0.9989824295043945
3210,0.999990000099999,0.9989848136901855
3211,0.999990000099999,0.9989874362945557
3212,0.999990000099999,0.9989900588989258
3213,0.999990000099999,0.9989924430847168
3214,0.999990000099999,0.9989948272705078
3215,0.999990000099999,0.9989974498748779
3216,0.999990000099999,0.998999834060669
3217,0.999990000099999,0.9990024566650391
3218,0.999990000099999,0.9990048408508301
3219,0.999990000099999,0.9990072250366211
3220,0.999990000099999,0.9990098476409912
3221,0.999990000099999,0.9990122318267822
3222,0.999990000099999,0.9990146160125732
3223,0.999990000099999,0.9990170001983643
3224,0.999990000099999,0.9990196228027344
3225,0.999990000099999,0.9990220069885254
3226,0.999990000099999,0.9990243911743164
3227,0.999990000099999,0.9990267753601074
3228,0.999990000099999,0.9990291595458984
3229,0.999990000099999,0.9990315437316895
3230,0.999990000099999,0.9990339279174805
3231,0.999990000099999,0.9990363121032715
3232,0.999990000099999,0.9990386962890625
3233,0.999990000099999,0.9990410804748535
3234,0.999990000099999,0.9990434646606445
3235,0.999990000099999,0.9990458488464355
3236,0.999990000099999,0.9990482330322266
3237,0.999990000099999,0.9990506172180176
3238,0.999990000099999,0.9990530014038086
3239,0.999990000099999,0.9990553855895996
3240,0.999990000099999,0.9990575313568115
3241,0.999990000099999,0.9990599155426025
3242,0.999990000099999,0.9990622997283936
3243,0.999990000099999,0.9990646839141846
3244,0.999990000099999,0.9990668296813965
3245,0.999990000099999,0.9990692138671875
3246,0.999990000099999,0.9990715980529785
3247,0.999990000099999,0.9990737438201904
3248,0.999990000099999,0.9990761280059814
3249,0.999990000099999,0.9990785121917725
3250,0.999990000099999,0.9990806579589844
3251,0.999990000099999,0.9990830421447754
3252,0.999990000099999,0.9990851879119873
3253,0.999990000099999,0.9990874528884888
3254,0.999990000099999,0.9990895986557007
3255,0.999990000099999,0.9990919828414917
3256,0.999990000099999,0.9990941286087036
3257,0.999990000099999,0.9990965127944946
3258,0.999990000099999,0.9990986585617065
3259,0.999990000099999,0.9991008043289185
3260,0.999990000099999,0.9991031885147095
3261,0.999990000099999,0.9991053342819214
3262,0.999990000099999,0.9991074800491333
3263,0.999990000099999,0.9991098642349243
3264,0.999990000099999,0.9991120100021362
3265,0.999990000099999,0.9991141557693481
3266,0.999990000099999,0.9991163015365601
3267,0.999990000099999,0.9991186857223511
3268,0.999990000099999,0.999120831489563
3269,0.999990000099999,0.9991229772567749
3270,0.999990000099999,0.9991251230239868
3271,0.999990000099999,0.9991272687911987
3272,0.999990000099999,0.9991294145584106
3273,0.999990000099999,0.9991315603256226
3274,0.999990000099999,0.9991337060928345
3275,0.999990000099999,0.9991358518600464
3276,0.999990000099999,0.9991379976272583
3277,0.999990000099999,0.9991401433944702
3278,0.999990000099999,0.9991422891616821
3279,0.999990000099999,0.999144434928894
3280,0.999990000099999,0.999146580696106
3281,0.999990000099999,0.9991487264633179
3282,0.999990000099999,0.9991508722305298
3283,0.999990000099999,0.9991527795791626
3284,0.999990000099999,0.9991549253463745
3285,0.999990000099999,0.9991570711135864
3286,0.999990000099999,0.9991592168807983
3287,0.999990000099999,0.9991613626480103
3288,0.999990000099999,0.9991632699966431
3289,0.999990000099999,0.999165415763855
3290,0.999990000099999,0.9991675615310669
3291,0.999990000099999,0.9991694688796997
3292,0.999990000099999,0.9991716146469116
3293,0.999990000099999,0.9991737604141235
3294,0.999990000099999,0.9991756677627563
3295,0.999990000099999,0.9991778135299683
3296,0.999990000099999,0.9991797208786011
3297,0.999990000099999,0.999181866645813
3298,0.999990000099999,0.9991837739944458
3299,0.999990000099999,0.9991859197616577
3300,0.999990000099999,0.9991878271102905
3301,0.999990000099999,0.9991899728775024
3302,0.999990000099999,0.9991918802261353
3303,0.999990000099999,0.9991940259933472
3304,0.999990000099999,0.99919593334198
3305,0.999990000099999,0.9991978406906128
3306,0.999990000099999,0.9991999864578247
3307,0.999990000099999,0.9992018938064575
3308,0.999990000099999,0.9992038011550903
3309,0.999990000099999,0.9992059469223022
3310,0.999990000099999,0.9992078542709351
3311,0.999990000099999,0.9992097616195679
3312,0.999990000099999,0.9992116689682007
3313,0.999990000099999,0.9992138147354126
3314,0.999990000099999,0.9992157220840454
3315,0.999990000099999,0.9992176294326782
3316,0.999990000099999,0.999219536781311
3317,0.999990000099999,0.9992214441299438
3318,0.999990000099999,0.9992233514785767
3319,0.999990000099999,0.9992252588272095
3320,0.999990000099999,0.9992271661758423
3321,0.999990000099999,0.9992289543151855
3322,0.999990000099999,0.9992308616638184
3323,0.999990000099999,0.9992327690124512
3324,0.999990000099999,0.999234676361084
3325,0.999990000099999,0.9992365837097168
3326,0.999990000099999,0.9992384910583496
3327,0.999990000099999,0.9992403984069824
3328,0.999990000099999,0.9992423057556152
3329,0.999990000099999,0.999244213104248
3330,0.999990000099999,0.9992461204528809
3331,0.999990000099999,0.9992480278015137
3332,0.999990000099999,0.9992499351501465
3333,0.999990000099999,0.9992516040802002
3334,0.999990000099999,0.999253511428833
3335,0.999990000099999,0.9992554187774658
3336,0.999990000099999,0.9992573261260986
3337,0.999990000099999,0.9992592334747314
3338,0.999990000099999,0.9992609024047852
3339,0.999990000099999,0.999262809753418
3340,0.999990000099999,0.9992647171020508
3341,0.999990000099999,0.9992663860321045
3342,0.999990000099999,0.9992682933807373
3343,0.999990000099999,0.9992702007293701
3344,0.999990000099999,0.9992718696594238
3345,0.999990000099999,0.9992737770080566
3346,0.999990000099999,0.9992754459381104
3347,0.999990000099999,0.9992773532867432
3348,0.999990000099999,0.9992790222167969
3349,0.999990000099999,0.9992809295654297
3350,0.999990000099999,0.9992825984954834
3351,0.999990000099999,0.9992845058441162
3352,0.999990000099999,0.9992861747741699
3353,0.999990000099999,0.9992880821228027
3354,0.999990000099999,0.9992897510528564
3355,0.999990000099999,0.9992916584014893
3356,0.999990000099999,0.999293327331543
3357,0.999990000099999,0.9992949962615967
3358,0.999990000099999,0.9992969036102295
3359,0.999990000099999,0.9992985725402832
3360,0.999990000099999,0.9993002414703369
3361,0.999990000099999,0.9993021488189697
3362,0.999990000099999,0.9993038177490234
3363,0.999990000099999,0.9993054866790771
3364,0.999990000099999,0.9993071556091309
3365,0.999990000099999,0.9993090629577637
3366,0.999990000099999,0.9993107318878174
3367,0.999990000099999,0.9993124008178711
3368,0.999990000099999,0.9993140697479248
3369,0.999990000099999,0.9993157386779785
3370,0.999990000099999,0.9993174076080322
3371,0.999990000099999,0.999319314956665
3372,0.999990000099999,0.9993209838867188
3373,0.999990000099999,0.9993226528167725
3374,0.999990000099999,0.9993243217468262
3375,0.999990000099999,0.9993259906768799
3376,0.999990000099999,0.9993276596069336
3377,0.999990000099999,0.9993293285369873
3378,0.999990000099999,0.999330997467041
3379,0.999990000099999,0.9993326663970947
3380,0.999990000099999,0.9993343353271484
3381,0.999990000099999,0.9993360042572021
3382,0.999990000099999,0.9993376731872559
3383,0.999990000099999,0.9993393421173096
3384,0.999990000099999,0.9993410110473633
3385,0.999990000099999,0.9993424415588379
3386,0.999990000099999,0.9993441104888916
3387,0.999990000099999,0.9993457794189453
3388,0.999990000099999,0.999347448348999
3389,0.999990000099999,0.9993491172790527
3390,0.999990000099999,0.9993507862091064
3391,0.999990000099999,0.999352216720581
3392,0.999990000099999,0.9993538856506348
3393,0.999990000099999,0.9993555545806885
3394,0.999990000099999,0.9993572235107422
3395,0.999990000099999,0.9993586540222168
3396,0.999990000099999,0.9993603229522705
3397,0.999990000099999,0.9993619918823242
3398,0.999990000099999,0.9993634223937988
3399,0.999990000099999,0.9993650913238525
3400,0.999990000099999,0.9993667602539062
3401,0.999990000099999,0.9993681907653809
3402,0.999990000099999,0.9993698596954346
3403,0.999990000099999,0.9993712902069092
3404,0.999990000099999,0.9993729591369629
3405,0.999990000099999,0.9993743896484375
3406,0.999990000099999,0.9993760585784912
3407,0.999990000099999,0.9993774890899658
3408,0.999990000099999,0.9993791580200195
3409,0.999990000099999,0.9993805885314941
3410,0.999990000099999,0.9993822574615479
3411,0.999990000099999,0.9993836879730225
3412,0.999990000099999,0.9993853569030762
3413,0.999990000099999,0.9993867874145508
3414,0.999990000099999,0.9993884563446045
3415,0.999990000099999,0.9993898868560791
3416,0.999990000099999,0.9993913173675537
3417,0.999990000099999,0.9993929862976074
3418,0.999990000099999,0.999394416809082
3419,0.999990000099999,0.9993958473205566
3420,0.999990000099999,0.9993975162506104
3421,0.999990000099999,0.999398946762085
3422,0.999990000099999,0.9994003772735596
3423,0.999990000099999,0.9994020462036133
3424,0.999990000099999,0.9994033575057983
3425,0.999990000099999,0.999404788017273
3426,0.999990000099999,0.9994062185287476
3427,0.999990000099999,0.9994076490402222
3428,0.999990000099999,0.9994093179702759
3429,0.999990000099999,0.9994107484817505
3430,0.999990000099999,0.9994121789932251
3431,0.999990000099999,0.9994136095046997
3432,0.999990000099999,0.9994150400161743
3433,0.999990000099999,0.9994164705276489
3434,0.999990000099999,0.9994179010391235
3435,0.999990000099999,0.9994193315505981
3436,0.999990000099999,0.9994210004806519
3437,0.999990000099999,0.9994224309921265
3438,0.999990000099999,0.9994238615036011
3439,0.999990000099999,0.9994252920150757
3440,0.999990000099999,0.9994267225265503
3441,0.999990000099999,0.9994281530380249
3442,0.999990000099999,0.9994295835494995
3443,0.999990000099999,0.9994310140609741
3444,0.999990000099999,0.9994324445724487
3445,0.999990000099999,0.9994336366653442
3446,0.999990000099999,0.9994350671768188
3447,0.999990000099999,0.9994364976882935
3448,0.999990000099999,0.9994379281997681
3449,0.999990000099999,0.9994393587112427
3450,0.999990000099999,0.9994407892227173
3451,0.999990000099999,0.9994422197341919
3452,0.999990000099999,0.9994436502456665
3453,0.999990000099999,0.999444842338562
3454,0.999990000099999,0.9994462728500366
3455,0.999990000099999,0.9994477033615112
3456,0.999990000099999,0.9994491338729858
3457,0.999990000099999,0.9994505643844604
3458,0.999990000099999,0.999451756477356
3459,0.999990000099999,0.9994531869888306
3460,0.999990000099999,0.9994546175003052
3461,0.999990000099999,0.9994558095932007
3462,0.999990000099999,0.9994572401046753
3463,0.999990000099999,0.9994586706161499
3464,0.999990000099999,0.9994598627090454
3465,0.999990000099999,0.99946129322052
3466,0.999990000099999,0.9994627237319946
3467,0.999990000099999,0.9994639158248901
3468,0.999990000099999,0.9994653463363647
3469,0.999990000099999,0.9994667768478394
3470,0.999990000099999,0.9994679689407349
3471,0.999990000099999,0.9994693994522095
3472,0.999990000099999,0.999470591545105
3473,0.999990000099999,0.9994720220565796
3474,0.999990000099999,0.9994732141494751
3475,0.999990000099999,0.9994746446609497
3476,0.999990000099999,0.9994758367538452
3477,0.999990000099999,0.9994772672653198
3478,0.999990000099999,0.9994784593582153
3479,0.999990000099999,0.9994798898696899
3480,0.999990000099999,0.9994810819625854
3481,0.999990000099999,0.9994825124740601
3482,0.999990000099999,0.9994837045669556
3483,0.999990000099999,0.9994848966598511
3484,0.999990000099999,0.9994863271713257
3485,0.999990000099999,0.9994875192642212
3486,0.999990000099999,0.9994889497756958
3487,0.999990000099999,0.9994901418685913
3488,0.999990000099999,0.9994913339614868
3489,0.999990000099999,0.9994927644729614
3490,0.999990000099999,0.9994939565658569
3491,0.999990000099999,0.9994951486587524
3492,0.999990000099999,0.999496340751648
3493,0.999990000099999,0.9994977712631226
3494,0.999990000099999,0.9994989633560181
3495,0.999990000099999,0.9995001554489136
3496,0.999990000099999,0.9995013475418091
3497,0.999990000099999,0.9995027780532837
3498,0.999990000099999,0.9995039701461792
3499,0.999990000099999,0.9995051622390747
3500,0.999990000099999,0.9995063543319702
3501,0.999990000099999,0.9995075464248657
3502,0.999990000099999,0.9995089769363403
3503,0.999990000099999,0.9995101690292358
3504,0.999990000099999,0.9995113611221313
3505,0.999990000099999,0.9995125532150269
3506,0.999990000099999,0.9995137453079224
3507,0.999990000099999,0.9995149374008179
3508,0.999990000099999,0.9995161294937134
3509,0.999990000099999,0.9995173215866089
3510,0.999990000099999,0.9995185136795044
3511,0.999990000099999,0.9995197057723999
3512,0.999990000099999,0.9995208978652954
3513,0.999990000099999,0.9995220899581909
3514,0.999990000099999,0.9995232820510864
3515,0.999990000099999,0.9995244741439819
3516,0.999990000099999,0.9995256662368774
3517,0.999990000099999,0.999526858329773
3518,0.999990000099999,0.9995280504226685
3519,0.999990000099999,0.999529242515564
3520,0.999990000099999,0.9995304346084595
3521,0.999990000099999,0.999531626701355
3522,0.999990000099999,0.9995328187942505
3523,0.999990000099999,0.999534010887146
3524,0.999990000099999,0.9995352029800415
3525,0.999990000099999,0.999536395072937
3526,0.999990000099999,0.9995375871658325
3527,0.999990000099999,0.9995385408401489
3528,0.999990000099999,0.9995397329330444
3529,0.999990000099999,0.9995409250259399
3530,0.999990000099999,0.9995421171188354
3531,0.999990000099999,0.999543309211731
3532,0.999990000099999,0.9995442628860474
3533,0.999990000099999,0.9995454549789429
3534,0.999990000099999,0.9995466470718384
3535,0.999990000099999,0.9995478391647339
3536,0.999990000099999,0.9995487928390503
3537,0.999990000099999,0.9995499849319458
3538,0.999990000099999,0.9995511770248413
3539,0.999990000099999,0.9995523691177368
3540,0.999990000099999,0.9995533227920532
3541,0.999990000099999,0.9995545148849487
3542,0.999990000099999,0.9995557069778442
3543,0.999990000099999,0.9995566606521606
3544,0.999990000099999,0.9995578527450562
3545,0.999990000099999,0.9995590448379517
3546,0.999990000099999,0.9995599985122681
3547,0.999990000099999,0.9995611906051636
3548,0.999990000099999,0.99956214427948
3549,0.999990000099999,0.9995633363723755
3550,0.999990000099999,0.999564528465271
3551,0.999990000099999,0.9995654821395874
3552,0.999990000099999,0.9995666742324829
3553,0.999990000099999,0.9995676279067993
3554,0.999990000099999,0.9995688199996948
3555,0.999990000099999,0.9995697736740112
3556,0.999990000099999,0.9995709657669067
3557,0.999990000099999,0.9995719194412231
3558,0.999990000099999,0.9995731115341187
3559,0.999990000099999,0.9995740652084351
3560,0.999990000099999,0.9995752573013306
3561,0.999990000099999,0.999576210975647
3562,0.999990000099999,0.9995774030685425
3563,0.999990000099999,0.9995783567428589
3564,0.999990000099999,0.9995795488357544
3565,0.999990000099999,0.9995805025100708
3566,0.999990000099999,0.9995814561843872
3567,0.999990000099999,0.9995826482772827
3568,0.999990000099999,0.9995836019515991
3569,0.999990000099999,0.9995847940444946
3570,0.999990000099999,0.999585747718811
3571,0.999990000099999,0.9995867013931274
3572,0.999990000099999,0.999587893486023
3573,0.999990000099999,0.9995888471603394
3574,0.999990000099999,0.9995898008346558
3575,0.999990000099999,0.9995909929275513
3576,0.999990000099999,0.9995919466018677
3577,0.999990000099999,0.9995929002761841
3578,0.999990000099999,0.9995938539505005
3579,0.999990000099999,0.999595046043396
3580,0.999990000099999,0.9995959997177124
3581,0.999990000099999,0.9995969533920288
3582,0.999990000099999,0.9995979070663452
3583,0.999990000099999,0.9995990991592407
3584,0.999990000099999,0.9996000528335571
3585,0.999990000099999,0.9996010065078735
3586,0.999990000099999,0.9996019601821899
3587,0.999990000099999,0.9996029138565063
3588,0.999990000099999,0.9996041059494019
3589,0.999990000099999,0.9996050596237183
3590,0.999990000099999,0.9996060132980347
3591,0.999990000099999,0.9996069669723511
3592,0.999990000099999,0.9996079206466675
3593,0.999990000099999,0.9996088743209839
3594,0.999990000099999,0.9996098279953003
3595,0.999990000099999,0.9996107816696167
3596,0.999990000099999,0.9996117353439331
3597,0.999990000099999,0.9996129274368286
3598,0.999990000099999,0.999613881111145
3599,0.999990000099999,0.9996148347854614
3600,0.999990000099999,0.9996157884597778
3601,0.999990000099999,0.9996167421340942
3602,0.999990000099999,0.9996176958084106
3603,0.999990000099999,0.999618649482727
3604,0.999990000099999,0.9996196031570435
3605,0.999990000099999,0.9996205568313599
3606,0.999990000099999,0.9996215105056763
3607,0.999990000099999,0.9996224641799927
3608,0.999990000099999,0.9996234178543091
3609,0.999990000099999,0.9996243715286255
3610,0.999990000099999,0.9996253252029419
3611,0.999990000099999,0.9996262788772583
3612,0.999990000099999,0.9996272325515747
3613,0.999990000099999,0.999627947807312
3614,0.999990000099999,0.9996289014816284
3615,0.999990000099999,0.9996298551559448
3616,0.999990000099999,0.9996308088302612
3617,0.999990000099999,0.9996317625045776
3618,0.999990000099999,0.999632716178894
3619,0.999990000099999,0.9996336698532104
3620,0.999990000099999,0.9996346235275269
3621,0.999990000099999,0.9996353387832642
3622,0.999990000099999,0.9996362924575806
3623,0.999990000099999,0.999637246131897
3624,0.999990000099999,0.9996381998062134
3625,0.999990000099999,0.9996391534805298
3626,0.999990000099999,0.9996401071548462
3627,0.999990000099999,0.9996408224105835
3628,0.999990000099999,0.9996417760848999
3629,0.999990000099999,0.9996427297592163
3630,0.999990000099999,0.9996436834335327
3631,0.999990000099999,0.99964439868927
3632,0.999990000099999,0.9996453523635864
3633,0.999990000099999,0.9996463060379028
3634,0.999990000099999,0.9996472597122192
3635,0.999990000099999,0.9996479749679565
3636,0.999990000099999,0.999648928642273
3637,0.999990000099999,0.9996498823165894
3638,0.999990000099999,0.9996505975723267
3639,0.999990000099999,0.9996515512466431
3640,0.999990000099999,0.9996525049209595
3641,0.999990000099999,0.9996532201766968
3642,0.999990000099999,0.9996541738510132
3643,0.999990000099999,0.99965500831604
3644,0.999990000099999,0.9996557235717773
3645,0.999990000099999,0.9996566772460938
3646,0.999990000099999,0.999657392501831
3647,0.999990000099999,0.9996583461761475
3648,0.999990000099999,0.9996592998504639
3649,0.999990000099999,0.9996600151062012
3650,0.999990000099999,0.9996609687805176
3651,0.999990000099999,0.9996616840362549
3652,0.999990000099999,0.9996626377105713
3653,0.999990000099999,0.9996633529663086
3654,0.999990000099999,0.999664306640625
3655,0.999990000099999,0.9996652603149414
3656,0.999990000099999,0.9996659755706787
3657,0.999990000099999,0.9996669292449951
3658,0.999990000099999,0.9996676445007324
3659,0.999990000099999,0.9996685981750488
3660,0.999990000099999,0.9996693134307861
3661,0.999990000099999,0.9996702671051025
3662,0.999990000099999,0.9996709823608398
3663,0.999990000099999,0.9996719360351562
3664,0.999990000099999,0.9996726512908936
3665,0.999990000099999,0.9996733665466309
3666,0.999990000099999,0.9996743202209473
3667,0.999990000099999,0.9996750354766846
3668,0.999990000099999,0.999675989151001
3669,0.999990000099999,0.9996767044067383
3670,0.999990000099999,0.9996776580810547
3671,0.999990000099999,0.999678373336792
3672,0.999990000099999,0.9996790885925293
3673,0.999990000099999,0.9996800422668457
3674,0.999990000099999,0.999680757522583
3675,0.999990000099999,0.9996814727783203
3676,0.999990000099999,0.9996824264526367
3677,0.999990000099999,0.999683141708374
3678,0.999990000099999,0.9996838569641113
3679,0.999990000099999,0.9996848106384277
3680,0.999990000099999,0.999685525894165
3681,0.999990000099999,0.9996862411499023
3682,0.999990000099999,0.9996871948242188
3683,0.999990000099999,0.999687910079956
3684,0.999990000099999,0.9996886253356934
3685,0.999990000099999,0.9996895790100098
3686,0.999990000099999,0.9996902942657471
3687,0.999990000099999,0.9996910095214844
3688,0.999990000099999,0.9996917247772217
3689,0.999990000099999,0.9996926784515381
3690,0.999990000099999,0.9996933937072754
3691,0.999990000099999,0.9996941089630127
3692,0.999990000099999,0.99969482421875
3693,0.999990000099999,0.9996955394744873
3694,0.999990000099999,0.9996964931488037
3695,0.999990000099999,0.999697208404541
3696,0.999990000099999,0.9996979236602783
3697,0.999990000099999,0.9996986389160156
3698,0.999990000099999,0.9996993541717529
3699,0.999990000099999,0.9997003078460693
3700,0.999990000099999,0.9997010231018066
3701,0.999990000099999,0.999701738357544
3702,0.999990000099999,0.9997024536132812
3703,0.999990000099999,0.9997031688690186
3704,0.999990000099999,0.9997038841247559
3705,0.999990000099999,0.9997045993804932
3706,0.999990000099999,0.9997055530548096
3707,0.999990000099999,0.9997062683105469
3708,0.999990000099999,0.9997069835662842
3709,0.999990000099999,0.9997076988220215
3710,0.999990000099999,0.9997084140777588
3711,0.999990000099999,0.9997091293334961
3712,0.999990000099999,0.9997098445892334
3713,0.999990000099999,0.9997105598449707
3714,0.999990000099999,0.999711275100708
3715,0.999990000099999,0.9997119903564453
3716,0.999990000099999,0.9997127056121826
3717,0.999990000099999,0.9997134208679199
3718,0.999990000099999,0.9997141361236572
3719,0.999990000099999,0.9997148513793945
3720,0.999990000099999,0.9997155666351318
3721,0.999990000099999,0.9997162818908691
3722,0.999990000099999,0.9997169971466064
3723,0.999990000099999,0.9997177124023438
3724,0.999990000099999,0.999718427658081
3725,0.999990000099999,0.9997191429138184
3726,0.999990000099999,0.9997198581695557
3727,0.999990000099999,0.999720573425293
3728,0.999990000099999,0.9997212886810303
3729,0.999990000099999,0.9997220039367676
3730,0.999990000099999,0.9997227191925049
3731,0.999990000099999,0.9997234344482422
3732,0.999990000099999,0.9997241497039795
3733,0.999990000099999,0.9997248649597168
3734,0.999990000099999,0.9997255802154541
3735,0.999990000099999,0.9997260570526123
3736,0.999990000099999,0.9997267723083496
3737,0.999990000099999,0.9997274875640869
3738,0.999990000099999,0.9997282028198242
3739,0.999990000099999,0.9997289180755615
3740,0.999990000099999,0.9997296333312988
3741,0.999990000099999,0.9997303485870361
3742,0.999990000099999,0.9997310638427734
3743,0.999990000099999,0.9997315406799316
3744,0.999990000099999,0.999732255935669
3745,0.999990000099999,0.9997329711914062
3746,0.999990000099999,0.9997336864471436
3747,0.999990000099999,0.9997344017028809
3748,0.999990000099999,0.9997348785400391
3749,0.999990000099999,0.9997355937957764
3750,0.999990000099999,0.9997363090515137
3751,0.999990000099999,0.999737024307251
3752,0.999990000099999,0.9997377395629883
3753,0.999990000099999,0.9997382164001465
3754,0.999990000099999,0.9997389316558838
3755,0.999990000099999,0.9997396469116211
3756,0.999990000099999,0.9997403621673584
3757,0.999990000099999,0.9997408390045166
3758,0.999990000099999,0.9997415542602539
3759,0.999990000099999,0.9997422695159912
3760,0.999990000099999,0.9997429847717285
3761,0.999990000099999,0.9997434616088867
3762,0.999990000099999,0.999744176864624
3763,0.999990000099999,0.9997448921203613
3764,0.999990000099999,0.9997453689575195
3765,0.999990000099999,0.9997460842132568
3766,0.999990000099999,0.9997467994689941
3767,0.999990000099999,0.9997472763061523
3768,0.999990000099999,0.9997479915618896
3769,0.999990000099999,0.999748706817627
3770,0.999990000099999,0.9997491836547852
3771,0.999990000099999,0.9997498989105225
3772,0.999990000099999,0.9997506141662598
3773,0.999990000099999,0.999751091003418
3774,0.999990000099999,0.9997518062591553
3775,0.999990000099999,0.9997525215148926
3776,0.999990000099999,0.9997529983520508
3777,0.999990000099999,0.9997537136077881
3778,0.999990000099999,0.9997541904449463
3779,0.999990000099999,0.9997549057006836
3780,0.999990000099999,0.9997556209564209
3781,0.999990000099999,0.9997560977935791
3782,0.999990000099999,0.9997568130493164
3783,0.999990000099999,0.9997572898864746
3784,0.999990000099999,0.9997580051422119
3785,0.999990000099999,0.9997584819793701
3786,0.999990000099999,0.9997591972351074
3787,0.999990000099999,0.9997599124908447
3788,0.999990000099999,0.9997603893280029
3789,0.999990000099999,0.9997611045837402
3790,0.999990000099999,0.9997615814208984
3791,0.999990000099999,0.9997622966766357
3792,0.999990000099999,0.999762773513794
3793,0.999990000099999,0.9997634887695312
3794,0.999990000099999,0.9997639656066895
3795,0.999990000099999,0.9997646808624268
3796,0.999990000099999,0.999765157699585
3797,0.999990000099999,0.9997658729553223
3798,0.999990000099999,0.9997663497924805
3799,0.999990000099999,0.9997670650482178
3800,0.999990000099999,0.999767541885376
3801,0.999990000099999,0.9997682571411133
3802,0.999990000099999,0.9997687339782715
3803,0.999990000099999,0.9997692108154297
3804,0.999990000099999,0.999769926071167
3805,0.999990000099999,0.9997704029083252
3806,0.999990000099999,0.9997711181640625
3807,0.999990000099999,0.9997715950012207
3808,0.999990000099999,0.999772310256958
3809,0.999990000099999,0.9997727870941162
3810,0.999990000099999,0.9997732639312744
3811,0.999990000099999,0.9997739791870117
3812,0.999990000099999,0.9997744560241699
3813,0.999990000099999,0.9997751712799072
3814,0.999990000099999,0.9997756481170654
3815,0.999990000099999,0.9997761249542236
3816,0.999990000099999,0.9997768402099609
3817,0.999990000099999,0.9997773170471191
3818,0.999990000099999,0.9997777938842773
3819,0.999990000099999,0.9997785091400146
3820,0.999990000099999,0.9997789859771729
3821,0.999990000099999,0.999779462814331
3822,0.999990000099999,0.9997801780700684
3823,0.999990000099999,0.9997806549072266
3824,0.999990000099999,0.9997811317443848
3825,0.999990000099999,0.9997818470001221
3826,0.999990000099999,0.9997823238372803
3827,0.999990000099999,0.9997828006744385
3828,0.999990000099999,0.9997835159301758
3829,0.999990000099999,0.999783992767334
3830,0.999990000099999,0.9997844696044922
3831,0.999990000099999,0.9997849464416504
3832,0.999990000099999,0.9997856616973877
3833,0.999990000099999,0.9997861385345459
3834,0.999990000099999,0.9997866153717041
3835,0.999990000099999,0.9997873306274414
3836,0.999990000099999,0.9997878074645996
3837,0.999990000099999,0.9997882843017578
3838,0.999990000099999,0.999788761138916
3839,0.999990000099999,0.9997892379760742
3840,0.999990000099999,0.9997899532318115
3841,0.999990000099999,0.9997904300689697
3842,0.999990000099999,0.9997909069061279
3843,0.999990000099999,0.9997913837432861
3844,0.999990000099999,0.9997920989990234
3845,0.999990000099999,0.9997925758361816
3846,0.999990000099999,0.9997930526733398
3847,0.999990000099999,0.999793529510498
3848,0.999990000099999,0.9997940063476562
3849,0.999990000099999,0.9997947216033936
3850,0.999990000099999,0.9997951984405518
3851,0.999990000099999,0.99979567527771
3852,0.999990000099999,0.9997961521148682
3853,0.999990000099999,0.9997966289520264
3854,0.999990000099999,0.9997971057891846
3855,0.999990000099999,0.9997978210449219
3856,0.999990000099999,0.9997982978820801
3857,0.999990000099999,0.9997987747192383
3858,0.999990000099999,0.9997992515563965
3859,0.999990000099999,0.9997997283935547
3860,0.999990000099999,0.9998002052307129
3861,0.999990000099999,0.9998006820678711
3862,0.999990000099999,0.9998011589050293
3863,0.999990000099999,0.9998016357421875
3864,0.999990000099999,0.9998023509979248
3865,0.999990000099999,0.999802827835083
3866,0.999990000099999,0.9998033046722412
3867,0.999990000099999,0.9998037815093994
3868,0.999990000099999,0.9998042583465576
3869,0.999990000099999,0.9998047351837158
3870,0.999990000099999,0.999805212020874
3871,0.999990000099999,0.9998056888580322
3872,0.999990000099999,0.9998061656951904
3873,0.999990000099999,0.9998066425323486
3874,0.999990000099999,0.9998071193695068
3875,0.999990000099999,0.999807596206665
3876,0.999990000099999,0.9998080730438232
3877,0.999990000099999,0.9998085498809814
3878,0.999990000099999,0.9998090267181396
3879,0.999990000099999,0.9998095035552979
3880,0.999990000099999,0.999809980392456
3881,0.999990000099999,0.9998104572296143
3882,0.999990000099999,0.9998111724853516
3883,0.999990000099999,0.9998116493225098
3884,0.999990000099999,0.999812126159668
3885,0.999990000099999,0.9998123645782471
3886,0.999990000099999,0.9998128414154053
3887,0.999990000099999,0.9998133182525635
3888,0.999990000099999,0.9998137950897217
3889,0.999990000099999,0.9998142719268799
3890,0.999990000099999,0.9998147487640381
3891,0.999990000099999,0.9998152256011963
3892,0.999990000099999,0.9998157024383545
3893,0.999990000099999,0.9998161792755127
3894,0.999990000099999,0.9998166561126709
3895,0.999990000099999,0.9998171329498291
3896,0.999990000099999,0.9998176097869873
3897,0.999990000099999,0.9998180866241455
3898,0.999990000099999,0.9998185634613037
3899,0.999990000099999,0.9998190402984619
3900,0.999990000099999,0.9998195171356201
3901,0.999990000099999,0.9998199939727783
3902,0.999990000099999,0.9998204708099365
3903,0.999990000099999,0.9998209476470947
3904,0.999990000099999,0.9998211860656738
3905,0.999990000099999,0.999821662902832
3906,0.999990000099999,0.9998221397399902
3907,0.999990000099999,0.9998226165771484
3908,0.999990000099999,0.9998230934143066
3909,0.999990000099999,0.9998235702514648
3910,0.999990000099999,0.999824047088623
3911,0.999990000099999,0.9998245239257812
3912,0.999990000099999,0.9998247623443604
3913,0.999990000099999,0.9998252391815186
3914,0.999990000099999,0.9998257160186768
3915,0.999990000099999,0.999826192855835
3916,0.999990000099999,0.9998266696929932
3917,0.999990000099999,0.9998271465301514
3918,0.999990000099999,0.9998276233673096
3919,0.999990000099999,0.9998278617858887
3920,0.999990000099999,0.9998283386230469
3921,0.999990000099999,0.9998288154602051
3922,0.999990000099999,0.9998292922973633
3923,0.999990000099999,0.9998297691345215
3924,0.999990000099999,0.9998300075531006
3925,0.999990000099999,0.9998304843902588
3926,0.999990000099999,0.999830961227417
3927,0.999990000099999,0.9998314380645752
3928,0.999990000099999,0.9998319149017334
3929,0.999990000099999,0.9998321533203125
3930,0.999990000099999,0.9998326301574707
3931,0.999990000099999,0.9998331069946289
3932,0.999990000099999,0.9998335838317871
3933,0.999990000099999,0.9998340606689453
3934,0.999990000099999,0.9998342990875244
3935,0.999990000099999,0.9998347759246826
3936,0.999990000099999,0.9998352527618408
3937,0.999990000099999,0.999835729598999
3938,0.999990000099999,0.9998359680175781
3939,0.999990000099999,0.9998364448547363
3940,0.999990000099999,0.9998369216918945
3941,0.999990000099999,0.9998373985290527
3942,0.999990000099999,0.9998376369476318
3943,0.999990000099999,0.99983811378479
3944,0.999990000099999,0.9998385906219482
3945,0.999990000099999,0.9998388290405273
3946,0.999990000099999,0.9998393058776855
3947,0.999990000099999,0.9998397827148438
3948,0.999990000099999,0.999840259552002
3949,0.999990000099999,0.999840497970581
3950,0.999990000099999,0.9998409748077393
3951,0.999990000099999,0.9998414516448975
3952,0.999990000099999,0.9998416900634766
3953,0.999990000099999,0.9998421669006348
3954,0.999990000099999,0.999842643737793
3955,0.999990000099999,0.9998428821563721
3956,0.999990000099999,0.9998433589935303
3957,0.999990000099999,0.9998438358306885
3958,0.999990000099999,0.9998440742492676
3959,0.999990000099999,0.9998445510864258
3960,0.999990000099999,0.999845027923584
3961,0.999990000099999,0.9998452663421631
3962,0.999990000099999,0.9998457431793213
3963,0.999990000099999,0.9998462200164795
3964,0.999990000099999,0.9998464584350586
3965,0.999990000099999,0.9998469352722168
3966,0.999990000099999,0.9998471736907959
3967,0.999990000099999,0.9998476505279541
3968,0.999990000099999,0.9998481273651123
3969,0.999990000099999,0.9998483657836914
3970,0.999990000099999,0.9998488426208496
3971,0.999990000099999,0.9998493194580078
3972,0.999990000099999,0.9998495578765869
3973,0.999990000099999,0.9998500347137451
3974,0.999990000099999,0.9998502731323242
3975,0.999990000099999,0.9998507499694824
3976,0.999990000099999,0.9998509883880615
3977,0.999990000099999,0.9998514652252197
3978,0.999990000099999,0.9998519420623779
3979,0.999990000099999,0.999852180480957
3980,0.999990000099999,0.9998526573181152
3981,0.999990000099999,0.9998528957366943
3982,0.999990000099999,0.9998533725738525
3983,0.999990000099999,0.9998536109924316
3984,0.999990000099999,0.9998540878295898
3985,0.999990000099999,0.999854564666748
3986,0.999990000099999,0.9998548030853271
3987,0.999990000099999,0.9998552799224854
3988,0.999990000099999,0.9998555183410645
3989,0.999990000099999,0.9998559951782227
3990,0.999990000099999,0.9998562335968018
3991,0.999990000099999,0.99985671043396
3992,0.999990000099999,0.9998569488525391
3993,0.999990000099999,0.9998574256896973
3994,0.999990000099999,0.9998576641082764
3995,0.999990000099999,0.9998581409454346
3996,0.999990000099999,0.9998583793640137
3997,0.999990000099999,0.9998588562011719
3998,0.999990000099999,0.999859094619751
3999,0.999990000099999,0.9998595714569092
4000,0.999990000099999,0.9998598098754883
4001,0.999990000099999,0.9998602867126465
4002,0.999990000099999,0.9998605251312256
4003,0.999990000099999,0.9998610019683838
4004,0.999990000099999,0.9998612403869629
4005,0.999990000099999,0.9998617172241211
4006,0.999990000099999,0.9998619556427002
4007,0.999990000099999,0.9998624324798584
4008,0.999990000099999,0.9998626708984375
4009,0.999990000099999,0.9998631477355957
4010,0.999990000099999,0.9998633861541748
4011,0.999990000099999,0.999863862991333
4012,0.999990000099999,0.9998641014099121
4013,0.999990000099999,0.9998643398284912
4014,0.999990000099999,0.9998648166656494
4015,0.999990000099999,0.9998650550842285
4016,0.999990000099999,0.9998655319213867
4017,0.999990000099999,0.9998657703399658
4018,0.999990000099999,0.999866247177124
4019,0.999990000099999,0.9998664855957031
4020,0.999990000099999,0.9998669624328613
4021,0.999990000099999,0.9998672008514404
4022,0.999990000099999,0.9998674392700195
4023,0.999990000099999,0.9998679161071777
4024,0.999990000099999,0.9998681545257568
4025,0.999990000099999,0.999868631362915
4026,0.999990000099999,0.9998688697814941
4027,0.999990000099999,0.9998691082000732
4028,0.999990000099999,0.9998695850372314
4029,0.999990000099999,0.9998698234558105
4030,0.999990000099999,0.9998703002929688
4031,0.999990000099999,0.9998705387115479
4032,0.999990000099999,0.999870777130127
4033,0.999990000099999,0.9998712539672852
4034,0.999990000099999,0.9998714923858643
4035,0.999990000099999,0.9998717308044434
4036,0.999990000099999,0.9998722076416016
4037,0.999990000099999,0.9998724460601807
4038,0.999990000099999,0.9998729228973389
4039,0.999990000099999,0.999873161315918
4040,0.999990000099999,0.9998733997344971
4041,0.999990000099999,0.9998738765716553
4042,0.999990000099999,0.9998741149902344
4043,0.999990000099999,0.9998743534088135
4044,0.999990000099999,0.9998748302459717
4045,0.999990000099999,0.9998750686645508
4046,0.999990000099999,0.9998753070831299
4047,0.999990000099999,0.9998757839202881
4048,0.999990000099999,0.9998760223388672
4049,0.999990000099999,0.9998762607574463
4050,0.999990000099999,0.9998767375946045
4051,0.999990000099999,0.9998769760131836
4052,0.999990000099999,0.9998772144317627
4053,0.999990000099999,0.9998774528503418
4054,0.999990000099999,0.9998779296875
4055,0.999990000099999,0.9998781681060791
4056,0.999990000099999,0.9998784065246582
4057,0.999990000099999,0.9998788833618164
4058,0.999990000099999,0.9998791217803955
4059,0.999990000099999,0.9998793601989746
4060,0.999990000099999,0.9998798370361328
4061,0.999990000099999,0.9998800754547119
4062,0.999990000099999,0.999880313873291
4063,0.999990000099999,0.9998805522918701
4064,0.999990000099999,0.9998810291290283
4065,0.999990000099999,0.9998812675476074
4066,0.999990000099999,0.9998815059661865
4067,0.999990000099999,0.9998817443847656
4068,0.999990000099999,0.9998822212219238
4069,0.999990000099999,0.9998824596405029
4070,0.999990000099999,0.999882698059082
4071,0.999990000099999,0.9998829364776611
4072,0.999990000099999,0.9998834133148193
4073,0.999990000099999,0.9998836517333984
4074,0.999990000099999,0.9998838901519775
4075,0.999990000099999,0.9998841285705566
4076,0.999990000099999,0.9998846054077148
4077,0.999990000099999,0.999884843826294
4078,0.999990000099999,0.999885082244873
4079,0.999990000099999,0.9998853206634521
4080,0.999990000099999,0.9998857975006104
4081,0.999990000099999,0.9998860359191895
4082,0.999990000099999,0.9998862743377686
4083,0.999990000099999,0.9998865127563477
4084,0.999990000099999,0.9998867511749268
4085,0.999990000099999,0.999887228012085
4086,0.999990000099999,0.9998874664306641
4087,0.999990000099999,0.9998877048492432
4088,0.999990000099999,0.9998879432678223
4089,0.999990000099999,0.9998881816864014
4090,0.999990000099999,0.9998886585235596
4091,0.999990000099999,0.9998888969421387
4092,0.999990000099999,0.9998891353607178
4093,0.999990000099999,0.9998893737792969
4094,0.999990000099999,0.999889612197876
4095,0.999990000099999,0.9998900890350342
4096,0.999990000099999,0.9998903274536133
4097,0.999990000099999,0.9998905658721924
4098,0.999990000099999,0.9998908042907715
4099,0.999990000099999,0.9998910427093506
4100,0.999990000099999,0.9998912811279297
4101,0.999990000099999,0.9998917579650879
4102,0.999990000099999,0.999891996383667
4103,0.999990000099999,0.9998922348022461
4104,0.999990000099999,0.9998924732208252
4105,0.999990000099999,0.9998927116394043
4106,0.999990000099999,0.9998929500579834
4107,0.999990000099999,0.9998931884765625
4108,0.999990000099999,0.9998936653137207
4109,0.999990000099999,0.9998939037322998
4110,0.999990000099999,0.9998941421508789
4111,0.999990000099999,0.999894380569458
4112,0.999990000099999,0.9998946189880371
4113,0.999990000099999,0.9998948574066162
4114,0.999990000099999,0.9998950958251953
4115,0.999990000099999,0.9998953342437744
4116,0.999990000099999,0.9998958110809326
4117,0.999990000099999,0.9998960494995117
4118,0.999990000099999,0.9998962879180908
4119,0.999990000099999,0.9998965263366699
4120,0.999990000099999,0.999896764755249
4121,0.999990000099999,0.9998970031738281
4122,0.999990000099999,0.9998972415924072
4123,0.999990000099999,0.9998974800109863
4124,0.999990000099999,0.9998977184295654
4125,0.999990000099999,0.9998981952667236
4126,0.999990000099999,0.9998984336853027
4127,0.999990000099999,0.9998986721038818
4128,0.999990000099999,0.9998989105224609
4129,0.999990000099999,0.99989914894104
4130,0.999990000099999,0.9998993873596191
4131,0.999990000099999,0.9998996257781982
4132,0.999990000099999,0.9998998641967773
4133,0.999990000099999,0.9999001026153564
4134,0.999990000099999,0.9999003410339355
4135,0.999990000099999,0.9999005794525146
4136,0.999990000099999,0.9999008178710938
4137,0.999990000099999,0.9999010562896729
4138,0.999990000099999,0.999901294708252
4139,0.999990000099999,0.9999017715454102
4140,0.999990000099999,0.9999020099639893
4141,0.999990000099999,0.9999022483825684
4142,0.999990000099999,0.9999024868011475
4143,0.999990000099999,0.9999027252197266
4144,0.999990000099999,0.9999029636383057
4145,0.999990000099999,0.9999032020568848
4146,0.999990000099999,0.9999034404754639
4147,0.999990000099999,0.999903678894043
4148,0.999990000099999,0.9999039173126221
4149,0.999990000099999,0.9999041557312012
4150,0.999990000099999,0.9999043941497803
4151,0.999990000099999,0.9999046325683594
4152,0.999990000099999,0.9999048709869385
4153,0.999990000099999,0.9999051094055176
4154,0.999990000099999,0.9999053478240967
4155,0.999990000099999,0.9999055862426758
4156,0.999990000099999,0.9999058246612549
4157,0.999990000099999,0.999906063079834
4158,0.999990000099999,0.9999063014984131
4159,0.999990000099999,0.9999065399169922
4160,0.999990000099999,0.9999067783355713
4161,0.999990000099999,0.9999070167541504
4162,0.999990000099999,0.9999072551727295
4163,0.999990000099999,0.9999074935913086
4164,0.999990000099999,0.9999077320098877
4165,0.999990000099999,0.9999079704284668
4166,0.999990000099999,0.9999082088470459
4167,0.999990000099999,0.999908447265625
4168,0.999990000099999,0.9999086856842041
4169,0.999990000099999,0.9999089241027832
4170,0.999990000099999,0.9999091625213623
4171,0.999990000099999,0.9999094009399414
4172,0.999990000099999,0.9999096393585205
4173,0.999990000099999,0.9999098777770996
4174,0.999990000099999,0.9999101161956787
4175,0.999990000099999,0.9999103546142578
4176,0.999990000099999,0.9999105930328369
4177,0.999990000099999,0.999910831451416
4178,0.999990000099999,0.9999110698699951
4179,0.999990000099999,0.9999113082885742
4180,0.999990000099999,0.9999115467071533
4181,0.999990000099999,0.9999115467071533
4182,0.999990000099999,0.9999117851257324
4183,0.999990000099999,0.9999120235443115
4184,0.999990000099999,0.9999122619628906
4185,0.999990000099999,0.9999125003814697
4186,0.999990000099999,0.9999127388000488
4187,0.999990000099999,0.9999129772186279
4188,0.999990000099999,0.999913215637207
4189,0.999990000099999,0.9999134540557861
4190,0.999990000099999,0.9999136924743652
4191,0.999990000099999,0.9999139308929443
4192,0.999990000099999,0.9999141693115234
4193,0.999990000099999,0.9999144077301025
4194,0.999990000099999,0.9999146461486816
4195,0.999990000099999,0.9999148845672607
4196,0.999990000099999,0.9999148845672607
4197,0.999990000099999,0.9999151229858398
4198,0.999990000099999,0.999915361404419
4199,0.999990000099999,0.999915599822998
4200,0.999990000099999,0.9999158382415771
4201,0.999990000099999,0.9999160766601562
4202,0.999990000099999,0.9999163150787354
4203,0.999990000099999,0.9999165534973145
4204,0.999990000099999,0.9999167919158936
4205,0.999990000099999,0.9999170303344727
4206,0.999990000099999,0.9999170303344727
4207,0.999990000099999,0.9999172687530518
4208,0.999990000099999,0.9999175071716309
4209,0.999990000099999,0.99991774559021
4210,0.999990000099999,0.9999179840087891
4211,0.999990000099999,0.9999182224273682
4212,0.999990000099999,0.9999184608459473
4213,0.999990000099999,0.9999186992645264
4214,0.999990000099999,0.9999186992645264
4215,0.999990000099999,0.9999189376831055
4216,0.999990000099999,0.9999191761016846
4217,0.999990000099999,0.9999194145202637
4218,0.999990000099999,0.9999196529388428
4219,0.999990000099999,0.9999198913574219
4220,0.999990000099999,0.999920129776001
4221,0.999990000099999,0.9999203681945801
4222,0.999990000099999,0.9999203681945801
4223,0.999990000099999,0.9999206066131592
4224,0.999990000099999,0.9999208450317383
4225,0.999990000099999,0.9999210834503174
4226,0.999990000099999,0.9999213218688965
4227,0.999990000099999,0.9999215602874756
4228,0.999990000099999,0.9999215602874756
4229,0.999990000099999,0.9999217987060547
4230,0.999990000099999,0.9999220371246338
4231,0.999990000099999,0.9999222755432129
4232,0.999990000099999,0.999922513961792
4233,0.999990000099999,0.9999227523803711
4234,0.999990000099999,0.9999227523803711
4235,0.999990000099999,0.9999229907989502
4236,0.999990000099999,0.9999232292175293
4237,0.999990000099999,0.9999234676361084
4238,0.999990000099999,0.9999237060546875
4239,0.999990000099999,0.9999239444732666
4240,0.999990000099999,0.9999239444732666
4241,0.999990000099999,0.9999241828918457
4242,0.999990000099999,0.9999244213104248
4243,0.999990000099999,0.9999246597290039
4244,0.999990000099999,0.999924898147583
4245,0.999990000099999,0.999924898147583
4246,0.999990000099999,0.9999251365661621
4247,0.999990000099999,0.9999253749847412
4248,0.999990000099999,0.9999256134033203
4249,0.999990000099999,0.9999258518218994
4250,0.999990000099999,0.9999258518218994
4251,0.999990000099999,0.9999260902404785
4252,0.999990000099999,0.9999263286590576
4253,0.999990000099999,0.9999265670776367
4254,0.999990000099999,0.9999268054962158
4255,0.999990000099999,0.9999268054962158
4256,0.999990000099999,0.9999270439147949
4257,0.999990000099999,0.999927282333374
4258,0.999990000099999,0.9999275207519531
4259,0.999990000099999,0.9999277591705322
4260,0.999990000099999,0.9999277591705322
4261,0.999990000099999,0.9999279975891113
4262,0.999990000099999,0.9999282360076904
4263,0.999990000099999,0.9999284744262695
4264,0.999990000099999,0.9999284744262695
4265,0.999990000099999,0.9999287128448486
4266,0.999990000099999,0.9999289512634277
4267,0.999990000099999,0.9999291896820068
4268,0.999990000099999,0.9999291896820068
4269,0.999990000099999,0.9999294281005859
4270,0.999990000099999,0.999929666519165
4271,0.999990000099999,0.9999299049377441
4272,0.999990000099999,0.9999299049377441
4273,0.999990000099999,0.9999301433563232
4274,0.999990000099999,0.9999303817749023
4275,0.999990000099999,0.9999306201934814
4276,0.999990000099999,0.9999306201934814
4277,0.999990000099999,0.9999308586120605
4278,0.999990000099999,0.9999310970306396
4279,0.999990000099999,0.9999313354492188
4280,0.999990000099999,0.9999313354492188
4281,0.999990000099999,0.9999315738677979
4282,0.999990000099999,0.999931812286377
4283,0.999990000099999,0.999932050704956
4284,0.999990000099999,0.999932050704956
4285,0.999990000099999,0.9999322891235352
4286,0.999990000099999,0.9999325275421143
4287,0.999990000099999,0.9999327659606934
4288,0.999990000099999,0.9999327659606934
4289,0.999990000099999,0.9999330043792725
4290,0.999990000099999,0.9999332427978516
4291,0.999990000099999,0.9999332427978516
4292,0.999990000099999,0.9999334812164307
4293,0.999990000099999,0.9999337196350098
4294,0.999990000099999,0.9999339580535889
4295,0.999990000099999,0.9999339580535889
4296,0.999990000099999,0.999934196472168
4297,0.999990000099999,0.9999344348907471
4298,0.999990000099999,0.9999344348907471
4299,0.999990000099999,0.9999346733093262
4300,0.999990000099999,0.9999349117279053
4301,0.999990000099999,0.9999351501464844
4302,0.999990000099999,0.9999351501464844
4303,0.999990000099999,0.9999353885650635
4304,0.999990000099999,0.9999356269836426
4305,0.999990000099999,0.9999356269836426
4306,0.999990000099999,0.9999358654022217
4307,0.999990000099999,0.9999361038208008
4308,0.999990000099999,0.9999361038208008
4309,0.999990000099999,0.9999363422393799
4310,0.999990000099999,0.999936580657959
4311,0.999990000099999,0.999936580657959
4312,0.999990000099999,0.9999368190765381
4313,0.999990000099999,0.9999370574951172
4314,0.999990000099999,0.9999370574951172
4315,0.999990000099999,0.9999372959136963
4316,0.999990000099999,0.9999375343322754
4317,0.999990000099999,0.9999375343322754
4318,0.999990000099999,0.9999377727508545
4319,0.999990000099999,0.9999380111694336
4320,0.999990000099999,0.9999380111694336
4321,0.999990000099999,0.9999382495880127
4322,0.999990000099999,0.9999384880065918
4323,0.999990000099999,0.9999384880065918
4324,0.999990000099999,0.9999387264251709
4325,0.999990000099999,0.99993896484375
4326,0.999990000099999,0.99993896484375
4327,0.999990000099999,0.9999392032623291
4328,0.999990000099999,0.9999394416809082
4329,0.999990000099999,0.9999394416809082
4330,0.999990000099999,0.9999396800994873
4331,0.999990000099999,0.9999399185180664
4332,0.999990000099999,0.9999399185180664
4333,0.999990000099999,0.9999401569366455
4334,0.999990000099999,0.9999403953552246
4335,0.999990000099999,0.9999403953552246
4336,0.999990000099999,0.9999406337738037
4337,0.999990000099999,0.9999408721923828
4338,0.999990000099999,0.9999408721923828
4339,0.999990000099999,0.9999411106109619
4340,0.999990000099999,0.9999411106109619
4341,0.999990000099999,0.999941349029541
4342,0.999990000099999,0.9999415874481201
4343,0.999990000099999,0.9999415874481201
4344,0.999990000099999,0.9999418258666992
4345,0.999990000099999,0.9999420642852783
4346,0.999990000099999,0.9999420642852783
4347,0.999990000099999,0.9999423027038574
4348,0.999990000099999,0.9999423027038574
4349,0.999990000099999,0.9999425411224365
4350,0.999990000099999,0.9999427795410156
4351,0.999990000099999,0.9999427795410156
4352,0.999990000099999,0.9999430179595947
4353,0.999990000099999,0.9999432563781738
4354,0.999990000099999,0.9999432563781738
4355,0.999990000099999,0.9999434947967529
4356,0.999990000099999,0.9999434947967529
4357,0.999990000099999,0.999943733215332
4358,0.999990000099999,0.9999439716339111
4359,0.999990000099999,0.9999439716339111
4360,0.999990000099999,0.9999442100524902
4361,0.999990000099999,0.9999442100524902
4362,0.999990000099999,0.9999444484710693
4363,0.999990000099999,0.9999446868896484
4364,0.999990000099999,0.9999446868896484
4365,0.999990000099999,0.9999449253082275
4366,0.999990000099999,0.9999449253082275
4367,0.999990000099999,0.9999451637268066
4368,0.999990000099999,0.9999454021453857
4369,0.999990000099999,0.9999454021453857
4370,0.999990000099999,0.9999456405639648
4371,0.999990000099999,0.9999456405639648
4372,0.999990000099999,0.999945878982544
4373,0.999990000099999,0.999946117401123
4374,0.999990000099999,0.999946117401123
4375,0.999990000099999,0.9999463558197021
4376,0.999990000099999,0.9999463558197021
4377,0.999990000099999,0.9999465942382812
4378,0.999990000099999,0.9999465942382812
4379,0.999990000099999,0.9999468326568604
4380,0.999990000099999,0.9999470710754395
4381,0.999990000099999,0.9999470710754395
4382,0.999990000099999,0.9999473094940186
4383,0.999990000099999,0.9999473094940186
4384,0.999990000099999,0.9999475479125977
4385,0.999990000099999,0.9999475479125977
4386,0.999990000099999,0.9999477863311768
4387,0.999990000099999,0.9999480247497559
4388,0.999990000099999,0.9999480247497559
4389,0.999990000099999,0.999948263168335
4390,0.999990000099999,0.999948263168335
4391,0.999990000099999,0.9999485015869141
4392,0.999990000099999,0.9999485015869141
4393,0.999990000099999,0.9999487400054932
4394,0.999990000099999,0.9999487400054932
4395,0.999990000099999,0.9999489784240723
4396,0.999990000099999,0.9999492168426514
4397,0.999990000099999,0.9999492168426514
4398,0.999990000099999,0.9999494552612305
4399,0.999990000099999,0.9999494552612305
4400,0.999990000099999,0.9999496936798096
4401,0.999990000099999,0.9999496936798096
4402,0.999990000099999,0.9999499320983887
4403,0.999990000099999,0.9999499320983887
4404,0.999990000099999,0.9999501705169678
4405,0.999990000099999,0.9999501705169678
4406,0.999990000099999,0.9999504089355469
4407,0.999990000099999,0.999950647354126
4408,0.999990000099999,0.999950647354126
4409,0.999990000099999,0.9999508857727051
4410,0.999990000099999,0.9999508857727051
4411,0.999990000099999,0.9999511241912842
4412,0.999990000099999,0.9999511241912842
4413,0.999990000099999,0.9999513626098633
4414,0.999990000099999,0.9999513626098633
4415,0.999990000099999,0.9999516010284424
4416,0.999990000099999,0.9999516010284424
4417,0.999990000099999,0.9999518394470215
4418,0.999990000099999,0.9999518394470215
4419,0.999990000099999,0.9999520778656006
4420,0.999990000099999,0.9999520778656006
4421,0.999990000099999,0.9999523162841797
4422,0.999990000099999,0.9999523162841797
4423,0.999990000099999,0.9999525547027588
4424,0.999990000099999,0.9999525547027588
4425,0.999990000099999,0.9999527931213379
4426,0.999990000099999,0.9999527931213379
4427,0.999990000099999,0.999953031539917
4428,0.999990000099999,0.999953031539917
4429,0.999990000099999,0.9999532699584961
4430,0.999990000099999,0.9999532699584961
4431,0.999990000099999,0.9999535083770752
4432,0.999990000099999,0.9999535083770752
4433,0.999990000099999,0.9999537467956543
4434,0.999990000099999,0.9999537467956543
4435,0.999990000099999,0.9999539852142334
4436,0.999990000099999,0.9999539852142334
4437,0.999990000099999,0.9999542236328125
4438,0.999990000099999,0.9999542236328125
4439,0.999990000099999,0.9999544620513916
4440,0.999990000099999,0.9999544620513916
4441,0.999990000099999,0.9999547004699707
4442,0.999990000099999,0.9999547004699707
4443,0.999990000099999,0.9999549388885498
4444,0.999990000099999,0.9999549388885498
4445,0.999990000099999,0.9999551773071289
4446,0.999990000099999,0.9999551773071289
4447,0.999990000099999,0.999955415725708
4448,0.999990000099999,0.999955415725708
4449,0.999990000099999,0.9999556541442871
4450,0.999990000099999,0.9999556541442871
4451,0.999990000099999,0.9999558925628662
4452,0.999990000099999,0.9999558925628662
4453,0.999990000099999,0.9999561309814453
4454,0.999990000099999,0.9999561309814453
4455,0.999990000099999,0.9999563694000244
4456,0.999990000099999,0.9999563694000244
4457,0.999990000099999,0.9999566078186035
4458,0.999990000099999,0.9999566078186035
4459,0.999990000099999,0.9999568462371826
4460,0.999990000099999,0.9999568462371826
4461,0.999990000099999,0.9999568462371826
4462,0.999990000099999,0.9999570846557617
4463,0.999990000099999,0.9999570846557617
4464,0.999990000099999,0.9999573230743408
4465,0.999990000099999,0.9999573230743408
4466,0.999990000099999,0.9999575614929199
4467,0.999990000099999,0.9999575614929199
4468,0.999990000099999,0.999957799911499
4469,0.999990000099999,0.999957799911499
4470,0.999990000099999,0.9999580383300781
4471,0.999990000099999,0.9999580383300781
4472,0.999990000099999,0.9999582767486572
4473,0.999990000099999,0.9999582767486572
4474,0.999990000099999,0.9999582767486572
4475,0.999990000099999,0.9999585151672363
4476,0.999990000099999,0.9999585151672363
4477,0.999990000099999,0.9999587535858154
4478,0.999990000099999,0.9999587535858154
4479,0.999990000099999,0.9999589920043945
4480,0.999990000099999,0.9999589920043945
4481,0.999990000099999,0.9999592304229736
4482,0.999990000099999,0.9999592304229736
4483,0.999990000099999,0.9999592304229736
4484,0.999990000099999,0.9999594688415527
4485,0.999990000099999,0.9999594688415527
4486,0.999990000099999,0.9999597072601318
4487,0.999990000099999,0.9999597072601318
4488,0.999990000099999,0.9999599456787109
4489,0.999990000099999,0.9999599456787109
4490,0.999990000099999,0.9999599456787109
4491,0.999990000099999,0.99996018409729
4492,0.999990000099999,0.99996018409729
4493,0.999990000099999,0.9999604225158691
4494,0.999990000099999,0.9999604225158691
4495,0.999990000099999,0.9999606609344482
4496,0.999990000099999,0.9999606609344482
4497,0.999990000099999,0.9999606609344482
4498,0.999990000099999,0.9999608993530273
4499,0.999990000099999,0.9999608993530273
4500,0.999990000099999,0.9999611377716064
4501,0.999990000099999,0.9999611377716064
4502,0.999990000099999,0.9999613761901855
4503,0.999990000099999,0.9999613761901855
4504,0.999990000099999,0.9999613761901855
4505,0.999990000099999,0.9999616146087646
4506,0.999990000099999,0.9999616146087646
4507,0.999990000099999,0.9999618530273438
4508,0.999990000099999,0.9999618530273438
4509,0.999990000099999,0.9999620914459229
4510,0.999990000099999,0.9999620914459229
4511,0.999990000099999,0.9999620914459229
4512,0.999990000099999,0.999962329864502
4513,0.999990000099999,0.999962329864502
4514,0.999990000099999,0.999962568283081
4515,0.999990000099999,0.999962568283081
4516,0.999990000099999,0.999962568283081
4517,0.999990000099999,0.9999628067016602
4518,0.999990000099999,0.9999628067016602
4519,0.999990000099999,0.9999630451202393
4520,0.999990000099999,0.9999630451202393
4521,0.999990000099999,0.9999630451202393
4522,0.999990000099999,0.9999632835388184
4523,0.999990000099999,0.9999632835388184
4524,0.999990000099999,0.9999635219573975
4525,0.999990000099999,0.9999635219573975
4526,0.999990000099999,0.9999635219573975
4527,0.999990000099999,0.9999637603759766
4528,0.999990000099999,0.9999637603759766
4529,0.999990000099999,0.9999639987945557
4530,0.999990000099999,0.9999639987945557
4531,0.999990000099999,0.9999639987945557
4532,0.999990000099999,0.9999642372131348
4533,0.999990000099999,0.9999642372131348
4534,0.999990000099999,0.9999642372131348
4535,0.999990000099999,0.9999644756317139
4536,0.999990000099999,0.9999644756317139
4537,0.999990000099999,0.999964714050293
4538,0.999990000099999,0.999964714050293
4539,0.999990000099999,0.999964714050293
4540,0.999990000099999,0.9999649524688721
4541,0.999990000099999,0.9999649524688721
4542,0.999990000099999,0.9999651908874512
4543,0.999990000099999,0.9999651908874512
4544,0.999990000099999,0.9999651908874512
4545,0.999990000099999,0.9999654293060303
4546,0.999990000099999,0.9999654293060303
4547,0.999990000099999,0.9999654293060303
4548,0.999990000099999,0.9999656677246094
4549,0.999990000099999,0.9999656677246094
4550,0.999990000099999,0.9999659061431885
4551,0.999990000099999,0.9999659061431885
4552,0.999990000099999,0.9999659061431885
4553,0.999990000099999,0.9999661445617676
4554,0.999990000099999,0.9999661445617676
4555,0.999990000099999,0.9999661445617676
4556,0.999990000099999,0.9999663829803467
4557,0.999990000099999,0.9999663829803467
4558,0.999990000099999,0.9999663829803467
4559,0.999990000099999,0.9999666213989258
4560,0.999990000099999,0.9999666213989258
4561,0.999990000099999,0.9999668598175049
4562,0.999990000099999,0.9999668598175049
4563,0.999990000099999,0.9999668598175049
4564,0.999990000099999,0.999967098236084
4565,0.999990000099999,0.999967098236084
4566,0.999990000099999,0.999967098236084
4567,0.999990000099999,0.9999673366546631
4568,0.999990000099999,0.9999673366546631
4569,0.999990000099999,0.9999673366546631
4570,0.999990000099999,0.9999675750732422
4571,0.999990000099999,0.9999675750732422
4572,0.999990000099999,0.9999675750732422
4573,0.999990000099999,0.9999678134918213
4574,0.999990000099999,0.9999678134918213
4575,0.999990000099999,0.9999680519104004
4576,0.999990000099999,0.9999680519104004
4577,0.999990000099999,0.9999680519104004
4578,0.999990000099999,0.9999682903289795
4579,0.999990000099999,0.9999682903289795
4580,0.999990000099999,0.9999682903289795
4581,0.999990000099999,0.9999685287475586
4582,0.999990000099999,0.9999685287475586
4583,0.999990000099999,0.9999685287475586
4584,0.999990000099999,0.9999687671661377
4585,0.999990000099999,0.9999687671661377
4586,0.999990000099999,0.9999687671661377
4587,0.999990000099999,0.9999690055847168
4588,0.999990000099999,0.9999690055847168
4589,0.999990000099999,0.9999690055847168
4590,0.999990000099999,0.9999692440032959
4591,0.999990000099999,0.9999692440032959
4592,0.999990000099999,0.9999692440032959
4593,0.999990000099999,0.999969482421875
4594,0.999990000099999,0.999969482421875
4595,0.999990000099999,0.999969482421875
4596,0.999990000099999,0.9999697208404541
4597,0.999990000099999,0.9999697208404541
4598,0.999990000099999,0.9999697208404541
4599,0.999990000099999,0.9999699592590332
4600,0.999990000099999,0.9999699592590332
4601,0.999990000099999,0.9999699592590332
4602,0.999990000099999,0.9999701976776123
4603,0.999990000099999,0.9999701976776123
4604,0.999990000099999,0.9999701976776123
4605,0.999990000099999,0.9999704360961914
4606,0.999990000099999,0.9999704360961914
4607,0.999990000099999,0.9999704360961914
4608,0.999990000099999,0.9999706745147705
4609,0.999990000099999,0.9999706745147705
4610,0.999990000099999,0.9999706745147705
4611,0.999990000099999,0.9999709129333496
4612,0.999990000099999,0.9999709129333496
4613,0.999990000099999,0.9999709129333496
4614,0.999990000099999,0.9999709129333496
4615,0.999990000099999,0.9999711513519287
4616,0.999990000099999,0.9999711513519287
4617,0.999990000099999,0.9999711513519287
4618,0.999990000099999,0.9999713897705078
4619,0.999990000099999,0.9999713897705078
4620,0.999990000099999,0.9999713897705078
4621,0.999990000099999,0.9999716281890869
4622,0.999990000099999,0.9999716281890869
4623,0.999990000099999,0.9999716281890869
4624,0.999990000099999,0.999971866607666
4625,0.999990000099999,0.999971866607666
4626,0.999990000099999,0.999971866607666
4627,0.999990000099999,0.9999721050262451
4628,0.999990000099999,0.9999721050262451
4629,0.999990000099999,0.9999721050262451
4630,0.999990000099999,0.9999721050262451
4631,0.999990000099999,0.9999723434448242
4632,0.999990000099999,0.9999723434448242
4633,0.999990000099999,0.9999723434448242
4634,0.999990000099999,0.9999725818634033
4635,0.999990000099999,0.9999725818634033
4636,0.999990000099999,0.9999725818634033
4637,0.999990000099999,0.9999728202819824
4638,0.999990000099999,0.9999728202819824
4639,0.999990000099999,0.9999728202819824
4640,0.999990000099999,0.9999728202819824
4641,0.999990000099999,0.9999730587005615
4642,0.999990000099999,0.9999730587005615
4643,0.999990000099999,0.9999730587005615
4644,0.999990000099999,0.9999732971191406
4645,0.999990000099999,0.9999732971191406
4646,0.999990000099999,0.9999732971191406
4647,0.999990000099999,0.9999732971191406
4648,0.999990000099999,0.9999735355377197
4649,0.999990000099999,0.9999735355377197
4650,0.999990000099999,0.9999735355377197
4651,0.999990000099999,0.9999737739562988
4652,0.999990000099999,0.9999737739562988
4653,0.999990000099999,0.9999737739562988
4654,0.999990000099999,0.9999737739562988
4655,0.999990000099999,0.9999740123748779
4656,0.999990000099999,0.9999740123748779
4657,0.999990000099999,0.9999740123748779
4658,0.999990000099999,0.999974250793457
4659,0.999990000099999,0.999974250793457
4660,0.999990000099999,0.999974250793457
4661,0.999990000099999,0.999974250793457
4662,0.999990000099999,0.9999744892120361
4663,0.999990000099999,0.9999744892120361
4664,0.999990000099999,0.9999744892120361
4665,0.999990000099999,0.9999747276306152
4666,0.999990000099999,0.9999747276306152
4667,0.999990000099999,0.9999747276306152
4668,0.999990000099999,0.9999747276306152
4669,0.999990000099999,0.9999749660491943
4670,0.999990000099999,0.9999749660491943
4671,0.999990000099999,0.9999749660491943
4672,0.999990000099999,0.9999749660491943
4673,0.999990000099999,0.9999752044677734
4674,0.999990000099999,0.9999752044677734
4675,0.999990000099999,0.9999752044677734
4676,0.999990000099999,0.9999754428863525
4677,0.999990000099999,0.9999754428863525
4678,0.999990000099999,0.9999754428863525
4679,0.999990000099999,0.9999754428863525
4680,0.999990000099999,0.9999756813049316
4681,0.999990000099999,0.9999756813049316
4682,0.999990000099999,0.9999756813049316
4683,0.999990000099999,0.9999756813049316
4684,0.999990000099999,0.9999759197235107
4685,0.999990000099999,0.9999759197235107
4686,0.999990000099999,0.9999759197235107
4687,0.999990000099999,0.9999759197235107
4688,0.999990000099999,0.9999761581420898
4689,0.999990000099999,0.9999761581420898
4690,0.999990000099999,0.9999761581420898
4691,0.999990000099999,0.999976396560669
4692,0.999990000099999,0.999976396560669
4693,0.999990000099999,0.999976396560669
4694,0.999990000099999,0.999976396560669
4695,0.999990000099999,0.999976634979248
4696,0.999990000099999,0.999976634979248
4697,0.999990000099999,0.999976634979248
4698,0.999990000099999,0.999976634979248
4699,0.999990000099999,0.9999768733978271
4700,0.999990000099999,0.9999768733978271
4701,0.999990000099999,0.9999768733978271
4702,0.999990000099999,0.9999768733978271
4703,0.999990000099999,0.9999771118164062
4704,0.999990000099999,0.9999771118164062
4705,0.999990000099999,0.9999771118164062
4706,0.999990000099999,0.9999771118164062
4707,0.999990000099999,0.9999773502349854
4708,0.999990000099999,0.9999773502349854
4709,0.999990000099999,0.9999773502349854
4710,0.999990000099999,0.9999773502349854
4711,0.999990000099999,0.9999775886535645
4712,0.999990000099999,0.9999775886535645
4713,0.999990000099999,0.9999775886535645
4714,0.999990000099999,0.9999775886535645
4715,0.999990000099999,0.9999778270721436
4716,0.999990000099999,0.9999778270721436
4717,0.999990000099999,0.9999778270721436
4718,0.999990000099999,0.9999778270721436
4719,0.999990000099999,0.9999778270721436
4720,0.999990000099999,0.9999780654907227
4721,0.999990000099999,0.9999780654907227
4722,0.999990000099999,0.9999780654907227
4723,0.999990000099999,0.9999780654907227
4724,0.999990000099999,0.9999783039093018
4725,0.999990000099999,0.9999783039093018
4726,0.999990000099999,0.9999783039093018
4727,0.999990000099999,0.9999783039093018
4728,0.999990000099999,0.9999785423278809
4729,0.999990000099999,0.9999785423278809
4730,0.999990000099999,0.9999785423278809
4731,0.999990000099999,0.9999785423278809
4732,0.999990000099999,0.99997878074646
4733,0.999990000099999,0.99997878074646
4734,0.999990000099999,0.99997878074646
4735,0.999990000099999,0.99997878074646
4736,0.999990000099999,0.99997878074646
4737,0.999990000099999,0.9999790191650391
4738,0.999990000099999,0.9999790191650391
4739,0.999990000099999,0.9999790191650391
4740,0.999990000099999,0.9999790191650391
4741,0.999990000099999,0.9999792575836182
4742,0.999990000099999,0.9999792575836182
4743,0.999990000099999,0.9999792575836182
4744,0.999990000099999,0.9999792575836182
4745,0.999990000099999,0.9999794960021973
4746,0.999990000099999,0.9999794960021973
4747,0.999990000099999,0.9999794960021973
4748,0.999990000099999,0.9999794960021973
4749,0.999990000099999,0.9999794960021973
4750,0.999990000099999,0.9999797344207764
4751,0.999990000099999,0.9999797344207764
4752,0.999990000099999,0.9999797344207764
4753,0.999990000099999,0.9999797344207764
4754,0.999990000099999,0.9999799728393555
4755,0.999990000099999,0.9999799728393555
4756,0.999990000099999,0.9999799728393555
4757,0.999990000099999,0.9999799728393555
4758,0.999990000099999,0.9999799728393555
4759,0.999990000099999,0.9999802112579346
4760,0.999990000099999,0.9999802112579346
4761,0.999990000099999,0.9999802112579346
4762,0.999990000099999,0.9999802112579346
4763,0.999990000099999,0.9999804496765137
4764,0.999990000099999,0.9999804496765137
4765,0.999990000099999,0.9999804496765137
4766,0.999990000099999,0.9999804496765137
4767,0.999990000099999,0.9999804496765137
4768,0.999990000099999,0.9999806880950928
4769,0.999990000099999,0.9999806880950928
4770,0.999990000099999,0.9999806880950928
4771,0.999990000099999,0.9999806880950928
4772,0.999990000099999,0.9999806880950928
4773,0.999990000099999,0.9999809265136719
4774,0.999990000099999,0.9999809265136719
4775,0.999990000099999,0.9999809265136719
4776,0.999990000099999,0.9999809265136719
4777,0.999990000099999,0.9999809265136719
4778,0.999990000099999,0.999981164932251
4779,0.999990000099999,0.999981164932251
4780,0.999990000099999,0.999981164932251
4781,0.999990000099999,0.999981164932251
4782,0.999990000099999,0.999981164932251
4783,0.999990000099999,0.9999814033508301
4784,0.999990000099999,0.9999814033508301
4785,0.999990000099999,0.9999814033508301
4786,0.999990000099999,0.9999814033508301
4787,0.999990000099999,0.9999816417694092
4788,0.999990000099999,0.9999816417694092
4789,0.999990000099999,0.9999816417694092
4790,0.999990000099999,0.9999816417694092
4791,0.999990000099999,0.9999816417694092
4792,0.999990000099999,0.9999818801879883
4793,0.999990000099999,0.9999818801879883
4794,0.999990000099999,0.9999818801879883
4795,0.999990000099999,0.9999818801879883
4796,0.999990000099999,0.9999818801879883
4797,0.999990000099999,0.9999821186065674
4798,0.999990000099999,0.9999821186065674
4799,0.999990000099999,0.9999821186065674
4800,0.999990000099999,0.9999821186065674
4801,0.999990000099999,0.9999821186065674
4802,0.999990000099999,0.9999821186065674
4803,0.999990000099999,0.9999823570251465
4804,0.999990000099999,0.9999823570251465
4805,0.999990000099999,0.9999823570251465
4806,0.999990000099999,0.9999823570251465
4807,0.999990000099999,0.9999823570251465
4808,0.999990000099999,0.9999825954437256
4809,0.999990000099999,0.9999825954437256
4810,0.999990000099999,0.9999825954437256
4811,0.999990000099999,0.9999825954437256
4812,0.999990000099999,0.9999825954437256
4813,0.999990000099999,0.9999828338623047
4814,0.999990000099999,0.9999828338623047
4815,0.999990000099999,0.9999828338623047
4816,0.999990000099999,0.9999828338623047
4817,0.999990000099999,0.9999828338623047
4818,0.999990000099999,0.9999830722808838
4819,0.999990000099999,0.9999830722808838
4820,0.999990000099999,0.9999830722808838
4821,0.999990000099999,0.9999830722808838
4822,0.999990000099999,0.9999830722808838
4823,0.999990000099999,0.9999830722808838
4824,0.999990000099999,0.9999833106994629
4825,0.999990000099999,0.9999833106994629
4826,0.999990000099999,0.9999833106994629
4827,0.999990000099999,0.9999833106994629
4828,0.999990000099999,0.9999833106994629
4829,0.999990000099999,0.999983549118042
4830,0.999990000099999,0.999983549118042
4831,0.999990000099999,0.999983549118042
4832,0.999990000099999,0.999983549118042
4833,0.999990000099999,0.999983549118042
4834,0.999990000099999,0.999983549118042
4835,0.999990000099999,0.9999837875366211
4836,0.999990000099999,0.9999837875366211
4837,0.999990000099999,0.9999837875366211
4838,0.999990000099999,0.9999837875366211
4839,0.999990000099999,0.9999837875366211
4840,0.999990000099999,0.9999840259552002
4841,0.999990000099999,0.9999840259552002
4842,0.999990000099999,0.9999840259552002
4843,0.999990000099999,0.9999840259552002
4844,0.999990000099999,0.9999840259552002
4845,0.999990000099999,0.9999840259552002
4846,0.999990000099999,0.9999842643737793
4847,0.999990000099999,0.9999842643737793
4848,0.999990000099999,0.9999842643737793
4849,0.999990000099999,0.9999842643737793
4850,0.999990000099999,0.9999842643737793
4851,0.999990000099999,0.9999842643737793
4852,0.999990000099999,0.9999845027923584
4853,0.999990000099999,0.9999845027923584
4854,0.999990000099999,0.9999845027923584
4855,0.999990000099999,0.9999845027923584
4856,0.999990000099999,0.9999845027923584
4857,0.999990000099999,0.9999845027923584
4858,0.999990000099999,0.9999847412109375
4859,0.999990000099999,0.9999847412109375
4860,0.999990000099999,0.9999847412109375
4861,0.999990000099999,0.9999847412109375
4862,0.999990000099999,0.9999847412109375
4863,0.999990000099999,0.9999847412109375
4864,0.999990000099999,0.9999849796295166
4865,0.999990000099999,0.9999849796295166
4866,0.999990000099999,0.9999849796295166
4867,0.999990000099999,0.9999849796295166
4868,0.999990000099999,0.9999849796295166
4869,0.999990000099999,0.9999849796295166
4870,0.999990000099999,0.9999852180480957
4871,0.999990000099999,0.9999852180480957
4872,0.999990000099999,0.9999852180480957
4873,0.999990000099999,0.9999852180480957
4874,0.999990000099999,0.9999852180480957
4875,0.999990000099999,0.9999852180480957
4876,0.999990000099999,0.9999854564666748
4877,0.999990000099999,0.9999854564666748
4878,0.999990000099999,0.9999854564666748
4879,0.999990000099999,0.9999854564666748
4880,0.999990000099999,0.9999854564666748
4881,0.999990000099999,0.9999854564666748
4882,0.999990000099999,0.9999856948852539
4883,0.999990000099999,0.9999856948852539
4884,0.999990000099999,0.9999856948852539
4885,0.999990000099999,0.9999856948852539
4886,0.999990000099999,0.9999856948852539
4887,0.999990000099999,0.9999856948852539
4888,0.999990000099999,0.9999856948852539
4889,0.999990000099999,0.999985933303833
4890,0.999990000099999,0.999985933303833
4891,0.999990000099999,0.999985933303833
4892,0.999990000099999,0.999985933303833
4893,0.999990000099999,0.999985933303833
4894,0.999990000099999,0.999985933303833
4895,0.999990000099999,0.9999861717224121
4896,0.999990000099999,0.9999861717224121
4897,0.999990000099999,0.9999861717224121
4898,0.999990000099999,0.9999861717224121
4899,0.999990000099999,0.9999861717224121
4900,0.999990000099999,0.9999861717224121
4901,0.999990000099999,0.9999861717224121
4902,0.999990000099999,0.9999864101409912
4903,0.999990000099999,0.9999864101409912
4904,0.999990000099999,0.9999864101409912
4905,0.999990000099999,0.9999864101409912
4906,0.999990000099999,0.9999864101409912
4907,0.999990000099999,0.9999864101409912
4908,0.999990000099999,0.9999866485595703
4909,0.999990000099999,0.9999866485595703
4910,0.999990000099999,0.9999866485595703
4911,0.999990000099999,0.9999866485595703
4912,0.999990000099999,0.9999866485595703
4913,0.999990000099999,0.9999866485595703
4914,0.999990000099999,0.9999866485595703
4915,0.999990000099999,0.9999868869781494
4916,0.999990000099999,0.9999868869781494
4917,0.999990000099999,0.9999868869781494
4918,0.999990000099999,0.9999868869781494
4919,0.999990000099999,0.9999868869781494
4920,0.999990000099999,0.9999868869781494
4921,0.999990000099999,0.9999868869781494
4922,0.999990000099999,0.9999871253967285
4923,0.999990000099999,0.9999871253967285
4924,0.999990000099999,0.9999871253967285
4925,0.999990000099999,0.9999871253967285
4926,0.999990000099999,0.9999871253967285
4927,0.999990000099999,0.9999871253967285
4928,0.999990000099999,0.9999871253967285
4929,0.999990000099999,0.9999873638153076
4930,0.999990000099999,0.9999873638153076
4931,0.999990000099999,0.9999873638153076
4932,0.999990000099999,0.9999873638153076
4933,0.999990000099999,0.9999873638153076
4934,0.999990000099999,0.9999873638153076
4935,0.999990000099999,0.9999873638153076
4936,0.999990000099999,0.9999876022338867
4937,0.999990000099999,0.9999876022338867
4938,0.999990000099999,0.9999876022338867
4939,0.999990000099999,0.9999876022338867
4940,0.999990000099999,0.9999876022338867
4941,0.999990000099999,0.9999876022338867
4942,0.999990000099999,0.9999876022338867
4943,0.999990000099999,0.9999876022338867
4944,0.999990000099999,0.9999878406524658
4945,0.999990000099999,0.9999878406524658
4946,0.999990000099999,0.9999878406524658
4947,0.999990000099999,0.9999878406524658
4948,0.999990000099999,0.9999878406524658
4949,0.999990000099999,0.9999878406524658
4950,0.999990000099999,0.9999878406524658
4951,0.999990000099999,0.9999880790710449
4952,0.999990000099999,0.9999880790710449
4953,0.999990000099999,0.9999880790710449
4954,0.999990000099999,0.9999880790710449
4955,0.999990000099999,0.9999880790710449
4956,0.999990000099999,0.9999880790710449
4957,0.999990000099999,0.9999880790710449
4958,0.999990000099999,0.9999880790710449
4959,0.999990000099999,0.999988317489624
4960,0.999990000099999,0.999988317489624
4961,0.999990000099999,0.999988317489624
4962,0.999990000099999,0.999988317489624
4963,0.999990000099999,0.999988317489624
4964,0.999990000099999,0.999988317489624
4965,0.999990000099999,0.999988317489624
4966,0.999990000099999,0.999988317489624
4967,0.999990000099999,0.9999885559082031
4968,0.999990000099999,0.9999885559082031
4969,0.999990000099999,0.9999885559082031
4970,0.999990000099999,0.9999885559082031
4971,0.999990000099999,0.9999885559082031
4972,0.999990000099999,0.9999885559082031
4973,0.999990000099999,0.9999885559082031
4974,0.999990000099999,0.9999887943267822
4975,0.999990000099999,0.9999887943267822
4976,0.999990000099999,0.9999887943267822
4977,0.999990000099999,0.9999887943267822
4978,0.999990000099999,0.9999887943267822
4979,0.999990000099999,0.9999887943267822
4980,0.999990000099999,0.9999887943267822
4981,0.999990000099999,0.9999887943267822
4982,0.999990000099999,0.9999887943267822
4983,0.999990000099999,0.9999890327453613
4984,0.999990000099999,0.9999890327453613
4985,0.999990000099999,0.9999890327453613
4986,0.999990000099999,0.9999890327453613
4987,0.999990000099999,0.9999890327453613
4988,0.999990000099999,0.9999890327453613
4989,0.999990000099999,0.9999890327453613
4990,0.999990000099999,0.9999890327453613
4991,0.999990000099999,0.9999892711639404
4992,0.999990000099999,0.9999892711639404
4993,0.999990000099999,0.9999892711639404
4994,0.999990000099999,0.9999892711639404
4995,0.999990000099999,0.9999892711639404
4996,0.999990000099999,0.9999892711639404
4997,0.999990000099999,0.9999892711639404
4998,0.999990000099999,0.9999892711639404
4999,0.999990000099999,0.9999895095825195
5000,0.999990000099999,0.9999895095825195
5001,0.999990000099999,0.9999895095825195
5002,0.999990000099999,0.9999895095825195
5003,0.999990000099999,0.9999895095825195
5004,0.999990000099999,0.9999895095825195
5005,0.999990000099999,0.9999895095825195
5006,0.999990000099999,0.9999895095825195
5007,0.999990000099999,0.9999895095825195
5008,0.999990000099999,0.9999897480010986
5009,0.999990000099999,0.9999897480010986
5010,0.999990000099999,0.9999897480010986
5011,0.999990000099999,0.9999897480010986
5012,0.999990000099999,0.9999897480010986
5013,0.999990000099999,0.9999897480010986
5014,0.999990000099999,0.9999897480010986
5015,0.999990000099999,0.9999897480010986
5016,0.999990000099999,0.9999897480010986
5017,0.999990000099999,0.9999899864196777
5018,0.999990000099999,0.9999899864196777
5019,0.999990000099999,0.9999899864196777
5020,0.999990000099999,0.9999899864196777
5021,0.999990000099999,0.9999899864196777
5022,0.999990000099999,0.9999899864196777
5023,0.999990000099999,0.9999899864196777
5024,0.999990000099999,0.9999899864196777
5025,0.999990000099999,0.9999899864196777
5026,0.999990000099999,0.9999902248382568
5027,0.999990000099999,0.9999902248382568
5028,0.999990000099999,0.9999902248382568
5029,0.999990000099999,0.9999902248382568
5030,0.999990000099999,0.9999902248382568
5031,0.999990000099999,0.9999902248382568
5032,0.999990000099999,0.9999902248382568
5033,0.999990000099999,0.9999902248382568
5034,0.999990000099999,0.9999902248382568
5035,0.999990000099999,0.9999904632568359
5036,0.999990000099999,0.9999904632568359
5037,0.999990000099999,0.9999904632568359
5038,0.999990000099999,0.9999904632568359
5039,0.999990000099999,0.9999904632568359
5040,0.999990000099999,0.9999904632568359
5041,0.999990000099999,0.9999904632568359
5042,0.999990000099999,0.9999904632568359
5043,0.999990000099999,0.9999904632568359
5044,0.999990000099999,0.9999904632568359
5045,0.999990000099999,0.999990701675415
5046,0.999990000099999,0.999990701675415
5047,0.999990000099999,0.999990701675415
5048,0.999990000099999,0.999990701675415
5049,0.999990000099999,0.999990701675415
5050,0.999990000099999,0.999990701675415
5051,0.999990000099999,0.999990701675415
5052,0.999990000099999,0.999990701675415
5053,0.999990000099999,0.999990701675415
5054,0.999990000099999,0.9999909400939941
5055,0.999990000099999,0.9999909400939941
5056,0.999990000099999,0.9999909400939941
5057,0.999990000099999,0.9999909400939941
5058,0.999990000099999,0.9999909400939941
5059,0.999990000099999,0.9999909400939941
5060,0.999990000099999,0.9999909400939941
5061,0.999990000099999,0.9999909400939941
5062,0.999990000099999,0.9999909400939941
5063,0.999990000099999,0.9999909400939941
5064,0.999990000099999,0.9999911785125732
5065,0.999990000099999,0.9999911785125732
5066,0.999990000099999,0.9999911785125732
5067,0.999990000099999,0.9999911785125732
5068,0.999990000099999,0.9999911785125732
5069,0.999990000099999,0.9999911785125732
5070,0.999990000099999,0.9999911785125732
5071,0.999990000099999,0.9999911785125732
5072,0.999990000099999,0.9999911785125732
5073,0.999990000099999,0.9999911785125732
5074,0.999990000099999,0.9999911785125732
5075,0.999990000099999,0.9999914169311523
5076,0.999990000099999,0.9999914169311523
5077,0.999990000099999,0.9999914169311523
5078,0.999990000099999,0.9999914169311523
5079,0.999990000099999,0.9999914169311523
5080,0.999990000099999,0.9999914169311523
5081,0.999990000099999,0.9999914169311523
5082,0.999990000099999,0.9999914169311523
5083,0.999990000099999,0.9999914169311523
5084,0.999990000099999,0.9999914169311523
5085,0.999990000099999,0.9999916553497314
5086,0.999990000099999,0.9999916553497314
5087,0.999990000099999,0.9999916553497314
5088,0.999990000099999,0.9999916553497314
5089,0.999990000099999,0.9999916553497314
5090,0.999990000099999,0.9999916553497314
5091,0.999990000099999,0.9999916553497314
5092,0.999990000099999,0.9999916553497314
5093,0.999990000099999,0.9999916553497314
5094,0.999990000099999,0.9999916553497314
5095,0.999990000099999,0.9999916553497314
5096,0.999990000099999,0.9999918937683105
5097,0.999990000099999,0.9999918937683105
5098,0.999990000099999,0.9999918937683105
5099,0.999990000099999,0.9999918937683105
5100,0.999990000099999,0.9999918937683105
5101,0.999990000099999,0.9999918937683105
5102,0.999990000099999,0.9999918937683105
5103,0.999990000099999,0.9999918937683105
5104,0.999990000099999,0.9999918937683105
5105,0.999990000099999,0.9999918937683105
5106,0.999990000099999,0.9999918937683105
5107,0.999990000099999,0.9999921321868896
5108,0.999990000099999,0.9999921321868896
5109,0.999990000099999,0.9999921321868896
5110,0.999990000099999,0.9999921321868896
5111,0.999990000099999,0.9999921321868896
5112,0.999990000099999,0.9999921321868896
5113,0.999990000099999,0.9999921321868896
5114,0.999990000099999,0.9999921321868896
5115,0.999990000099999,0.9999921321868896
5116,0.999990000099999,0.9999921321868896
5117,0.999990000099999,0.9999921321868896
5118,0.999990000099999,0.9999921321868896
5119,0.999990000099999,0.9999923706054688
5120,0.999990000099999,0.9999923706054688
5121,0.999990000099999,0.9999923706054688
5122,0.999990000099999,0.9999923706054688
5123,0.999990000099999,0.9999923706054688
5124,0.999990000099999,0.9999923706054688
5125,0.999990000099999,0.9999923706054688
5126,0.999990000099999,0.9999923706054688
5127,0.999990000099999,0.9999923706054688
5128,0.999990000099999,0.9999923706054688
5129,0.999990000099999,0.9999923706054688
5130,0.999990000099999,0.9999926090240479
5131,0.999990000099999,0.9999926090240479
5132,0.999990000099999,0.9999926090240479
5133,0.999990000099999,0.9999926090240479
5134,0.999990000099999,0.9999926090240479
5135,0.999990000099999,0.9999926090240479
5136,0.999990000099999,0.9999926090240479
5137,0.999990000099999,0.9999926090240479
5138,0.999990000099999,0.9999926090240479
5139,0.999990000099999,0.9999926090240479
5140,0.999990000099999,0.9999926090240479
5141,0.999990000099999,0.9999926090240479
5142,0.999990000099999,0.9999926090240479
5143,0.999990000099999,0.999992847442627
5144,0.999990000099999,0.999992847442627
5145,0.999990000099999,0.999992847442627
5146,0.999990000099999,0.999992847442627
5147,0.999990000099999,0.999992847442627
5148,0.999990000099999,0.999992847442627
5149,0.999990000099999,0.999992847442627
5150,0.999990000099999,0.999992847442627
5151,0.999990000099999,0.999992847442627
5152,0.999990000099999,0.999992847442627
5153,0.999990000099999,0.999992847442627
5154,0.999990000099999,0.999992847442627
5155,0.999990000099999,0.999993085861206
5156,0.999990000099999,0.999993085861206
5157,0.999990000099999,0.999993085861206
5158,0.999990000099999,0.999993085861206
5159,0.999990000099999,0.999993085861206
5160,0.999990000099999,0.999993085861206
5161,0.999990000099999,0.999993085861206
5162,0.999990000099999,0.999993085861206
5163,0.999990000099999,0.999993085861206
5164,0.999990000099999,0.999993085861206
5165,0.999990000099999,0.999993085861206
5166,0.999990000099999,0.999993085861206
5167,0.999990000099999,0.999993085861206
5168,0.999990000099999,0.9999933242797852
5169,0.999990000099999,0.9999933242797852
5170,0.999990000099999,0.9999933242797852
5171,0.999990000099999,0.9999933242797852
5172,0.999990000099999,0.9999933242797852
5173,0.999990000099999,0.9999933242797852
5174,0.999990000099999,0.9999933242797852
5175,0.999990000099999,0.9999933242797852
5176,0.999990000099999,0.9999933242797852
5177,0.999990000099999,0.9999933242797852
5178,0.999990000099999,0.9999933242797852
5179,0.999990000099999,0.9999933242797852
5180,0.999990000099999,0.9999933242797852
5181,0.999990000099999,0.9999933242797852
5182,0.999990000099999,0.9999935626983643
5183,0.999990000099999,0.9999935626983643
5184,0.999990000099999,0.9999935626983643
5185,0.999990000099999,0.9999935626983643
5186,0.999990000099999,0.9999935626983643
5187,0.999990000099999,0.9999935626983643
5188,0.999990000099999,0.9999935626983643
5189,0.999990000099999,0.9999935626983643
5190,0.999990000099999,0.9999935626983643
5191,0.999990000099999,0.9999935626983643
5192,0.999990000099999,0.9999935626983643
5193,0.999990000099999,0.9999935626983643
5194,0.999990000099999,0.9999935626983643
5195,0.999990000099999,0.9999935626983643
5196,0.999990000099999,0.9999938011169434
5197,0.999990000099999,0.9999938011169434
5198,0.999990000099999,0.9999938011169434
5199,0.999990000099999,0.9999938011169434
5200,0.999990000099999,0.9999938011169434
5201,0.999990000099999,0.9999938011169434
5202,0.999990000099999,0.9999938011169434
5203,0.999990000099999,0.9999938011169434
5204,0.999990000099999,0.9999938011169434
5205,0.999990000099999,0.9999938011169434
5206,0.999990000099999,0.9999938011169434
5207,0.999990000099999,0.9999938011169434
5208,0.999990000099999,0.9999938011169434
5209,0.999990000099999,0.9999938011169434
5210,0.999990000099999,0.9999940395355225
5211,0.999990000099999,0.9999940395355225
5212,0.999990000099999,0.9999940395355225
5213,0.999990000099999,0.9999940395355225
5214,0.999990000099999,0.9999940395355225
5215,0.999990000099999,0.9999940395355225
5216,0.999990000099999,0.9999940395355225
5217,0.999990000099999,0.9999940395355225
5218,0.999990000099999,0.9999940395355225
5219,0.999990000099999,0.9999940395355225
5220,0.999990000099999,0.9999940395355225
5221,0.999990000099999,0.9999940395355225
5222,0.999990000099999,0.9999940395355225
5223,0.999990000099999,0.9999940395355225
5224,0.999990000099999,0.9999940395355225
5225,0.999990000099999,0.9999942779541016
5226,0.999990000099999,0.9999942779541016
5227,0.999990000099999,0.9999942779541016
5228,0.999990000099999,0.9999942779541016
5229,0.999990000099999,0.9999942779541016
5230,0.999990000099999,0.9999942779541016
5231,0.999990000099999,0.9999942779541016
5232,0.999990000099999,0.9999942779541016
5233,0.999990000099999,0.9999942779541016
5234,0.999990000099999,0.9999942779541016
5235,0.999990000099999,0.9999942779541016
5236,0.999990000099999,0.9999942779541016
5237,0.999990000099999,0.9999942779541016
5238,0.999990000099999,0.9999942779541016
5239,0.999990000099999,0.9999942779541016
5240,0.999990000099999,0.9999942779541016
5241,0.999990000099999,0.9999945163726807
5242,0.999990000099999,0.9999945163726807
5243,0.999990000099999,0.9999945163726807
5244,0.999990000099999,0.9999945163726807
5245,0.999990000099999,0.9999945163726807
5246,0.999990000099999,0.9999945163726807
5247,0.999990000099999,0.9999945163726807
5248,0.999990000099999,0.9999945163726807
5249,0.999990000099999,0.9999945163726807
5250,0.999990000099999,0.9999945163726807
5251,0.999990000099999,0.9999945163726807
5252,0.999990000099999,0.9999945163726807
5253,0.999990000099999,0.9999945163726807
5254,0.999990000099999,0.9999945163726807
5255,0.999990000099999,0.9999945163726807
5256,0.999990000099999,0.9999945163726807
5257,0.999990000099999,0.9999945163726807
5258,0.999990000099999,0.9999947547912598
5259,0.999990000099999,0.9999947547912598
5260,0.999990000099999,0.9999947547912598
5261,0.999990000099999,0.9999947547912598
5262,0.999990000099999,0.9999947547912598
5263,0.999990000099999,0.9999947547912598
5264,0.999990000099999,0.9999947547912598
5265,0.999990000099999,0.9999947547912598
5266,0.999990000099999,0.9999947547912598
5267,0.999990000099999,0.9999947547912598
5268,0.999990000099999,0.9999947547912598
5269,0.999990000099999,0.9999947547912598
5270,0.999990000099999,0.9999947547912598
5271,0.999990000099999,0.9999947547912598
5272,0.999990000099999,0.9999947547912598
5273,0.999990000099999,0.9999947547912598
5274,0.999990000099999,0.9999947547912598
5275,0.999990000099999,0.9999949932098389
5276,0.999990000099999,0.9999949932098389
5277,0.999990000099999,0.9999949932098389
5278,0.999990000099999,0.9999949932098389
5279,0.999990000099999,0.9999949932098389
5280,0.999990000099999,0.9999949932098389
5281,0.999990000099999,0.9999949932098389
5282,0.999990000099999,0.9999949932098389
5283,0.999990000099999,0.9999949932098389
5284,0.999990000099999,0.9999949932098389
5285,0.999990000099999,0.9999949932098389
5286,0.999990000099999,0.9999949932098389
5287,0.999990000099999,0.9999949932098389
5288,0.999990000099999,0.9999949932098389
5289,0.999990000099999,0.9999949932098389
5290,0.999990000099999,0.9999949932098389
5291,0.999990000099999,0.9999949932098389
5292,0.999990000099999,0.9999949932098389
5293,0.999990000099999,0.999995231628418
5294,0.999990000099999,0.999995231628418
5295,0.999990000099999,0.999995231628418
5296,0.999990000099999,0.999995231628418
5297,0.999990000099999,0.999995231628418
5298,0.999990000099999,0.999995231628418
5299,0.999990000099999,0.999995231628418
5300,0.999990000099999,0.999995231628418
5301,0.999990000099999,0.999995231628418
5302,0.999990000099999,0.999995231628418
5303,0.999990000099999,0.999995231628418
5304,0.999990000099999,0.999995231628418
5305,0.999990000099999,0.999995231628418
5306,0.999990000099999,0.999995231628418
5307,0.999990000099999,0.999995231628418
5308,0.999990000099999,0.999995231628418
5309,0.999990000099999,0.999995231628418
5310,0.999990000099999,0.999995231628418
5311,0.999990000099999,0.9999954700469971
5312,0.999990000099999,0.9999954700469971
5313,0.999990000099999,0.9999954700469971
5314,0.999990000099999,0.9999954700469971
5315,0.999990000099999,0.9999954700469971
5316,0.999990000099999,0.9999954700469971
5317,0.999990000099999,0.9999954700469971
5318,0.999990000099999,0.9999954700469971
5319,0.999990000099999,0.9999954700469971
5320,0.999990000099999,0.9999954700469971
5321,0.999990000099999,0.9999954700469971
5322,0.999990000099999,0.9999954700469971
5323,0.999990000099999,0.9999954700469971
5324,0.999990000099999,0.9999954700469971
5325,0.999990000099999,0.9999954700469971
5326,0.999990000099999,0.9999954700469971
5327,0.999990000099999,0.9999954700469971
5328,0.999990000099999,0.9999954700469971
5329,0.999990000099999,0.9999954700469971
5330,0.999990000099999,0.9999954700469971
5331,0.999990000099999,0.9999957084655762
5332,0.999990000099999,0.9999957084655762
5333,0.999990000099999,0.9999957084655762
5334,0.999990000099999,0.9999957084655762
5335,0.999990000099999,0.9999957084655762
5336,0.999990000099999,0.9999957084655762
5337,0.999990000099999,0.9999957084655762
5338,0.999990000099999,0.9999957084655762
5339,0.999990000099999,0.9999957084655762
5340,0.999990000099999,0.9999957084655762
5341,0.999990000099999,0.9999957084655762
5342,0.999990000099999,0.9999957084655762
5343,0.999990000099999,0.9999957084655762
5344,0.999990000099999,0.9999957084655762
5345,0.999990000099999,0.9999957084655762
5346,0.999990000099999,0.9999957084655762
5347,0.999990000099999,0.9999957084655762
5348,0.999990000099999,0.9999957084655762
5349,0.999990000099999,0.9999957084655762
5350,0.999990000099999,0.9999957084655762
5351,0.999990000099999,0.9999957084655762
5352,0.999990000099999,0.9999959468841553
5353,0.999990000099999,0.9999959468841553
5354,0.999990000099999,0.9999959468841553
5355,0.999990000099999,0.9999959468841553
5356,0.999990000099999,0.9999959468841553
5357,0.999990000099999,0.9999959468841553
5358,0.999990000099999,0.9999959468841553
5359,0.999990000099999,0.9999959468841553
5360,0.999990000099999,0.9999959468841553
5361,0.999990000099999,0.9999959468841553
5362,0.999990000099999,0.9999959468841553
5363,0.999990000099999,0.9999959468841553
5364,0.999990000099999,0.9999959468841553
5365,0.999990000099999,0.9999959468841553
5366,0.999990000099999,0.9999959468841553
5367,0.999990000099999,0.9999959468841553
5368,0.999990000099999,0.9999959468841553
5369,0.999990000099999,0.9999959468841553
5370,0.999990000099999,0.9999959468841553
5371,0.999990000099999,0.9999959468841553
5372,0.999990000099999,0.9999959468841553
5373,0.999990000099999,0.9999959468841553
5374,0.999990000099999,0.9999961853027344
5375,0.999990000099999,0.9999961853027344
5376,0.999990000099999,0.9999961853027344
5377,0.999990000099999,0.9999961853027344
5378,0.999990000099999,0.9999961853027344
5379,0.999990000099999,0.9999961853027344
5380,0.999990000099999,0.9999961853027344
5381,0.999990000099999,0.9999961853027344
5382,0.999990000099999,0.9999961853027344
5383,0.999990000099999,0.9999961853027344
5384,0.999990000099999,0.9999961853027344
5385,0.999990000099999,0.9999961853027344
5386,0.999990000099999,0.9999961853027344
5387,0.999990000099999,0.9999961853027344
5388,0.999990000099999,0.9999961853027344
5389,0.999990000099999,0.9999961853027344
5390,0.999990000099999,0.9999961853027344
5391,0.999990000099999,0.9999961853027344
5392,0.999990000099999,0.9999961853027344
5393,0.999990000099999,0.9999961853027344
5394,0.999990000099999,0.9999961853027344
5395,0.999990000099999,0.9999961853027344
5396,0.999990000099999,0.9999961853027344
5397,0.999990000099999,0.9999961853027344
5398,0.999990000099999,0.9999964237213135
5399,0.999990000099999,0.9999964237213135
5400,0.999990000099999,0.9999964237213135
5401,0.999990000099999,0.9999964237213135
5402,0.999990000099999,0.9999964237213135
5403,0.999990000099999,0.9999964237213135
5404,0.999990000099999,0.9999964237213135
5405,0.999990000099999,0.9999964237213135
5406,0.999990000099999,0.9999964237213135
5407,0.999990000099999,0.9999964237213135
5408,0.999990000099999,0.9999964237213135
5409,0.999990000099999,0.9999964237213135
5410,0.999990000099999,0.9999964237213135
5411,0.999990000099999,0.9999964237213135
5412,0.999990000099999,0.9999964237213135
5413,0.999990000099999,0.9999964237213135
5414,0.999990000099999,0.9999964237213135
5415,0.999990000099999,0.9999964237213135
5416,0.999990000099999,0.9999964237213135
5417,0.999990000099999,0.9999964237213135
5418,0.999990000099999,0.9999964237213135
5419,0.999990000099999,0.9999964237213135
5420,0.999990000099999,0.9999964237213135
5421,0.999990000099999,0.9999964237213135
5422,0.999990000099999,0.9999964237213135
5423,0.999990000099999,0.9999966621398926
5424,0.999990000099999,0.9999966621398926
5425,0.999990000099999,0.9999966621398926
5426,0.999990000099999,0.9999966621398926
5427,0.999990000099999,0.9999966621398926
5428,0.999990000099999,0.9999966621398926
5429,0.999990000099999,0.9999966621398926
5430,0.999990000099999,0.9999966621398926
5431,0.999990000099999,0.9999966621398926
5432,0.999990000099999,0.9999966621398926
5433,0.999990000099999,0.9999966621398926
5434,0.999990000099999,0.9999966621398926
5435,0.999990000099999,0.9999966621398926
5436,0.999990000099999,0.9999966621398926
5437,0.999990000099999,0.9999966621398926
5438,0.999990000099999,0.9999966621398926
5439,0.999990000099999,0.9999966621398926
5440,0.999990000099999,0.9999966621398926
5441,0.999990000099999,0.9999966621398926
5442,0.999990000099999,0.9999966621398926
5443,0.999990000099999,0.9999966621398926
5444,0.999990000099999,0.9999966621398926
5445,0.999990000099999,0.9999966621398926
5446,0.999990000099999,0.9999966621398926
5447,0.999990000099999,0.9999966621398926
5448,0.999990000099999,0.9999966621398926
5449,0.999990000099999,0.9999969005584717
5450,0.999990000099999,0.9999969005584717
5451,0.999990000099999,0.9999969005584717
5452,0.999990000099999,0.9999969005584717
5453,0.999990000099999,0.9999969005584717
5454,0.999990000099999,0.9999969005584717
5455,0.999990000099999,0.9999969005584717
5456,0.999990000099999,0.9999969005584717
5457,0.999990000099999,0.9999969005584717
5458,0.999990000099999,0.9999969005584717
5459,0.999990000099999,0.9999969005584717
5460,0.999990000099999,0.9999969005584717
5461,0.999990000099999,0.9999969005584717
5462,0.999990000099999,0.9999969005584717
5463,0.999990000099999,0.9999969005584717
5464,0.999990000099999,0.9999969005584717
5465,0.999990000099999,0.9999969005584717
5466,0.999990000099999,0.9999969005584717
5467,0.999990000099999,0.9999969005584717
5468,0.999990000099999,0.9999969005584717
5469,0.999990000099999,0.9999969005584717
5470,0.999990000099999,0.9999969005584717
5471,0.999990000099999,0.9999969005584717
5472,0.999990000099999,0.9999969005584717
5473,0.999990000099999,0.9999969005584717
5474,0.999990000099999,0.9999969005584717
5475,0.999990000099999,0.9999969005584717
5476,0.999990000099999,0.9999969005584717
5477,0.999990000099999,0.9999969005584717
5478,0.999990000099999,0.9999971389770508
5479,0.999990000099999,0.9999971389770508
5480,0.999990000099999,0.9999971389770508
5481,0.999990000099999,0.9999971389770508
5482,0.999990000099999,0.9999971389770508
5483,0.999990000099999,0.9999971389770508
5484,0.999990000099999,0.9999971389770508
5485,0.999990000099999,0.9999971389770508
5486,0.999990000099999,0.9999971389770508
5487,0.999990000099999,0.9999971389770508
5488,0.999990000099999,0.9999971389770508
5489,0.999990000099999,0.9999971389770508
5490,0.999990000099999,0.9999971389770508
5491,0.999990000099999,0.9999971389770508
5492,0.999990000099999,0.9999971389770508
5493,0.999990000099999,0.9999971389770508
5494,0.999990000099999,0.9999971389770508
5495,0.999990000099999,0.9999971389770508
5496,0.999990000099999,0.9999971389770508
5497,0.999990000099999,0.9999971389770508
5498,0.999990000099999,0.9999971389770508
5499,0.999990000099999,0.9999971389770508
5500,0.999990000099999,0.9999971389770508
5501,0.999990000099999,0.9999971389770508
5502,0.999990000099999,0.9999971389770508
5503,0.999990000099999,0.9999971389770508
5504,0.999990000099999,0.9999971389770508
5505,0.999990000099999,0.9999971389770508
5506,0.999990000099999,0.9999971389770508
5507,0.999990000099999,0.9999971389770508
5508,0.999990000099999,0.9999971389770508
5509,0.999990000099999,0.9999973773956299
5510,0.999990000099999,0.9999973773956299
5511,0.999990000099999,0.9999973773956299
5512,0.999990000099999,0.9999973773956299
5513,0.999990000099999,0.9999973773956299
5514,0.999990000099999,0.9999973773956299
5515,0.999990000099999,0.9999973773956299
5516,0.999990000099999,0.9999973773956299
5517,0.999990000099999,0.9999973773956299
5518,0.999990000099999,0.9999973773956299
5519,0.999990000099999,0.9999973773956299
5520,0.999990000099999,0.9999973773956299
5521,0.999990000099999,0.9999973773956299
5522,0.999990000099999,0.9999973773956299
5523,0.999990000099999,0.9999973773956299
5524,0.999990000099999,0.9999973773956299
5525,0.999990000099999,0.9999973773956299
5526,0.999990000099999,0.9999973773956299
5527,0.999990000099999,0.9999973773956299
5528,0.999990000099999,0.9999973773956299
5529,0.999990000099999,0.9999973773956299
5530,0.999990000099999,0.9999973773956299
5531,0.999990000099999,0.9999973773956299
5532,0.999990000099999,0.9999973773956299
5533,0.999990000099999,0.9999973773956299
5534,0.999990000099999,0.9999973773956299
5535,0.999990000099999,0.9999973773956299
5536,0.999990000099999,0.9999973773956299
5537,0.999990000099999,0.9999973773956299
5538,0.999990000099999,0.9999973773956299
5539,0.999990000099999,0.9999973773956299
5540,0.999990000099999,0.9999973773956299
5541,0.999990000099999,0.9999973773956299
5542,0.999990000099999,0.9999973773956299
5543,0.999990000099999,0.999997615814209
5544,0.999990000099999,0.999997615814209
5545,0.999990000099999,0.999997615814209
5546,0.999990000099999,0.999997615814209
5547,0.999990000099999,0.999997615814209
5548,0.999990000099999,0.999997615814209
5549,0.999990000099999,0.999997615814209
5550,0.999990000099999,0.999997615814209
5551,0.999990000099999,0.999997615814209
5552,0.999990000099999,0.999997615814209
5553,0.999990000099999,0.999997615814209
5554,0.999990000099999,0.999997615814209
5555,0.999990000099999,0.999997615814209
5556,0.999990000099999,0.999997615814209
5557,0.999990000099999,0.999997615814209
5558,0.999990000099999,0.999997615814209
5559,0.999990000099999,0.999997615814209
5560,0.999990000099999,0.999997615814209
5561,0.999990000099999,0.999997615814209
5562,0.999990000099999,0.999997615814209
5563,0.999990000099999,0.999997615814209
5564,0.999990000099999,0.999997615814209
5565,0.999990000099999,0.999997615814209
5566,0.999990000099999,0.999997615814209
5567,0.999990000099999,0.999997615814209
5568,0.999990000099999,0.999997615814209
5569,0.999990000099999,0.999997615814209
5570,0.999990000099999,0.999997615814209
5571,0.999990000099999,0.999997615814209
5572,0.999990000099999,0.999997615814209
5573,0.999990000099999,0.999997615814209
5574,0.999990000099999,0.999997615814209
5575,0.999990000099999,0.999997615814209
5576,0.999990000099999,0.999997615814209
5577,0.999990000099999,0.999997615814209
5578,0.999990000099999,0.999997615814209
5579,0.999990000099999,0.999997615814209
5580,0.999990000099999,0.999997615814209
5581,0.999990000099999,0.9999978542327881
5582,0.999990000099999,0.9999978542327881
5583,0.999990000099999,0.9999978542327881
5584,0.999990000099999,0.9999978542327881
5585,0.999990000099999,0.9999978542327881
5586,0.999990000099999,0.9999978542327881
5587,0.999990000099999,0.9999978542327881
5588,0.999990000099999,0.9999978542327881
5589,0.999990000099999,0.9999978542327881
5590,0.999990000099999,0.9999978542327881
5591,0.999990000099999,0.9999978542327881
5592,0.999990000099999,0.9999978542327881
5593,0.999990000099999,0.9999978542327881
5594,0.999990000099999,0.9999978542327881
5595,0.999990000099999,0.9999978542327881
5596,0.999990000099999,0.9999978542327881
5597,0.999990000099999,0.9999978542327881
5598,0.999990000099999,0.9999978542327881
5599,0.999990000099999,0.9999978542327881
5600,0.999990000099999,0.9999978542327881
5601,0.999990000099999,0.9999978542327881
5602,0.999990000099999,0.9999978542327881
5603,0.999990000099999,0.9999978542327881
5604,0.999990000099999,0.9999978542327881
5605,0.999990000099999,0.9999978542327881
5606,0.999990000099999,0.9999978542327881
5607,0.999990000099999,0.9999978542327881
5608,0.999990000099999,0.9999978542327881
5609,0.999990000099999,0.9999978542327881
5610,0.999990000099999,0.9999978542327881
5611,0.999990000099999,0.9999978542327881
5612,0.999990000099999,0.9999978542327881
5613,0.999990000099999,0.9999978542327881
5614,0.999990000099999,0.9999978542327881
5615,0.999990000099999,0.9999978542327881
5616,0.999990000099999,0.9999978542327881
5617,0.999990000099999,0.9999978542327881
5618,0.999990000099999,0.9999978542327881
5619,0.999990000099999,0.9999978542327881
5620,0.999990000099999,0.9999978542327881
5621,0.999990000099999,0.9999978542327881
5622,0.999990000099999,0.9999980926513672
5623,0.999990000099999,0.9999980926513672
5624,0.999990000099999,0.9999980926513672
5625,0.999990000099999,0.9999980926513672
5626,0.999990000099999,0.9999980926513672
5627,0.999990000099999,0.9999980926513672
5628,0.999990000099999,0.9999980926513672
5629,0.999990000099999,0.9999980926513672
5630,0.999990000099999,0.9999980926513672
5631,0.999990000099999,0.9999980926513672
5632,0.999990000099999,0.9999980926513672
5633,0.999990000099999,0.9999980926513672
5634,0.999990000099999,0.9999980926513672
5635,0.999990000099999,0.9999980926513672
5636,0.999990000099999,0.9999980926513672
5637,0.999990000099999,0.9999980926513672
5638,0.999990000099999,0.9999980926513672
5639,0.999990000099999,0.9999980926513672
5640,0.999990000099999,0.9999980926513672
5641,0.999990000099999,0.9999980926513672
5642,0.999990000099999,0.9999980926513672
5643,0.999990000099999,0.9999980926513672
5644,0.999990000099999,0.9999980926513672
5645,0.999990000099999,0.9999980926513672
5646,0.999990000099999,0.9999980926513672
5647,0.999990000099999,0.9999980926513672
5648,0.999990000099999,0.9999980926513672
5649,0.999990000099999,0.9999980926513672
5650,0.999990000099999,0.9999980926513672
5651,0.999990000099999,0.9999980926513672
5652,0.999990000099999,0.9999980926513672
5653,0.999990000099999,0.9999980926513672
5654,0.999990000099999,0.9999980926513672
5655,0.999990000099999,0.9999980926513672
5656,0.999990000099999,0.9999980926513672
5657,0.999990000099999,0.9999980926513672
5658,0.999990000099999,0.9999980926513672
5659,0.999990000099999,0.9999980926513672
5660,0.999990000099999,0.9999980926513672
5661,0.999990000099999,0.9999980926513672
5662,0.999990000099999,0.9999980926513672
5663,0.999990000099999,0.9999980926513672
5664,0.999990000099999,0.9999980926513672
5665,0.999990000099999,0.9999980926513672
5666,0.999990000099999,0.9999980926513672
5667,0.999990000099999,0.9999980926513672
5668,0.999990000099999,0.9999980926513672
5669,0.999990000099999,0.9999983310699463
5670,0.999990000099999,0.9999983310699463
5671,0.999990000099999,0.9999983310699463
5672,0.999990000099999,0.9999983310699463
5673,0.999990000099999,0.9999983310699463
5674,0.999990000099999,0.9999983310699463
5675,0.999990000099999,0.9999983310699463
5676,0.999990000099999,0.9999983310699463
5677,0.999990000099999,0.9999983310699463
5678,0.999990000099999,0.9999983310699463
5679,0.999990000099999,0.9999983310699463
5680,0.999990000099999,0.9999983310699463
5681,0.999990000099999,0.9999983310699463
5682,0.999990000099999,0.9999983310699463
5683,0.999990000099999,0.9999983310699463
5684,0.999990000099999,0.9999983310699463
5685,0.999990000099999,0.9999983310699463
5686,0.999990000099999,0.9999983310699463
5687,0.999990000099999,0.9999983310699463
5688,0.999990000099999,0.9999983310699463
5689,0.999990000099999,0.9999983310699463
5690,0.999990000099999,0.9999983310699463
5691,0.999990000099999,0.9999983310699463
5692,0.999990000099999,0.9999983310699463
5693,0.999990000099999,0.9999983310699463
5694,0.999990000099999,0.9999983310699463
5695,0.999990000099999,0.9999983310699463
5696,0.999990000099999,0.9999983310699463
5697,0.999990000099999,0.9999983310699463
5698,0.999990000099999,0.9999983310699463
5699,0.999990000099999,0.9999983310699463
5700,0.999990000099999,0.9999983310699463
5701,0.999990000099999,0.9999983310699463
5702,0.999990000099999,0.9999983310699463
5703,0.999990000099999,0.9999983310699463
5704,0.999990000099999,0.9999983310699463
5705,0.999990000099999,0.9999983310699463
5706,0.999990000099999,0.9999983310699463
5707,0.999990000099999,0.9999983310699463
5708,0.999990000099999,0.9999983310699463
5709,0.999990000099999,0.9999983310699463
5710,0.999990000099999,0.9999983310699463
5711,0.999990000099999,0.9999983310699463
5712,0.999990000099999,0.9999983310699463
5713,0.999990000099999,0.9999983310699463
5714,0.999990000099999,0.9999983310699463
5715,0.999990000099999,0.9999983310699463
5716,0.999990000099999,0.9999983310699463
5717,0.999990000099999,0.9999983310699463
5718,0.999990000099999,0.9999983310699463
5719,0.999990000099999,0.9999983310699463
5720,0.999990000099999,0.9999983310699463
5721,0.999990000099999,0.9999983310699463
5722,0.999990000099999,0.9999985694885254
5723,0.999990000099999,0.9999985694885254
5724,0.999990000099999,0.9999985694885254
5725,0.999990000099999,0.9999985694885254
5726,0.999990000099999,0.9999985694885254
5727,0.999990000099999,0.9999985694885254
5728,0.999990000099999,0.9999985694885254
5729,0.999990000099999,0.9999985694885254
5730,0.999990000099999,0.9999985694885254
5731,0.999990000099999,0.9999985694885254
5732,0.999990000099999,0.9999985694885254
5733,0.999990000099999,0.9999985694885254
5734,0.999990000099999,0.9999985694885254
5735,0.999990000099999,0.9999985694885254
5736,0.999990000099999,0.9999985694885254
5737,0.999990000099999,0.9999985694885254
5738,0.999990000099999,0.9999985694885254
5739,0.999990000099999,0.9999985694885254
5740,0.999990000099999,0.9999985694885254
5741,0.999990000099999,0.9999985694885254
5742,0.999990000099999,0.9999985694885254
5743,0.999990000099999,0.9999985694885254
5744,0.999990000099999,0.9999985694885254
5745,0.999990000099999,0.9999985694885254
5746,0.999990000099999,0.9999985694885254
5747,0.999990000099999,0.9999985694885254
5748,0.999990000099999,0.9999985694885254
5749,0.999990000099999,0.9999985694885254
5750,0.999990000099999,0.9999985694885254
5751,0.999990000099999,0.9999985694885254
5752,0.999990000099999,0.9999985694885254
5753,0.999990000099999,0.9999985694885254
5754,0.999990000099999,0.9999985694885254
5755,0.999990000099999,0.9999985694885254
5756,0.999990000099999,0.9999985694885254
5757,0.999990000099999,0.9999985694885254
5758,0.999990000099999,0.9999985694885254
5759,0.999990000099999,0.9999985694885254
5760,0.999990000099999,0.9999985694885254
5761,0.999990000099999,0.9999985694885254
5762,0.999990000099999,0.9999985694885254
5763,0.999990000099999,0.9999985694885254
5764,0.999990000099999,0.9999985694885254
5765,0.999990000099999,0.9999985694885254
5766,0.999990000099999,0.9999985694885254
5767,0.999990000099999,0.9999985694885254
5768,0.999990000099999,0.9999985694885254
5769,0.999990000099999,0.9999985694885254
5770,0.999990000099999,0.9999985694885254
5771,0.999990000099999,0.9999985694885254
5772,0.999990000099999,0.9999985694885254
5773,0.999990000099999,0.9999985694885254
5774,0.999990000099999,0.9999985694885254
5775,0.999990000099999,0.9999985694885254
5776,0.999990000099999,0.9999985694885254
5777,0.999990000099999,0.9999985694885254
5778,0.999990000099999,0.9999985694885254
5779,0.999990000099999,0.9999985694885254
5780,0.999990000099999,0.9999985694885254
5781,0.999990000099999,0.9999985694885254
5782,0.999990000099999,0.9999985694885254
5783,0.999990000099999,0.9999985694885254
5784,0.999990000099999,0.9999988079071045
5785,0.999990000099999,0.9999988079071045
5786,0.999990000099999,0.9999988079071045
5787,0.999990000099999,0.9999988079071045
5788,0.999990000099999,0.9999988079071045
5789,0.999990000099999,0.9999988079071045
5790,0.999990000099999,0.9999988079071045
5791,0.999990000099999,0.9999988079071045
5792,0.999990000099999,0.9999988079071045
5793,0.999990000099999,0.9999988079071045
5794,0.999990000099999,0.9999988079071045
5795,0.999990000099999,0.9999988079071045
5796,0.999990000099999,0.9999988079071045
5797,0.999990000099999,0.9999988079071045
5798,0.999990000099999,0.9999988079071045
5799,0.999990000099999,0.9999988079071045
5800,0.999990000099999,0.9999988079071045
5801,0.999990000099999,0.9999988079071045
5802,0.999990000099999,0.9999988079071045
5803,0.999990000099999,0.9999988079071045
5804,0.999990000099999,0.9999988079071045
5805,0.999990000099999,0.9999988079071045
5806,0.999990000099999,0.9999988079071045
5807,0.999990000099999,0.9999988079071045
5808,0.999990000099999,0.9999988079071045
5809,0.999990000099999,0.9999988079071045
5810,0.999990000099999,0.9999988079071045
5811,0.999990000099999,0.9999988079071045
5812,0.999990000099999,0.9999988079071045
5813,0.999990000099999,0.9999988079071045
5814,0.999990000099999,0.9999988079071045
5815,0.999990000099999,0.9999988079071045
5816,0.999990000099999,0.9999988079071045
5817,0.999990000099999,0.9999988079071045
5818,0.999990000099999,0.9999988079071045
5819,0.999990000099999,0.9999988079071045
5820,0.999990000099999,0.9999988079071045
5821,0.999990000099999,0.9999988079071045
5822,0.999990000099999,0.9999988079071045
5823,0.999990000099999,0.9999988079071045
5824,0.999990000099999,0.9999988079071045
5825,0.999990000099999,0.9999988079071045
5826,0.999990000099999,0.9999988079071045
5827,0.999990000099999,0.9999988079071045
5828,0.999990000099999,0.9999988079071045
5829,0.999990000099999,0.9999988079071045
5830,0.999990000099999,0.9999988079071045
5831,0.999990000099999,0.9999988079071045
5832,0.999990000099999,0.9999988079071045
5833,0.999990000099999,0.9999988079071045
5834,0.999990000099999,0.9999988079071045
5835,0.999990000099999,0.9999988079071045
5836,0.999990000099999,0.9999988079071045
5837,0.999990000099999,0.9999988079071045
5838,0.999990000099999,0.9999988079071045
5839,0.999990000099999,0.9999988079071045
5840,0.999990000099999,0.9999988079071045
5841,0.999990000099999,0.9999988079071045
5842,0.999990000099999,0.9999988079071045
5843,0.999990000099999,0.9999988079071045
5844,0.999990000099999,0.9999988079071045
5845,0.999990000099999,0.9999988079071045
5846,0.999990000099999,0.9999988079071045
5847,0.999990000099999,0.9999988079071045
5848,0.999990000099999,0.9999988079071045
5849,0.999990000099999,0.9999988079071045
5850,0.999990000099999,0.9999988079071045
5851,0.999990000099999,0.9999988079071045
5852,0.999990000099999,0.9999988079071045
5853,0.999990000099999,0.9999988079071045
5854,0.999990000099999,0.9999988079071045
5855,0.999990000099999,0.9999988079071045
5856,0.999990000099999,0.9999988079071045
5857,0.999990000099999,0.9999988079071045
5858,0.999990000099999,0.9999990463256836
5859,0.999990000099999,0.9999990463256836
5860,0.999990000099999,0.9999990463256836
5861,0.999990000099999,0.9999990463256836
5862,0.999990000099999,0.9999990463256836
5863,0.999990000099999,0.9999990463256836
5864,0.999990000099999,0.9999990463256836
5865,0.999990000099999,0.9999990463256836
5866,0.999990000099999,0.9999990463256836
5867,0.999990000099999,0.9999990463256836
5868,0.999990000099999,0.9999990463256836
5869,0.999990000099999,0.9999990463256836
5870,0.999990000099999,0.9999990463256836
5871,0.999990000099999,0.9999990463256836
5872,0.999990000099999,0.9999990463256836
5873,0.999990000099999,0.9999990463256836
5874,0.999990000099999,0.9999990463256836
5875,0.999990000099999,0.9999990463256836
5876,0.999990000099999,0.9999990463256836
5877,0.999990000099999,0.9999990463256836
5878,0.999990000099999,0.9999990463256836
5879,0.999990000099999,0.9999990463256836
5880,0.999990000099999,0.9999990463256836
5881,0.999990000099999,0.9999990463256836
5882,0.999990000099999,0.9999990463256836
5883,0.999990000099999,0.9999990463256836
5884,0.999990000099999,0.9999990463256836
5885,0.999990000099999,0.9999990463256836
5886,0.999990000099999,0.9999990463256836
5887,0.999990000099999,0.9999990463256836
5888,0.999990000099999,0.9999990463256836
5889,0.999990000099999,0.9999990463256836
5890,0.999990000099999,0.9999990463256836
5891,0.999990000099999,0.9999990463256836
5892,0.999990000099999,0.9999990463256836
5893,0.999990000099999,0.9999990463256836
5894,0.999990000099999,0.9999990463256836
5895,0.999990000099999,0.9999990463256836
5896,0.999990000099999,0.9999990463256836
5897,0.999990000099999,0.9999990463256836
5898,0.999990000099999,0.9999990463256836
5899,0.999990000099999,0.9999990463256836
5900,0.999990000099999,0.9999990463256836
5901,0.999990000099999,0.9999990463256836
5902,0.999990000099999,0.9999990463256836
5903,0.999990000099999,0.9999990463256836
5904,0.999990000099999,0.9999990463256836
5905,0.999990000099999,0.9999990463256836
5906,0.999990000099999,0.9999990463256836
5907,0.999990000099999,0.9999990463256836
5908,0.999990000099999,0.9999990463256836
5909,0.999990000099999,0.9999990463256836
5910,0.999990000099999,0.9999990463256836
5911,0.999990000099999,0.9999990463256836
5912,0.999990000099999,0.9999990463256836
5913,0.999990000099999,0.9999990463256836
5914,0.999990000099999,0.9999990463256836
5915,0.999990000099999,0.9999990463256836
5916,0.999990000099999,0.9999990463256836
5917,0.999990000099999,0.9999990463256836
5918,0.999990000099999,0.9999990463256836
5919,0.999990000099999,0.9999990463256836
5920,0.999990000099999,0.9999990463256836
5921,0.999990000099999,0.9999990463256836
5922,0.999990000099999,0.9999990463256836
5923,0.999990000099999,0.9999990463256836
5924,0.999990000099999,0.9999990463256836
5925,0.999990000099999,0.9999990463256836
5926,0.999990000099999,0.9999990463256836
5927,0.999990000099999,0.9999990463256836
5928,0.999990000099999,0.9999990463256836
5929,0.999990000099999,0.9999990463256836
5930,0.999990000099999,0.9999990463256836
5931,0.999990000099999,0.9999990463256836
5932,0.999990000099999,0.9999990463256836
5933,0.999990000099999,0.9999990463256836
5934,0.999990000099999,0.9999990463256836
5935,0.999990000099999,0.9999990463256836
5936,0.999990000099999,0.9999990463256836
5937,0.999990000099999,0.9999990463256836
5938,0.999990000099999,0.9999990463256836
5939,0.999990000099999,0.9999990463256836
5940,0.999990000099999,0.9999990463256836
5941,0.999990000099999,0.9999990463256836
5942,0.999990000099999,0.9999990463256836
5943,0.999990000099999,0.9999990463256836
5944,0.999990000099999,0.9999990463256836
5945,0.999990000099999,0.9999990463256836
5946,0.999990000099999,0.9999990463256836
5947,0.999990000099999,0.9999990463256836
5948,0.999990000099999,0.9999990463256836
5949,0.999990000099999,0.9999990463256836
5950,0.999990000099999,0.9999992847442627
5951,0.999990000099999,0.9999992847442627
5952,0.999990000099999,0.9999992847442627
5953,0.999990000099999,0.9999992847442627
5954,0.999990000099999,0.9999992847442627
5955,0.999990000099999,0.9999992847442627
5956,0.999990000099999,0.9999992847442627
5957,0.999990000099999,0.9999992847442627
5958,0.999990000099999,0.9999992847442627
5959,0.999990000099999,0.9999992847442627
5960,0.999990000099999,0.9999992847442627
5961,0.999990000099999,0.9999992847442627
5962,0.999990000099999,0.9999992847442627
5963,0.999990000099999,0.9999992847442627
5964,0.999990000099999,0.9999992847442627
5965,0.999990000099999,0.9999992847442627
5966,0.999990000099999,0.9999992847442627
5967,0.999990000099999,0.9999992847442627
5968,0.999990000099999,0.9999992847442627
5969,0.999990000099999,0.9999992847442627
5970,0.999990000099999,0.9999992847442627
5971,0.999990000099999,0.9999992847442627
5972,0.999990000099999,0.9999992847442627
5973,0.999990000099999,0.9999992847442627
5974,0.999990000099999,0.9999992847442627
5975,0.999990000099999,0.9999992847442627
5976,0.999990000099999,0.9999992847442627
5977,0.999990000099999,0.9999992847442627
5978,0.999990000099999,0.9999992847442627
5979,0.999990000099999,0.9999992847442627
5980,0.999990000099999,0.9999992847442627
5981,0.999990000099999,0.9999992847442627
5982,0.999990000099999,0.9999992847442627
5983,0.999990000099999,0.9999992847442627
5984,0.999990000099999,0.9999992847442627
5985,0.999990000099999,0.9999992847442627
5986,0.999990000099999,0.9999992847442627
5987,0.999990000099999,0.9999992847442627
5988,0.999990000099999,0.9999992847442627
5989,0.999990000099999,0.9999992847442627
5990,0.999990000099999,0.9999992847442627
5991,0.999990000099999,0.9999992847442627
5992,0.999990000099999,0.9999992847442627
5993,0.999990000099999,0.9999992847442627
5994,0.999990000099999,0.9999992847442627
5995,0.999990000099999,0.9999992847442627
5996,0.999990000099999,0.9999992847442627
5997,0.999990000099999,0.9999992847442627
5998,0.999990000099999,0.9999992847442627
5999,0.999990000099999,0.9999992847442627
6000,0.999990000099999,0.9999992847442627
6001,0.999990000099999,0.9999992847442627
6002,0.999990000099999,0.9999992847442627
6003,0.999990000099999,0.9999992847442627
6004,0.999990000099999,0.9999992847442627
6005,0.999990000099999,0.9999992847442627
6006,0.999990000099999,0.9999992847442627
6007,0.999990000099999,0.9999992847442627
6008,0.999990000099999,0.9999992847442627
6009,0.999990000099999,0.9999992847442627
6010,0.999990000099999,0.9999992847442627
6011,0.999990000099999,0.9999992847442627
6012,0.999990000099999,0.9999992847442627
6013,0.999990000099999,0.9999992847442627
6014,0.999990000099999,0.9999992847442627
6015,0.999990000099999,0.9999992847442627
6016,0.999990000099999,0.9999992847442627
6017,0.999990000099999,0.9999992847442627
6018,0.999990000099999,0.9999992847442627
6019,0.999990000099999,0.9999992847442627
6020,0.999990000099999,0.9999992847442627
6021,0.999990000099999,0.9999992847442627
6022,0.999990000099999,0.9999992847442627
6023,0.999990000099999,0.9999992847442627
6024,0.999990000099999,0.9999992847442627
6025,0.999990000099999,0.9999992847442627
6026,0.999990000099999,0.9999992847442627
6027,0.999990000099999,0.9999992847442627
6028,0.999990000099999,0.9999992847442627
6029,0.999990000099999,0.9999992847442627
6030,0.999990000099999,0.9999992847442627
6031,0.999990000099999,0.9999992847442627
6032,0.999990000099999,0.9999992847442627
6033,0.999990000099999,0.9999992847442627
6034,0.999990000099999,0.9999992847442627
6035,0.999990000099999,0.9999992847442627
6036,0.999990000099999,0.9999992847442627
6037,0.999990000099999,0.9999992847442627
6038,0.999990000099999,0.9999992847442627
6039,0.999990000099999,0.9999992847442627
6040,0.999990000099999,0.9999992847442627
6041,0.999990000099999,0.9999992847442627
6042,0.999990000099999,0.9999992847442627
6043,0.999990000099999,0.9999992847442627
6044,0.999990000099999,0.9999992847442627
6045,0.999990000099999,0.9999992847442627
6046,0.999990000099999,0.9999992847442627
6047,0.999990000099999,0.9999992847442627
6048,0.999990000099999,0.9999992847442627
6049,0.999990000099999,0.9999992847442627
6050,0.999990000099999,0.9999992847442627
6051,0.999990000099999,0.9999992847442627
6052,0.999990000099999,0.9999992847442627
6053,0.999990000099999,0.9999992847442627
6054,0.999990000099999,0.9999992847442627
6055,0.999990000099999,0.9999992847442627
6056,0.999990000099999,0.9999992847442627
6057,0.999990000099999,0.9999992847442627
6058,0.999990000099999,0.9999992847442627
6059,0.999990000099999,0.9999992847442627
6060,0.999990000099999,0.9999992847442627
6061,0.999990000099999,0.9999992847442627
6062,0.999990000099999,0.9999992847442627
6063,0.999990000099999,0.9999992847442627
6064,0.999990000099999,0.9999992847442627
6065,0.999990000099999,0.9999992847442627
6066,0.999990000099999,0.9999992847442627
6067,0.999990000099999,0.9999992847442627
6068,0.999990000099999,0.9999992847442627
6069,0.999990000099999,0.9999992847442627
6070,0.999990000099999,0.9999992847442627
6071,0.999990000099999,0.9999992847442627
6072,0.999990000099999,0.9999992847442627
6073,0.999990000099999,0.9999992847442627
6074,0.999990000099999,0.9999995231628418
6075,0.999990000099999,0.9999995231628418
6076,0.999990000099999,0.9999995231628418
6077,0.999990000099999,0.9999995231628418
6078,0.999990000099999,0.9999995231628418
6079,0.999990000099999,0.9999995231628418
6080,0.999990000099999,0.9999995231628418
6081,0.999990000099999,0.9999995231628418
6082,0.999990000099999,0.9999995231628418
6083,0.999990000099999,0.9999995231628418
6084,0.999990000099999,0.9999995231628418
6085,0.999990000099999,0.9999995231628418
6086,0.999990000099999,0.9999995231628418
6087,0.999990000099999,0.9999995231628418
6088,0.999990000099999,0.9999995231628418
6089,0.999990000099999,0.9999995231628418
6090,0.999990000099999,0.9999995231628418
6091,0.999990000099999,0.9999995231628418
6092,0.999990000099999,0.9999995231628418
6093,0.999990000099999,0.9999995231628418
6094,0.999990000099999,0.9999995231628418
6095,0.999990000099999,0.9999995231628418
6096,0.999990000099999,0.9999995231628418
6097,0.999990000099999,0.9999995231628418
6098,0.999990000099999,0.9999995231628418
6099,0.999990000099999,0.9999995231628418
6100,0.999990000099999,0.9999995231628418
6101,0.999990000099999,0.9999995231628418
6102,0.999990000099999,0.9999995231628418
6103,0.999990000099999,0.9999995231628418
6104,0.999990000099999,0.9999995231628418
6105,0.999990000099999,0.9999995231628418
6106,0.999990000099999,0.9999995231628418
6107,0.999990000099999,0.9999995231628418
6108,0.999990000099999,0.9999995231628418
6109,0.999990000099999,0.9999995231628418
6110,0.999990000099999,0.9999995231628418
6111,0.999990000099999,0.9999995231628418
6112,0.999990000099999,0.9999995231628418
6113,0.999990000099999,0.9999995231628418
6114,0.999990000099999,0.9999995231628418
6115,0.999990000099999,0.9999995231628418
6116,0.999990000099999,0.9999995231628418
6117,0.999990000099999,0.9999995231628418
6118,0.999990000099999,0.9999995231628418
6119,0.999990000099999,0.9999995231628418
6120,0.999990000099999,0.9999995231628418
6121,0.999990000099999,0.9999995231628418
6122,0.999990000099999,0.9999995231628418
6123,0.999990000099999,0.9999995231628418
6124,0.999990000099999,0.9999995231628418
6125,0.999990000099999,0.9999995231628418
6126,0.999990000099999,0.9999995231628418
6127,0.999990000099999,0.9999995231628418
6128,0.999990000099999,0.9999995231628418
6129,0.999990000099999,0.9999995231628418
6130,0.999990000099999,0.9999995231628418
6131,0.999990000099999,0.9999995231628418
6132,0.999990000099999,0.9999995231628418
6133,0.999990000099999,0.9999995231628418
6134,0.999990000099999,0.9999995231628418
6135,0.999990000099999,0.9999995231628418
6136,0.999990000099999,0.9999995231628418
6137,0.999990000099999,0.9999995231628418
6138,0.999990000099999,0.9999995231628418
6139,0.999990000099999,0.9999995231628418
6140,0.999990000099999,0.9999995231628418
6141,0.999990000099999,0.9999995231628418
6142,0.999990000099999,0.9999995231628418
6143,0.999990000099999,0.9999995231628418
6144,0.999990000099999,0.9999995231628418
6145,0.999990000099999,0.9999995231628418
6146,0.999990000099999,0.9999995231628418
6147,0.999990000099999,0.9999995231628418
6148,0.999990000099999,0.9999995231628418
6149,0.999990000099999,0.9999995231628418
6150,0.999990000099999,0.9999995231628418
6151,0.999990000099999,0.9999995231628418
6152,0.999990000099999,0.9999995231628418
6153,0.999990000099999,0.9999995231628418
6154,0.999990000099999,0.9999995231628418
6155,0.999990000099999,0.9999995231628418
6156,0.999990000099999,0.9999995231628418
6157,0.999990000099999,0.9999995231628418
6158,0.999990000099999,0.9999995231628418
6159,0.999990000099999,0.9999995231628418
6160,0.999990000099999,0.9999995231628418
6161,0.999990000099999,0.9999995231628418
6162,0.999990000099999,0.9999995231628418
6163,0.999990000099999,0.9999995231628418
6164,0.999990000099999,0.9999995231628418
6165,0.999990000099999,0.9999995231628418
6166,0.999990000099999,0.9999995231628418
6167,0.999990000099999,0.9999995231628418
6168,0.999990000099999,0.9999995231628418
6169,0.999990000099999,0.9999995231628418
6170,0.999990000099999,0.9999995231628418
6171,0.999990000099999,0.9999995231628418
6172,0.999990000099999,0.9999995231628418
6173,0.999990000099999,0.9999995231628418
6174,0.999990000099999,0.9999995231628418
6175,0.999990000099999,0.9999995231628418
6176,0.999990000099999,0.9999995231628418
6177,0.999990000099999,0.9999995231628418
6178,0.999990000099999,0.9999995231628418
6179,0.999990000099999,0.9999995231628418
6180,0.999990000099999,0.9999995231628418
6181,0.999990000099999,0.9999995231628418
6182,0.999990000099999,0.9999995231628418
6183,0.999990000099999,0.9999995231628418
6184,0.999990000099999,0.9999995231628418
6185,0.999990000099999,0.9999995231628418
6186,0.999990000099999,0.9999995231628418
6187,0.999990000099999,0.9999995231628418
6188,0.999990000099999,0.9999995231628418
6189,0.999990000099999,0.9999995231628418
6190,0.999990000099999,0.9999995231628418
6191,0.999990000099999,0.9999995231628418
6192,0.999990000099999,0.9999995231628418
6193,0.999990000099999,0.9999995231628418
6194,0.999990000099999,0.9999995231628418
6195,0.999990000099999,0.9999995231628418
6196,0.999990000099999,0.9999995231628418
6197,0.999990000099999,0.9999995231628418
6198,0.999990000099999,0.9999995231628418
6199,0.999990000099999,0.9999995231628418
6200,0.999990000099999,0.9999995231628418
6201,0.999990000099999,0.9999995231628418
6202,0.999990000099999,0.9999995231628418
6203,0.999990000099999,0.9999995231628418
6204,0.999990000099999,0.9999995231628418
6205,0.999990000099999,0.9999995231628418
6206,0.999990000099999,0.9999995231628418
6207,0.999990000099999,0.9999995231628418
6208,0.999990000099999,0.9999995231628418
6209,0.999990000099999,0.9999995231628418
6210,0.999990000099999,0.9999995231628418
6211,0.999990000099999,0.9999995231628418
6212,0.999990000099999,0.9999995231628418
6213,0.999990000099999,0.9999995231628418
6214,0.999990000099999,0.9999995231628418
6215,0.999990000099999,0.9999995231628418
6216,0.999990000099999,0.9999995231628418
6217,0.999990000099999,0.9999995231628418
6218,0.999990000099999,0.9999995231628418
6219,0.999990000099999,0.9999995231628418
6220,0.999990000099999,0.9999995231628418
6221,0.999990000099999,0.9999995231628418
6222,0.999990000099999,0.9999995231628418
6223,0.999990000099999,0.9999995231628418
6224,0.999990000099999,0.9999995231628418
6225,0.999990000099999,0.9999995231628418
6226,0.999990000099999,0.9999995231628418
6227,0.999990000099999,0.9999995231628418
6228,0.999990000099999,0.9999995231628418
6229,0.999990000099999,0.9999995231628418
6230,0.999990000099999,0.9999995231628418
6231,0.999990000099999,0.9999995231628418
6232,0.999990000099999,0.9999995231628418
6233,0.999990000099999,0.9999995231628418
6234,0.999990000099999,0.9999995231628418
6235,0.999990000099999,0.9999995231628418
6236,0.999990000099999,0.9999995231628418
6237,0.999990000099999,0.9999995231628418
6238,0.999990000099999,0.9999995231628418
6239,0.999990000099999,0.9999995231628418
6240,0.999990000099999,0.9999995231628418
6241,0.999990000099999,0.9999995231628418
6242,0.999990000099999,0.9999995231628418
6243,0.999990000099999,0.9999995231628418
6244,0.999990000099999,0.9999995231628418
6245,0.999990000099999,0.9999995231628418
6246,0.999990000099999,0.9999995231628418
6247,0.999990000099999,0.9999995231628418
6248,0.999990000099999,0.9999995231628418
6249,0.999990000099999,0.9999995231628418
6250,0.999990000099999,0.9999995231628418
6251,0.999990000099999,0.9999995231628418
6252,0.999990000099999,0.9999995231628418
6253,0.999990000099999,0.9999995231628418
6254,0.999990000099999,0.9999995231628418
6255,0.999990000099999,0.9999995231628418
6256,0.999990000099999,0.9999995231628418
6257,0.999990000099999,0.9999995231628418
6258,0.999990000099999,0.9999995231628418
6259,0.999990000099999,0.9999995231628418
6260,0.999990000099999,0.9999997615814209
6261,0.999990000099999,0.9999997615814209
6262,0.999990000099999,0.9999997615814209
6263,0.999990000099999,0.9999997615814209
6264,0.999990000099999,0.9999997615814209
6265,0.999990000099999,0.9999997615814209
6266,0.999990000099999,0.9999997615814209
6267,0.999990000099999,0.9999997615814209
6268,0.999990000099999,0.9999997615814209
6269,0.999990000099999,0.9999997615814209
6270,0.999990000099999,0.9999997615814209
6271,0.999990000099999,0.9999997615814209
6272,0.999990000099999,0.9999997615814209
6273,0.999990000099999,0.9999997615814209
6274,0.999990000099999,0.9999997615814209
6275,0.999990000099999,0.9999997615814209
6276,0.999990000099999,0.9999997615814209
6277,0.999990000099999,0.9999997615814209
6278,0.999990000099999,0.9999997615814209
6279,0.999990000099999,0.9999997615814209
6280,0.999990000099999,0.9999997615814209
6281,0.999990000099999,0.9999997615814209
6282,0.999990000099999,0.9999997615814209
6283,0.999990000099999,0.9999997615814209
6284,0.999990000099999,0.9999997615814209
6285,0.999990000099999,0.9999997615814209
6286,0.999990000099999,0.9999997615814209
6287,0.999990000099999,0.9999997615814209
6288,0.999990000099999,0.9999997615814209
6289,0.999990000099999,0.9999997615814209
6290,0.999990000099999,0.9999997615814209
6291,0.999990000099999,0.9999997615814209
6292,0.999990000099999,0.9999997615814209
6293,0.999990000099999,0.9999997615814209
6294,0.999990000099999,0.9999997615814209
6295,0.999990000099999,0.9999997615814209
6296,0.999990000099999,0.9999997615814209
6297,0.999990000099999,0.9999997615814209
6298,0.999990000099999,0.9999997615814209
6299,0.999990000099999,0.9999997615814209
6300,0.999990000099999,0.9999997615814209
6301,0.999990000099999,0.9999997615814209
6302,0.999990000099999,0.9999997615814209
6303,0.999990000099999,0.9999997615814209
6304,0.999990000099999,0.9999997615814209
6305,0.999990000099999,0.9999997615814209
6306,0.999990000099999,0.9999997615814209
6307,0.999990000099999,0.9999997615814209
6308,0.999990000099999,0.9999997615814209
6309,0.999990000099999,0.9999997615814209
6310,0.999990000099999,0.9999997615814209
6311,0.999990000099999,0.9999997615814209
6312,0.999990000099999,0.9999997615814209
6313,0.999990000099999,0.9999997615814209
6314,0.999990000099999,0.9999997615814209
6315,0.999990000099999,0.9999997615814209
6316,0.999990000099999,0.9999997615814209
6317,0.999990000099999,0.9999997615814209
6318,0.999990000099999,0.9999997615814209
6319,0.999990000099999,0.9999997615814209
6320,0.999990000099999,0.9999997615814209
6321,0.999990000099999,0.9999997615814209
6322,0.999990000099999,0.9999997615814209
6323,0.999990000099999,0.9999997615814209
6324,0.999990000099999,0.9999997615814209
6325,0.999990000099999,0.9999997615814209
6326,0.999990000099999,0.9999997615814209
6327,0.999990000099999,0.9999997615814209
6328,0.999990000099999,0.9999997615814209
6329,0.999990000099999,0.9999997615814209
6330,0.999990000099999,0.9999997615814209
6331,0.999990000099999,0.9999997615814209
6332,0.999990000099999,0.9999997615814209
6333,0.999990000099999,0.9999997615814209
6334,0.999990000099999,0.9999997615814209
6335,0.999990000099999,0.9999997615814209
6336,0.999990000099999,0.9999997615814209
6337,0.999990000099999,0.9999997615814209
6338,0.999990000099999,0.9999997615814209
6339,0.999990000099999,0.9999997615814209
6340,0.999990000099999,0.9999997615814209
6341,0.999990000099999,0.9999997615814209
6342,0.999990000099999,0.9999997615814209
6343,0.999990000099999,0.9999997615814209
6344,0.999990000099999,0.9999997615814209
6345,0.999990000099999,0.9999997615814209
6346,0.999990000099999,0.9999997615814209
6347,0.999990000099999,0.9999997615814209
6348,0.999990000099999,0.9999997615814209
6349,0.999990000099999,0.9999997615814209
6350,0.999990000099999,0.9999997615814209
6351,0.999990000099999,0.9999997615814209
6352,0.999990000099999,0.9999997615814209
6353,0.999990000099999,0.9999997615814209
6354,0.999990000099999,0.9999997615814209
6355,0.999990000099999,0.9999997615814209
6356,0.999990000099999,0.9999997615814209
6357,0.999990000099999,0.9999997615814209
6358,0.999990000099999,0.9999997615814209
6359,0.999990000099999,0.9999997615814209
6360,0.999990000099999,0.9999997615814209
6361,0.999990000099999,0.9999997615814209
6362,0.999990000099999,0.9999997615814209
6363,0.999990000099999,0.9999997615814209
6364,0.999990000099999,0.9999997615814209
6365,0.999990000099999,0.9999997615814209
6366,0.999990000099999,0.9999997615814209
6367,0.999990000099999,0.9999997615814209
6368,0.999990000099999,0.9999997615814209
6369,0.999990000099999,0.9999997615814209
6370,0.999990000099999,0.9999997615814209
6371,0.999990000099999,0.9999997615814209
6372,0.999990000099999,0.9999997615814209
6373,0.999990000099999,0.9999997615814209
6374,0.999990000099999,0.9999997615814209
6375,0.999990000099999,0.9999997615814209
6376,0.999990000099999,0.9999997615814209
6377,0.999990000099999,0.9999997615814209
6378,0.999990000099999,0.9999997615814209
6379,0.999990000099999,0.9999997615814209
6380,0.999990000099999,0.9999997615814209
6381,0.999990000099999,0.9999997615814209
6382,0.999990000099999,0.9999997615814209
6383,0.999990000099999,0.9999997615814209
6384,0.999990000099999,0.9999997615814209
6385,0.999990000099999,0.9999997615814209
6386,0.999990000099999,0.9999997615814209
6387,0.999990000099999,0.9999997615814209
6388,0.999990000099999,0.9999997615814209
6389,0.999990000099999,0.9999997615814209
6390,0.999990000099999,0.9999997615814209
6391,0.999990000099999,0.9999997615814209
6392,0.999990000099999,0.9999997615814209
6393,0.999990000099999,0.9999997615814209
6394,0.999990000099999,0.9999997615814209
6395,0.999990000099999,0.9999997615814209
6396,0.999990000099999,0.9999997615814209
6397,0.999990000099999,0.9999997615814209
6398,0.999990000099999,0.9999997615814209
6399,0.999990000099999,0.9999997615814209
6400,0.999990000099999,0.9999997615814209
6401,0.999990000099999,0.9999997615814209
6402,0.999990000099999,0.9999997615814209
6403,0.999990000099999,0.9999997615814209
6404,0.999990000099999,0.9999997615814209
6405,0.999990000099999,0.9999997615814209
6406,0.999990000099999,0.9999997615814209
6407,0.999990000099999,0.9999997615814209
6408,0.999990000099999,0.9999997615814209
6409,0.999990000099999,0.9999997615814209
6410,0.999990000099999,0.9999997615814209
6411,0.999990000099999,0.9999997615814209
6412,0.999990000099999,0.9999997615814209
6413,0.999990000099999,0.9999997615814209
6414,0.999990000099999,0.9999997615814209
6415,0.999990000099999,0.9999997615814209
6416,0.999990000099999,0.9999997615814209
6417,0.999990000099999,0.9999997615814209
6418,0.999990000099999,0.9999997615814209
6419,0.999990000099999,0.9999997615814209
6420,0.999990000099999,0.9999997615814209
6421,0.999990000099999,0.9999997615814209
6422,0.999990000099999,0.9999997615814209
6423,0.999990000099999,0.9999997615814209
6424,0.999990000099999,0.9999997615814209
6425,0.999990000099999,0.9999997615814209
6426,0.999990000099999,0.9999997615814209
6427,0.999990000099999,0.9999997615814209
6428,0.999990000099999,0.9999997615814209
6429,0.999990000099999,0.9999997615814209
6430,0.999990000099999,0.9999997615814209
6431,0.999990000099999,0.9999997615814209
6432,0.999990000099999,0.9999997615814209
6433,0.999990000099999,0.9999997615814209
6434,0.999990000099999,0.9999997615814209
6435,0.999990000099999,0.9999997615814209
6436,0.999990000099999,0.9999997615814209
6437,0.999990000099999,0.9999997615814209
6438,0.999990000099999,0.9999997615814209
6439,0.999990000099999,0.9999997615814209
6440,0.999990000099999,0.9999997615814209
6441,0.999990000099999,0.9999997615814209
6442,0.999990000099999,0.9999997615814209
6443,0.999990000099999,0.9999997615814209
6444,0.999990000099999,0.9999997615814209
6445,0.999990000099999,0.9999997615814209
6446,0.999990000099999,0.9999997615814209
6447,0.999990000099999,0.9999997615814209
6448,0.999990000099999,0.9999997615814209
6449,0.999990000099999,0.9999997615814209
6450,0.999990000099999,0.9999997615814209
6451,0.999990000099999,0.9999997615814209
6452,0.999990000099999,0.9999997615814209
6453,0.999990000099999,0.9999997615814209
6454,0.999990000099999,0.9999997615814209
6455,0.999990000099999,0.9999997615814209
6456,0.999990000099999,0.9999997615814209
6457,0.999990000099999,0.9999997615814209
6458,0.999990000099999,0.9999997615814209
6459,0.999990000099999,0.9999997615814209
6460,0.999990000099999,0.9999997615814209
6461,0.999990000099999,0.9999997615814209
6462,0.999990000099999,0.9999997615814209
6463,0.999990000099999,0.9999997615814209
6464,0.999990000099999,0.9999997615814209
6465,0.999990000099999,0.9999997615814209
6466,0.999990000099999,0.9999997615814209
6467,0.999990000099999,0.9999997615814209
6468,0.999990000099999,0.9999997615814209
6469,0.999990000099999,0.9999997615814209
6470,0.999990000099999,0.9999997615814209
6471,0.999990000099999,0.9999997615814209
6472,0.999990000099999,0.9999997615814209
6473,0.999990000099999,0.9999997615814209
6474,0.999990000099999,0.9999997615814209
6475,0.999990000099999,0.9999997615814209
6476,0.999990000099999,0.9999997615814209
6477,0.999990000099999,0.9999997615814209
6478,0.999990000099999,0.9999997615814209
6479,0.999990000099999,0.9999997615814209
6480,0.999990000099999,0.9999997615814209
6481,0.999990000099999,0.9999997615814209
6482,0.999990000099999,0.9999997615814209
6483,0.999990000099999,0.9999997615814209
6484,0.999990000099999,0.9999997615814209
6485,0.999990000099999,0.9999997615814209
6486,0.999990000099999,0.9999997615814209
6487,0.999990000099999,0.9999997615814209
6488,0.999990000099999,0.9999997615814209
6489,0.999990000099999,0.9999997615814209
6490,0.999990000099999,0.9999997615814209
6491,0.999990000099999,0.9999997615814209
6492,0.999990000099999,0.9999997615814209
6493,0.999990000099999,0.9999997615814209
6494,0.999990000099999,0.9999997615814209
6495,0.999990000099999,0.9999997615814209
6496,0.999990000099999,0.9999997615814209
6497,0.999990000099999,0.9999997615814209
6498,0.999990000099999,0.9999997615814209
6499,0.999990000099999,0.9999997615814209
6500,0.999990000099999,0.9999997615814209
6501,0.999990000099999,0.9999997615814209
6502,0.999990000099999,0.9999997615814209
6503,0.999990000099999,0.9999997615814209
6504,0.999990000099999,0.9999997615814209
6505,0.999990000099999,0.9999997615814209
6506,0.999990000099999,0.9999997615814209
6507,0.999990000099999,0.9999997615814209
6508,0.999990000099999,0.9999997615814209
6509,0.999990000099999,0.9999997615814209
6510,0.999990000099999,0.9999997615814209
6511,0.999990000099999,0.9999997615814209
6512,0.999990000099999,0.9999997615814209
6513,0.999990000099999,0.9999997615814209
6514,0.999990000099999,0.9999997615814209
6515,0.999990000099999,0.9999997615814209
6516,0.999990000099999,0.9999997615814209
6517,0.999990000099999,0.9999997615814209
6518,0.999990000099999,0.9999997615814209
6519,0.999990000099999,0.9999997615814209
6520,0.999990000099999,0.9999997615814209
6521,0.999990000099999,0.9999997615814209
6522,0.999990000099999,0.9999997615814209
6523,0.999990000099999,0.9999997615814209
6524,0.999990000099999,0.9999997615814209
6525,0.999990000099999,0.9999997615814209
6526,0.999990000099999,0.9999997615814209
6527,0.999990000099999,0.9999997615814209
6528,0.999990000099999,0.9999997615814209
6529,0.999990000099999,0.9999997615814209
6530,0.999990000099999,0.9999997615814209
6531,0.999990000099999,0.9999997615814209
6532,0.999990000099999,0.9999997615814209
6533,0.999990000099999,0.9999997615814209
6534,0.999990000099999,0.9999997615814209
6535,0.999990000099999,0.9999997615814209
6536,0.999990000099999,0.9999997615814209
6537,0.999990000099999,0.9999997615814209
6538,0.999990000099999,0.9999997615814209
6539,0.999990000099999,0.9999997615814209
6540,0.999990000099999,0.9999997615814209
6541,0.999990000099999,0.9999997615814209
6542,0.999990000099999,0.9999997615814209
6543,0.999990000099999,0.9999997615814209
6544,0.999990000099999,0.9999997615814209
6545,0.999990000099999,0.9999997615814209
6546,0.999990000099999,0.9999997615814209
6547,0.999990000099999,0.9999997615814209
6548,0.999990000099999,0.9999997615814209
6549,0.999990000099999,0.9999997615814209
6550,0.999990000099999,0.9999997615814209
6551,0.999990000099999,0.9999997615814209
6552,0.999990000099999,0.9999997615814209
6553,0.999990000099999,0.9999997615814209
6554,0.999990000099999,0.9999997615814209
6555,0.999990000099999,0.9999997615814209
6556,0.999990000099999,0.9999997615814209
6557,0.999990000099999,0.9999997615814209
6558,0.999990000099999,0.9999997615814209
6559,0.999990000099999,0.9999997615814209
6560,0.999990000099999,0.9999997615814209
6561,0.999990000099999,0.9999997615814209
6562,0.999990000099999,0.9999997615814209
6563,0.999990000099999,0.9999997615814209
6564,0.999990000099999,0.9999997615814209
6565,0.999990000099999,0.9999997615814209
6566,0.999990000099999,0.9999997615814209
6567,0.999990000099999,0.9999997615814209
6568,0.999990000099999,0.9999997615814209
6569,0.999990000099999,0.9999997615814209
6570,0.999990000099999,0.9999997615814209
6571,0.999990000099999,0.9999997615814209
6572,0.999990000099999,0.9999997615814209
6573,0.999990000099999,0.9999997615814209
6574,0.999990000099999,0.9999997615814209
6575,0.999990000099999,0.9999997615814209
6576,0.999990000099999,0.9999997615814209
6577,0.999990000099999,0.9999997615814209
6578,0.999990000099999,0.9999997615814209
6579,0.999990000099999,0.9999997615814209
6580,0.999990000099999,0.9999997615814209
6581,0.999990000099999,0.9999997615814209
6582,0.999990000099999,0.9999997615814209
6583,0.999990000099999,0.9999997615814209
6584,0.999990000099999,0.9999997615814209
6585,0.999990000099999,0.9999997615814209
6586,0.999990000099999,0.9999997615814209
6587,0.999990000099999,0.9999997615814209
6588,0.999990000099999,0.9999997615814209
6589,0.999990000099999,0.9999997615814209
6590,0.999990000099999,0.9999997615814209
6591,0.999990000099999,0.9999997615814209
6592,0.999990000099999,0.9999997615814209
6593,0.999990000099999,0.9999997615814209
6594,0.999990000099999,0.9999997615814209
6595,0.999990000099999,0.9999997615814209
6596,0.999990000099999,0.9999997615814209
6597,0.999990000099999,0.9999997615814209
6598,0.999990000099999,0.9999997615814209
6599,0.999990000099999,0.9999997615814209
6600,0.999990000099999,0.9999997615814209
6601,0.999990000099999,0.9999997615814209
6602,0.999990000099999,0.9999997615814209
6603,0.999990000099999,0.9999997615814209
6604,0.999990000099999,0.9999997615814209
6605,0.999990000099999,0.9999997615814209
6606,0.999990000099999,0.9999997615814209
6607,0.999990000099999,0.9999997615814209
6608,0.999990000099999,0.9999997615814209
6609,0.999990000099999,0.9999997615814209
6610,0.999990000099999,0.9999997615814209
6611,0.999990000099999,0.9999997615814209
6612,0.999990000099999,0.9999997615814209
6613,0.999990000099999,0.9999997615814209
6614,0.999990000099999,0.9999997615814209
6615,0.999990000099999,0.9999997615814209
6616,0.999990000099999,0.9999997615814209
6617,0.999990000099999,0.9999997615814209
6618,0.999990000099999,0.9999997615814209
6619,0.999990000099999,0.9999997615814209
6620,0.999990000099999,0.9999997615814209
6621,0.999990000099999,0.9999997615814209
6622,0.999990000099999,0.9999997615814209
6623,0.999990000099999,0.9999997615814209
6624,0.999990000099999,0.9999997615814209
6625,0.999990000099999,0.9999997615814209
6626,0.999990000099999,0.9999997615814209
6627,0.999990000099999,0.9999997615814209
6628,0.999990000099999,0.9999997615814209
6629,0.999990000099999,0.9999997615814209
6630,0.999990000099999,0.9999997615814209
6631,0.999990000099999,0.9999997615814209
6632,0.999990000099999,0.9999997615814209
6633,0.999990000099999,0.9999997615814209
6634,0.999990000099999,0.9999997615814209
6635,0.999990000099999,0.9999997615814209
6636,0.999990000099999,0.9999997615814209
6637,0.999990000099999,0.9999997615814209
6638,0.999990000099999,0.9999997615814209
6639,0.999990000099999,0.9999997615814209
6640,0.999990000099999,0.9999997615814209
6641,0.999990000099999,0.9999997615814209
6642,0.999990000099999,0.9999997615814209
6643,0.999990000099999,0.9999997615814209
6644,0.999990000099999,0.9999997615814209
6645,0.999990000099999,0.9999997615814209
6646,0.999990000099999,0.9999997615814209
6647,0.999990000099999,0.9999997615814209
6648,0.999990000099999,0.9999997615814209
6649,0.999990000099999,0.9999997615814209
6650,0.999990000099999,0.9999997615814209
6651,0.999990000099999,0.9999997615814209
6652,0.999990000099999,0.9999997615814209
6653,0.999990000099999,0.9999997615814209
6654,0.999990000099999,0.9999997615814209
6655,0.999990000099999,0.9999997615814209
6656,0.999990000099999,0.9999997615814209
6657,0.999990000099999,0.9999998807907104
6658,0.999990000099999,0.9999998807907104
6659,0.999990000099999,0.9999998807907104
6660,0.999990000099999,0.9999998807907104
6661,0.999990000099999,0.9999998807907104
6662,0.999990000099999,0.9999998807907104
6663,0.999990000099999,0.9999998807907104
6664,0.999990000099999,0.9999998807907104
6665,0.999990000099999,0.9999998807907104
6666,0.999990000099999,0.9999998807907104
6667,0.999990000099999,0.9999998807907104
6668,0.999990000099999,0.9999998807907104
6669,0.999990000099999,0.9999998807907104
6670,0.999990000099999,0.9999998807907104
6671,0.999990000099999,0.9999998807907104
6672,0.999990000099999,0.9999998807907104
6673,0.999990000099999,0.9999998807907104
6674,0.999990000099999,0.9999998807907104
6675,0.999990000099999,0.9999998807907104
6676,0.999990000099999,0.9999998807907104
6677,0.999990000099999,0.9999998807907104
6678,0.999990000099999,0.9999998807907104
6679,0.999990000099999,0.9999998807907104
6680,0.999990000099999,0.9999998807907104
6681,0.999990000099999,0.9999998807907104
6682,0.999990000099999,0.9999998807907104
6683,0.999990000099999,0.9999998807907104
6684,0.999990000099999,0.9999998807907104
6685,0.999990000099999,0.9999998807907104
6686,0.999990000099999,0.9999998807907104
6687,0.999990000099999,0.9999998807907104
6688,0.999990000099999,0.9999998807907104
6689,0.999990000099999,0.9999998807907104
6690,0.999990000099999,0.9999998807907104
6691,0.999990000099999,0.9999998807907104
6692,0.999990000099999,0.9999998807907104
6693,0.999990000099999,0.9999998807907104
6694,0.999990000099999,0.9999998807907104
6695,0.999990000099999,0.9999998807907104
6696,0.999990000099999,0.9999998807907104
6697,0.999990000099999,0.9999998807907104
6698,0.999990000099999,0.9999998807907104
6699,0.999990000099999,0.9999998807907104
6700,0.999990000099999,0.9999998807907104
6701,0.999990000099999,0.9999998807907104
6702,0.999990000099999,0.9999998807907104
6703,0.999990000099999,0.9999998807907104
6704,0.999990000099999,0.9999998807907104
6705,0.999990000099999,0.9999998807907104
6706,0.999990000099999,0.9999998807907104
6707,0.999990000099999,0.9999998807907104
6708,0.999990000099999,0.9999998807907104
6709,0.999990000099999,0.9999998807907104
6710,0.999990000099999,0.9999998807907104
6711,0.999990000099999,0.9999998807907104
6712,0.999990000099999,0.9999998807907104
6713,0.999990000099999,0.9999998807907104
6714,0.999990000099999,0.9999998807907104
6715,0.999990000099999,0.9999998807907104
6716,0.999990000099999,0.9999998807907104
6717,0.999990000099999,0.9999998807907104
6718,0.999990000099999,0.9999998807907104
6719,0.999990000099999,0.9999998807907104
6720,0.999990000099999,0.9999998807907104
6721,0.999990000099999,0.9999998807907104
6722,0.999990000099999,0.9999998807907104
6723,0.999990000099999,0.9999998807907104
6724,0.999990000099999,0.9999998807907104
6725,0.999990000099999,0.9999998807907104
6726,0.999990000099999,0.9999998807907104
6727,0.999990000099999,0.9999998807907104
6728,0.999990000099999,0.9999998807907104
6729,0.999990000099999,0.9999998807907104
6730,0.999990000099999,0.9999998807907104
6731,0.999990000099999,0.9999998807907104
6732,0.999990000099999,0.9999998807907104
6733,0.999990000099999,0.9999998807907104
6734,0.999990000099999,0.9999998807907104
6735,0.999990000099999,0.9999998807907104
6736,0.999990000099999,0.9999998807907104
6737,0.999990000099999,0.9999998807907104
6738,0.999990000099999,0.9999998807907104
6739,0.999990000099999,0.9999998807907104
6740,0.999990000099999,0.9999998807907104
6741,0.999990000099999,0.9999998807907104
6742,0.999990000099999,0.9999998807907104
6743,0.999990000099999,0.9999998807907104
6744,0.999990000099999,0.9999998807907104
6745,0.999990000099999,0.9999998807907104
6746,0.999990000099999,0.9999998807907104
6747,0.999990000099999,0.9999998807907104
6748,0.999990000099999,0.9999998807907104
6749,0.999990000099999,0.9999998807907104
6750,0.999990000099999,0.9999998807907104
6751,0.999990000099999,0.9999998807907104
6752,0.999990000099999,0.9999998807907104
6753,0.999990000099999,0.9999998807907104
6754,0.999990000099999,0.9999998807907104
6755,0.999990000099999,0.9999998807907104
6756,0.999990000099999,0.9999998807907104
6757,0.999990000099999,0.9999998807907104
6758,0.999990000099999,0.9999998807907104
6759,0.999990000099999,0.9999998807907104
6760,0.999990000099999,0.9999998807907104
6761,0.999990000099999,0.9999998807907104
6762,0.999990000099999,0.9999998807907104
6763,0.999990000099999,0.9999998807907104
6764,0.999990000099999,0.9999998807907104
6765,0.999990000099999,0.9999998807907104
6766,0.999990000099999,0.9999998807907104
6767,0.999990000099999,0.9999998807907104
6768,0.999990000099999,0.9999998807907104
6769,0.999990000099999,0.9999998807907104
6770,0.999990000099999,0.9999998807907104
6771,0.999990000099999,0.9999998807907104
6772,0.999990000099999,0.9999998807907104
6773,0.999990000099999,0.9999998807907104
6774,0.999990000099999,0.9999998807907104
6775,0.999990000099999,0.9999998807907104
6776,0.999990000099999,0.9999998807907104
6777,0.999990000099999,0.9999998807907104
6778,0.999990000099999,0.9999998807907104
6779,0.999990000099999,0.9999998807907104
6780,0.999990000099999,0.9999998807907104
6781,0.999990000099999,0.9999998807907104
6782,0.999990000099999,0.9999998807907104
6783,0.999990000099999,0.9999998807907104
6784,0.999990000099999,0.9999998807907104
6785,0.999990000099999,0.9999998807907104
6786,0.999990000099999,0.9999998807907104
6787,0.999990000099999,0.9999998807907104
6788,0.999990000099999,0.9999998807907104
6789,0.999990000099999,0.9999998807907104
6790,0.999990000099999,0.9999998807907104
6791,0.999990000099999,0.9999998807907104
6792,0.999990000099999,0.9999998807907104
6793,0.999990000099999,0.9999998807907104
6794,0.999990000099999,0.9999998807907104
6795,0.999990000099999,0.9999998807907104
6796,0.999990000099999,0.9999998807907104
6797,0.999990000099999,0.9999998807907104
6798,0.999990000099999,0.9999998807907104
6799,0.999990000099999,0.9999998807907104
6800,0.999990000099999,0.9999998807907104
6801,0.999990000099999,0.9999998807907104
6802,0.999990000099999,0.9999998807907104
6803,0.999990000099999,0.9999998807907104
6804,0.999990000099999,0.9999998807907104
6805,0.999990000099999,0.9999998807907104
6806,0.999990000099999,0.9999998807907104
6807,0.999990000099999,0.9999998807907104
6808,0.999990000099999,0.9999998807907104
6809,0.999990000099999,0.9999998807907104
6810,0.999990000099999,0.9999998807907104
6811,0.999990000099999,0.9999998807907104
6812,0.999990000099999,0.9999998807907104
6813,0.999990000099999,0.9999998807907104
6814,0.999990000099999,0.9999998807907104
6815,0.999990000099999,0.9999998807907104
6816,0.999990000099999,0.9999998807907104
6817,0.999990000099999,0.9999998807907104
6818,0.999990000099999,0.9999998807907104
6819,0.999990000099999,0.9999998807907104
6820,0.999990000099999,0.9999998807907104
6821,0.999990000099999,0.9999998807907104
6822,0.999990000099999,0.9999998807907104
6823,0.999990000099999,0.9999998807907104
6824,0.999990000099999,0.9999998807907104
6825,0.999990000099999,0.9999998807907104
6826,0.999990000099999,0.9999998807907104
6827,0.999990000099999,0.9999998807907104
6828,0.999990000099999,0.9999998807907104
6829,0.999990000099999,0.9999998807907104
6830,0.999990000099999,0.9999998807907104
6831,0.999990000099999,0.9999998807907104
6832,0.999990000099999,0.9999998807907104
6833,0.999990000099999,0.9999998807907104
6834,0.999990000099999,0.9999998807907104
6835,0.999990000099999,0.9999998807907104
6836,0.999990000099999,0.9999998807907104
6837,0.999990000099999,0.9999998807907104
6838,0.999990000099999,0.9999998807907104
6839,0.999990000099999,0.9999998807907104
6840,0.999990000099999,0.9999998807907104
6841,0.999990000099999,0.9999998807907104
6842,0.999990000099999,0.9999998807907104
6843,0.999990000099999,0.9999998807907104
6844,0.999990000099999,0.9999998807907104
6845,0.999990000099999,0.9999998807907104
6846,0.999990000099999,0.9999998807907104
6847,0.999990000099999,0.9999998807907104
6848,0.999990000099999,0.9999998807907104
6849,0.999990000099999,0.9999998807907104
6850,0.999990000099999,0.9999998807907104
6851,0.999990000099999,0.9999998807907104
6852,0.999990000099999,0.9999998807907104
6853,0.999990000099999,0.9999998807907104
6854,0.999990000099999,0.9999998807907104
6855,0.999990000099999,0.9999998807907104
6856,0.999990000099999,0.9999998807907104
6857,0.999990000099999,0.9999998807907104
6858,0.999990000099999,0.9999998807907104
6859,0.999990000099999,0.9999998807907104
6860,0.999990000099999,0.9999998807907104
6861,0.999990000099999,0.9999998807907104
6862,0.999990000099999,0.9999998807907104
6863,0.999990000099999,0.9999998807907104
6864,0.999990000099999,0.9999998807907104
6865,0.999990000099999,0.9999998807907104
6866,0.999990000099999,0.9999998807907104
6867,0.999990000099999,0.9999998807907104
6868,0.999990000099999,0.9999998807907104
6869,0.999990000099999,0.9999998807907104
6870,0.999990000099999,0.9999998807907104
6871,0.999990000099999,0.9999998807907104
6872,0.999990000099999,0.9999998807907104
6873,0.999990000099999,0.9999998807907104
6874,0.999990000099999,0.9999998807907104
6875,0.999990000099999,0.9999998807907104
6876,0.999990000099999,0.9999998807907104
6877,0.999990000099999,0.9999998807907104
6878,0.999990000099999,0.9999998807907104
6879,0.999990000099999,0.9999998807907104
6880,0.999990000099999,0.9999998807907104
6881,0.999990000099999,0.9999998807907104
6882,0.999990000099999,0.9999998807907104
6883,0.999990000099999,0.9999998807907104
6884,0.999990000099999,0.9999998807907104
6885,0.999990000099999,0.9999998807907104
6886,0.999990000099999,0.9999998807907104
6887,0.999990000099999,0.9999998807907104
6888,0.999990000099999,0.9999998807907104
6889,0.999990000099999,0.9999998807907104
6890,0.999990000099999,0.9999998807907104
6891,0.999990000099999,0.9999998807907104
6892,0.999990000099999,0.9999998807907104
6893,0.999990000099999,0.9999998807907104
6894,0.999990000099999,0.9999998807907104
6895,0.999990000099999,0.9999998807907104
6896,0.999990000099999,0.9999998807907104
6897,0.999990000099999,0.9999998807907104
6898,0.999990000099999,0.9999998807907104
6899,0.999990000099999,0.9999998807907104
6900,0.999990000099999,0.9999998807907104
6901,0.999990000099999,0.9999998807907104
6902,0.999990000099999,0.9999998807907104
6903,0.999990000099999,0.9999998807907104
6904,0.999990000099999,0.9999998807907104
6905,0.999990000099999,0.9999998807907104
6906,0.999990000099999,0.9999998807907104
6907,0.999990000099999,0.9999998807907104
6908,0.999990000099999,0.9999998807907104
6909,0.999990000099999,0.9999998807907104
6910,0.999990000099999,0.9999998807907104
6911,0.999990000099999,0.9999998807907104
6912,0.999990000099999,0.9999998807907104
6913,0.999990000099999,0.9999998807907104
6914,0.999990000099999,0.9999998807907104
6915,0.999990000099999,0.9999998807907104
6916,0.999990000099999,0.9999998807907104
6917,0.999990000099999,0.9999998807907104
6918,0.999990000099999,0.9999998807907104
6919,0.999990000099999,0.9999998807907104
6920,0.999990000099999,0.9999998807907104
6921,0.999990000099999,0.9999998807907104
6922,0.999990000099999,0.9999998807907104
6923,0.999990000099999,0.9999998807907104
6924,0.999990000099999,0.9999998807907104
6925,0.999990000099999,0.9999998807907104
6926,0.999990000099999,0.9999998807907104
6927,0.999990000099999,0.9999998807907104
6928,0.999990000099999,0.9999998807907104
6929,0.999990000099999,0.9999998807907104
6930,0.999990000099999,0.9999998807907104
6931,0.999990000099999,0.9999998807907104
6932,0.999990000099999,0.9999998807907104
6933,0.999990000099999,0.9999998807907104
6934,0.999990000099999,0.9999998807907104
6935,0.999990000099999,0.9999998807907104
6936,0.999990000099999,0.9999998807907104
6937,0.999990000099999,0.9999998807907104
6938,0.999990000099999,0.9999998807907104
6939,0.999990000099999,0.9999998807907104
6940,0.999990000099999,0.9999998807907104
6941,0.999990000099999,0.9999998807907104
6942,0.999990000099999,0.9999998807907104
6943,0.999990000099999,0.9999998807907104
6944,0.999990000099999,0.9999998807907104
6945,0.999990000099999,0.9999998807907104
6946,0.999990000099999,0.9999998807907104
6947,0.999990000099999,0.9999998807907104
6948,0.999990000099999,0.9999998807907104
6949,0.999990000099999,0.9999998807907104
6950,0.999990000099999,0.9999998807907104
6951,0.999990000099999,0.9999998807907104
6952,0.999990000099999,0.9999998807907104
6953,0.999990000099999,0.9999998807907104
6954,0.999990000099999,0.9999998807907104
6955,0.999990000099999,0.9999998807907104
6956,0.999990000099999,0.9999998807907104
6957,0.999990000099999,0.9999998807907104
6958,0.999990000099999,0.9999998807907104
6959,0.999990000099999,0.9999998807907104
6960,0.999990000099999,0.9999998807907104
6961,0.999990000099999,0.9999998807907104
6962,0.999990000099999,0.9999998807907104
6963,0.999990000099999,0.9999998807907104
6964,0.999990000099999,0.9999998807907104
6965,0.999990000099999,0.9999998807907104
6966,0.999990000099999,0.9999998807907104
6967,0.999990000099999,0.9999998807907104
6968,0.999990000099999,0.9999998807907104
6969,0.999990000099999,0.9999998807907104
6970,0.999990000099999,0.9999998807907104
6971,0.999990000099999,0.9999998807907104
6972,0.999990000099999,0.9999998807907104
6973,0.999990000099999,0.9999998807907104
6974,0.999990000099999,0.9999998807907104
6975,0.999990000099999,0.9999998807907104
6976,0.999990000099999,0.9999998807907104
6977,0.999990000099999,0.9999998807907104
6978,0.999990000099999,0.9999998807907104
6979,0.999990000099999,0.9999998807907104
6980,0.999990000099999,0.9999998807907104
6981,0.999990000099999,0.9999998807907104
6982,0.999990000099999,0.9999998807907104
6983,0.999990000099999,0.9999998807907104
6984,0.999990000099999,0.9999998807907104
6985,0.999990000099999,0.9999998807907104
6986,0.999990000099999,0.9999998807907104
6987,0.999990000099999,0.9999998807907104
6988,0.999990000099999,0.9999998807907104
6989,0.999990000099999,0.9999998807907104
6990,0.999990000099999,0.9999998807907104
6991,0.999990000099999,0.9999998807907104
6992,0.999990000099999,0.9999998807907104
6993,0.999990000099999,0.9999998807907104
6994,0.999990000099999,0.9999998807907104
6995,0.999990000099999,0.9999998807907104
6996,0.999990000099999,0.9999998807907104
6997,0.999990000099999,0.9999998807907104
6998,0.999990000099999,0.9999998807907104
6999,0.999990000099999,0.9999998807907104
7000,0.999990000099999,0.9999998807907104
7001,0.999990000099999,0.9999998807907104
7002,0.999990000099999,0.9999998807907104
7003,0.999990000099999,0.9999998807907104
7004,0.999990000099999,0.9999998807907104
7005,0.999990000099999,0.9999998807907104
7006,0.999990000099999,0.9999998807907104
7007,0.999990000099999,0.9999998807907104
7008,0.999990000099999,0.9999998807907104
7009,0.999990000099999,0.9999998807907104
7010,0.999990000099999,0.9999998807907104
7011,0.999990000099999,0.9999998807907104
7012,0.999990000099999,0.9999998807907104
7013,0.999990000099999,0.9999998807907104
7014,0.999990000099999,0.9999998807907104
7015,0.999990000099999,0.9999998807907104
7016,0.999990000099999,0.9999998807907104
7017,0.999990000099999,0.9999998807907104
7018,0.999990000099999,0.9999998807907104
7019,0.999990000099999,0.9999998807907104
7020,0.999990000099999,0.9999998807907104
7021,0.999990000099999,0.9999998807907104
7022,0.999990000099999,0.9999998807907104
7023,0.999990000099999,0.9999998807907104
7024,0.999990000099999,0.9999998807907104
7025,0.999990000099999,0.9999998807907104
7026,0.999990000099999,0.9999998807907104
7027,0.999990000099999,0.9999998807907104
7028,0.999990000099999,0.9999998807907104
7029,0.999990000099999,0.9999998807907104
7030,0.999990000099999,0.9999998807907104
7031,0.999990000099999,0.9999998807907104
7032,0.999990000099999,0.9999998807907104
7033,0.999990000099999,0.9999998807907104
7034,0.999990000099999,0.9999998807907104
7035,0.999990000099999,0.9999998807907104
7036,0.999990000099999,0.9999998807907104
7037,0.999990000099999,0.9999998807907104
7038,0.999990000099999,0.9999998807907104
7039,0.999990000099999,0.9999998807907104
7040,0.999990000099999,0.9999998807907104
7041,0.999990000099999,0.9999998807907104
7042,0.999990000099999,0.9999998807907104
7043,0.999990000099999,0.9999998807907104
7044,0.999990000099999,0.9999998807907104
7045,0.999990000099999,0.9999998807907104
7046,0.999990000099999,0.9999998807907104
7047,0.999990000099999,0.9999998807907104
7048,0.999990000099999,0.9999998807907104
7049,0.999990000099999,0.9999998807907104
7050,0.999990000099999,0.9999998807907104
7051,0.999990000099999,0.9999998807907104
7052,0.999990000099999,0.9999998807907104
7053,0.999990000099999,0.9999998807907104
7054,0.999990000099999,0.9999998807907104
7055,0.999990000099999,0.9999998807907104
7056,0.999990000099999,0.9999998807907104
7057,0.999990000099999,0.9999998807907104
7058,0.999990000099999,0.9999998807907104
7059,0.999990000099999,0.9999998807907104
7060,0.999990000099999,0.9999998807907104
7061,0.999990000099999,0.9999998807907104
7062,0.999990000099999,0.9999998807907104
7063,0.999990000099999,0.9999998807907104
7064,0.999990000099999,0.9999998807907104
7065,0.999990000099999,0.9999998807907104
7066,0.999990000099999,0.9999998807907104
7067,0.999990000099999,0.9999998807907104
7068,0.999990000099999,0.9999998807907104
7069,0.999990000099999,0.9999998807907104
7070,0.999990000099999,0.9999998807907104
7071,0.999990000099999,0.9999998807907104
7072,0.999990000099999,0.9999998807907104
7073,0.999990000099999,0.9999998807907104
7074,0.999990000099999,0.9999998807907104
7075,0.999990000099999,0.9999998807907104
7076,0.999990000099999,0.9999998807907104
7077,0.999990000099999,0.9999998807907104
7078,0.999990000099999,0.9999998807907104
7079,0.999990000099999,0.9999998807907104
7080,0.999990000099999,0.9999998807907104
7081,0.999990000099999,0.9999998807907104
7082,0.999990000099999,0.9999998807907104
7083,0.999990000099999,0.9999998807907104
7084,0.999990000099999,0.9999998807907104
7085,0.999990000099999,0.9999998807907104
7086,0.999990000099999,0.9999998807907104
7087,0.999990000099999,0.9999998807907104
7088,0.999990000099999,0.9999998807907104
7089,0.999990000099999,0.9999998807907104
7090,0.999990000099999,0.9999998807907104
7091,0.999990000099999,0.9999998807907104
7092,0.999990000099999,0.9999998807907104
7093,0.999990000099999,0.9999998807907104
7094,0.999990000099999,0.9999998807907104
7095,0.999990000099999,0.9999998807907104
7096,0.999990000099999,0.9999998807907104
7097,0.999990000099999,0.9999998807907104
7098,0.999990000099999,0.9999998807907104
7099,0.999990000099999,0.9999998807907104
7100,0.999990000099999,0.9999998807907104
7101,0.999990000099999,0.9999998807907104
7102,0.999990000099999,0.9999998807907104
7103,0.999990000099999,0.9999998807907104
7104,0.999990000099999,0.9999998807907104
7105,0.999990000099999,0.9999998807907104
7106,0.999990000099999,0.9999998807907104
7107,0.999990000099999,0.9999998807907104
7108,0.999990000099999,0.9999998807907104
7109,0.999990000099999,0.9999998807907104
7110,0.999990000099999,0.9999998807907104
7111,0.999990000099999,0.9999998807907104
7112,0.999990000099999,0.9999998807907104
7113,0.999990000099999,0.9999998807907104
7114,0.999990000099999,0.9999998807907104
7115,0.999990000099999,0.9999998807907104
7116,0.999990000099999,0.9999998807907104
7117,0.999990000099999,0.9999998807907104
7118,0.999990000099999,0.9999998807907104
7119,0.999990000099999,0.9999998807907104
7120,0.999990000099999,0.9999998807907104
7121,0.999990000099999,0.9999998807907104
7122,0.999990000099999,0.9999998807907104
7123,0.999990000099999,0.9999998807907104
7124,0.999990000099999,0.9999998807907104
7125,0.999990000099999,0.9999998807907104
7126,0.999990000099999,0.9999998807907104
7127,0.999990000099999,0.9999998807907104
7128,0.999990000099999,0.9999998807907104
7129,0.999990000099999,0.9999998807907104
7130,0.999990000099999,0.9999998807907104
7131,0.999990000099999,0.9999998807907104
7132,0.999990000099999,0.9999998807907104
7133,0.999990000099999,0.9999998807907104
7134,0.999990000099999,0.9999998807907104
7135,0.999990000099999,0.9999998807907104
7136,0.999990000099999,0.9999998807907104
7137,0.999990000099999,0.9999998807907104
7138,0.999990000099999,0.9999998807907104
7139,0.999990000099999,0.9999998807907104
7140,0.999990000099999,0.9999998807907104
7141,0.999990000099999,0.9999998807907104
7142,0.999990000099999,0.9999998807907104
7143,0.999990000099999,0.9999998807907104
7144,0.999990000099999,0.9999998807907104
7145,0.999990000099999,0.9999998807907104
7146,0.999990000099999,0.9999998807907104
7147,0.999990000099999,0.9999998807907104
7148,0.999990000099999,0.9999998807907104
7149,0.999990000099999,0.9999998807907104
7150,0.999990000099999,0.9999998807907104
7151,0.999990000099999,0.9999998807907104
7152,0.999990000099999,0.9999998807907104
7153,0.999990000099999,0.9999998807907104
7154,0.999990000099999,0.9999998807907104
7155,0.999990000099999,0.9999998807907104
7156,0.999990000099999,0.9999998807907104
7157,0.999990000099999,0.9999998807907104
7158,0.999990000099999,0.9999998807907104
7159,0.999990000099999,0.9999998807907104
7160,0.999990000099999,0.9999998807907104
7161,0.999990000099999,0.9999998807907104
7162,0.999990000099999,0.9999998807907104
7163,0.999990000099999,0.9999998807907104
7164,0.999990000099999,0.9999998807907104
7165,0.999990000099999,0.9999998807907104
7166,0.999990000099999,0.9999998807907104
7167,0.999990000099999,0.9999998807907104
7168,0.999990000099999,0.9999998807907104
7169,0.999990000099999,0.9999998807907104
7170,0.999990000099999,0.9999998807907104
7171,0.999990000099999,0.9999998807907104
7172,0.999990000099999,0.9999998807907104
7173,0.999990000099999,0.9999998807907104
7174,0.999990000099999,0.9999998807907104
7175,0.999990000099999,0.9999998807907104
7176,0.999990000099999,0.9999998807907104
7177,0.999990000099999,0.9999998807907104
7178,0.999990000099999,0.9999998807907104
7179,0.999990000099999,0.9999998807907104
7180,0.999990000099999,0.9999998807907104
7181,0.999990000099999,0.9999998807907104
7182,0.999990000099999,0.9999998807907104
7183,0.999990000099999,0.9999998807907104
7184,0.999990000099999,0.9999998807907104
7185,0.999990000099999,0.9999998807907104
7186,0.999990000099999,0.9999998807907104
7187,0.999990000099999,0.9999998807907104
7188,0.999990000099999,0.9999998807907104
7189,0.999990000099999,0.9999998807907104
7190,0.999990000099999,0.9999998807907104
7191,0.999990000099999,0.9999998807907104
7192,0.999990000099999,0.9999998807907104
7193,0.999990000099999,0.9999998807907104
7194,0.999990000099999,0.9999998807907104
7195,0.999990000099999,0.9999998807907104
7196,0.999990000099999,0.9999998807907104
7197,0.999990000099999,0.9999998807907104
7198,0.999990000099999,0.9999998807907104
7199,0.999990000099999,0.9999998807907104
7200,0.999990000099999,0.9999998807907104
7201,0.999990000099999,0.9999998807907104
7202,0.999990000099999,0.9999998807907104
7203,0.999990000099999,0.9999998807907104
7204,0.999990000099999,0.9999998807907104
7205,0.999990000099999,0.9999998807907104
7206,0.999990000099999,0.9999998807907104
7207,0.999990000099999,0.9999998807907104
7208,0.999990000099999,0.9999998807907104
7209,0.999990000099999,0.9999998807907104
7210,0.999990000099999,0.9999998807907104
7211,0.999990000099999,0.9999998807907104
7212,0.999990000099999,0.9999998807907104
7213,0.999990000099999,0.9999998807907104
7214,0.999990000099999,0.9999998807907104
7215,0.999990000099999,0.9999998807907104
7216,0.999990000099999,0.9999998807907104
7217,0.999990000099999,0.9999998807907104
7218,0.999990000099999,0.9999998807907104
7219,0.999990000099999,0.9999998807907104
7220,0.999990000099999,0.9999998807907104
7221,0.999990000099999,0.9999998807907104
7222,0.999990000099999,0.9999998807907104
7223,0.999990000099999,0.9999998807907104
7224,0.999990000099999,0.9999998807907104
7225,0.999990000099999,0.9999998807907104
7226,0.999990000099999,0.9999998807907104
7227,0.999990000099999,0.9999998807907104
7228,0.999990000099999,0.9999998807907104
7229,0.999990000099999,0.9999998807907104
7230,0.999990000099999,0.9999998807907104
7231,0.999990000099999,0.9999998807907104
7232,0.999990000099999,0.9999998807907104
7233,0.999990000099999,0.9999998807907104
7234,0.999990000099999,0.9999998807907104
7235,0.999990000099999,0.9999998807907104
7236,0.999990000099999,0.9999998807907104
7237,0.999990000099999,0.9999998807907104
7238,0.999990000099999,0.9999998807907104
7239,0.999990000099999,0.9999998807907104
7240,0.999990000099999,0.9999998807907104
7241,0.999990000099999,0.9999998807907104
7242,0.999990000099999,0.9999998807907104
7243,0.999990000099999,0.9999998807907104
7244,0.999990000099999,0.9999998807907104
7245,0.999990000099999,0.9999998807907104
7246,0.999990000099999,0.9999998807907104
7247,0.999990000099999,0.9999998807907104
7248,0.999990000099999,0.9999998807907104
7249,0.999990000099999,0.9999998807907104
7250,0.999990000099999,0.9999998807907104
7251,0.999990000099999,0.9999998807907104
7252,0.999990000099999,0.9999998807907104
7253,0.999990000099999,0.9999998807907104
7254,0.999990000099999,0.9999998807907104
7255,0.999990000099999,0.9999998807907104
7256,0.999990000099999,0.9999998807907104
7257,0.999990000099999,0.9999998807907104
7258,0.999990000099999,0.9999998807907104
7259,0.999990000099999,0.9999998807907104
7260,0.999990000099999,0.9999998807907104
7261,0.999990000099999,0.9999998807907104
7262,0.999990000099999,0.9999998807907104
7263,0.999990000099999,0.9999998807907104
7264,0.999990000099999,0.9999998807907104
7265,0.999990000099999,0.9999998807907104
7266,0.999990000099999,0.9999998807907104
7267,0.999990000099999,0.9999998807907104
7268,0.999990000099999,0.9999998807907104
7269,0.999990000099999,0.9999998807907104
7270,0.999990000099999,0.9999998807907104
7271,0.999990000099999,0.9999998807907104
7272,0.999990000099999,0.9999998807907104
7273,0.999990000099999,0.9999998807907104
7274,0.999990000099999,0.9999998807907104
7275,0.999990000099999,0.9999998807907104
7276,0.999990000099999,0.9999998807907104
7277,0.999990000099999,0.9999998807907104
7278,0.999990000099999,0.9999998807907104
7279,0.999990000099999,0.9999998807907104
7280,0.999990000099999,0.9999998807907104
7281,0.999990000099999,0.9999998807907104
7282,0.999990000099999,0.9999998807907104
7283,0.999990000099999,0.9999998807907104
7284,0.999990000099999,0.9999998807907104
7285,0.999990000099999,0.9999998807907104
7286,0.999990000099999,0.9999998807907104
7287,0.999990000099999,0.9999998807907104
7288,0.999990000099999,0.9999998807907104
7289,0.999990000099999,0.9999998807907104
7290,0.999990000099999,0.9999998807907104
7291,0.999990000099999,0.9999998807907104
7292,0.999990000099999,0.9999998807907104
7293,0.999990000099999,0.9999998807907104
7294,0.999990000099999,0.9999998807907104
7295,0.999990000099999,0.9999998807907104
7296,0.999990000099999,0.9999998807907104
7297,0.999990000099999,0.9999998807907104
7298,0.999990000099999,0.9999998807907104
7299,0.999990000099999,0.9999998807907104
7300,0.999990000099999,0.9999998807907104
7301,0.999990000099999,0.9999998807907104
7302,0.999990000099999,0.9999998807907104
7303,0.999990000099999,0.9999998807907104
7304,0.999990000099999,0.9999998807907104
7305,0.999990000099999,0.9999998807907104
7306,0.999990000099999,0.9999998807907104
7307,0.999990000099999,0.9999998807907104
7308,0.999990000099999,0.9999998807907104
7309,0.999990000099999,0.9999998807907104
7310,0.999990000099999,0.9999998807907104
7311,0.999990000099999,0.9999998807907104
7312,0.999990000099999,0.9999998807907104
7313,0.999990000099999,0.9999998807907104
7314,0.999990000099999,0.9999998807907104
7315,0.999990000099999,0.9999998807907104
7316,0.999990000099999,0.9999998807907104
7317,0.999990000099999,0.9999998807907104
7318,0.999990000099999,0.9999998807907104
7319,0.999990000099999,0.9999998807907104
7320,0.999990000099999,0.9999998807907104
7321,0.999990000099999,0.9999998807907104
7322,0.999990000099999,0.9999998807907104
7323,0.999990000099999,0.9999998807907104
7324,0.999990000099999,0.9999998807907104
7325,0.999990000099999,0.9999998807907104
7326,0.999990000099999,0.9999998807907104
7327,0.999990000099999,0.9999998807907104
7328,0.999990000099999,0.9999998807907104
7329,0.999990000099999,0.9999998807907104
7330,0.999990000099999,0.9999998807907104
7331,0.999990000099999,0.9999998807907104
7332,0.999990000099999,0.9999998807907104
7333,0.999990000099999,0.9999998807907104
7334,0.999990000099999,0.9999998807907104
7335,0.999990000099999,0.9999998807907104
7336,0.999990000099999,0.9999998807907104
7337,0.999990000099999,0.9999998807907104
7338,0.999990000099999,0.9999998807907104
7339,0.999990000099999,0.9999998807907104
7340,0.999990000099999,0.9999998807907104
7341,0.999990000099999,0.9999998807907104
7342,0.999990000099999,0.9999998807907104
7343,0.999990000099999,0.9999998807907104
7344,0.999990000099999,0.9999998807907104
7345,0.999990000099999,0.9999998807907104
7346,0.999990000099999,0.9999998807907104
7347,0.999990000099999,0.9999998807907104
7348,0.999990000099999,0.9999998807907104
7349,0.999990000099999,0.9999998807907104
7350,0.999990000099999,0.9999998807907104
7351,0.999990000099999,0.9999998807907104
7352,0.999990000099999,0.9999998807907104
7353,0.999990000099999,0.9999998807907104
7354,0.999990000099999,0.9999998807907104
7355,0.999990000099999,0.9999998807907104
7356,0.999990000099999,0.9999998807907104
7357,0.999990000099999,0.9999998807907104
7358,0.999990000099999,0.9999998807907104
7359,0.999990000099999,0.9999998807907104
7360,0.999990000099999,0.9999998807907104
7361,0.999990000099999,0.9999998807907104
7362,0.999990000099999,0.9999998807907104
7363,0.999990000099999,0.9999998807907104
7364,0.999990000099999,0.9999998807907104
7365,0.999990000099999,0.9999998807907104
7366,0.999990000099999,0.9999998807907104
7367,0.999990000099999,0.9999998807907104
7368,0.999990000099999,0.9999998807907104
7369,0.999990000099999,0.9999998807907104
7370,0.999990000099999,0.9999998807907104
7371,0.999990000099999,0.9999998807907104
7372,0.999990000099999,0.9999998807907104
7373,0.999990000099999,0.9999998807907104
7374,0.999990000099999,0.9999998807907104
7375,0.999990000099999,0.9999998807907104
7376,0.999990000099999,0.9999998807907104
7377,0.999990000099999,0.9999998807907104
7378,0.999990000099999,0.9999998807907104
7379,0.999990000099999,0.9999998807907104
7380,0.999990000099999,0.9999998807907104
7381,0.999990000099999,0.9999998807907104
7382,0.999990000099999,0.9999998807907104
7383,0.999990000099999,0.9999998807907104
7384,0.999990000099999,0.9999998807907104
7385,0.999990000099999,0.9999998807907104
7386,0.999990000099999,0.9999998807907104
7387,0.999990000099999,0.9999998807907104
7388,0.999990000099999,0.9999998807907104
7389,0.999990000099999,0.9999998807907104
7390,0.999990000099999,0.9999998807907104
7391,0.999990000099999,0.9999998807907104
7392,0.999990000099999,0.9999998807907104
7393,0.999990000099999,0.9999998807907104
7394,0.999990000099999,0.9999998807907104
7395,0.999990000099999,0.9999998807907104
7396,0.999990000099999,0.9999998807907104
7397,0.999990000099999,0.9999998807907104
7398,0.999990000099999,0.9999998807907104
7399,0.999990000099999,0.9999998807907104
7400,0.999990000099999,0.9999998807907104
7401,0.999990000099999,0.9999998807907104
7402,0.999990000099999,0.9999998807907104
7403,0.999990000099999,0.9999998807907104
7404,0.999990000099999,0.9999998807907104
7405,0.999990000099999,0.9999998807907104
7406,0.999990000099999,0.9999998807907104
7407,0.999990000099999,0.9999998807907104
7408,0.999990000099999,0.9999998807907104
7409,0.999990000099999,0.9999998807907104
7410,0.999990000099999,0.9999998807907104
7411,0.999990000099999,0.9999998807907104
7412,0.999990000099999,0.9999998807907104
7413,0.999990000099999,0.9999998807907104
7414,0.999990000099999,0.9999998807907104
7415,0.999990000099999,0.9999998807907104
7416,0.999990000099999,0.9999998807907104
7417,0.999990000099999,0.9999998807907104
7418,0.999990000099999,0.9999998807907104
7419,0.999990000099999,0.9999998807907104
7420,0.999990000099999,0.9999998807907104
7421,0.999990000099999,0.9999998807907104
7422,0.999990000099999,0.9999998807907104
7423,0.999990000099999,0.9999998807907104
7424,0.999990000099999,0.9999998807907104
7425,0.999990000099999,0.9999998807907104
7426,0.999990000099999,0.9999998807907104
7427,0.999990000099999,0.9999998807907104
7428,0.999990000099999,0.9999998807907104
7429,0.999990000099999,0.9999998807907104
7430,0.999990000099999,0.9999998807907104
7431,0.999990000099999,0.9999998807907104
7432,0.999990000099999,0.9999998807907104
7433,0.999990000099999,0.9999998807907104
7434,0.999990000099999,0.9999998807907104
7435,0.999990000099999,0.9999998807907104
7436,0.999990000099999,0.9999998807907104
7437,0.999990000099999,0.9999998807907104
7438,0.999990000099999,0.9999998807907104
7439,0.999990000099999,0.9999998807907104
7440,0.999990000099999,0.9999998807907104
7441,0.999990000099999,0.9999998807907104
7442,0.999990000099999,0.9999998807907104
7443,0.999990000099999,0.9999998807907104
7444,0.999990000099999,0.9999998807907104
7445,0.999990000099999,0.9999998807907104
7446,0.999990000099999,0.9999998807907104
7447,0.999990000099999,0.9999998807907104
7448,0.999990000099999,0.9999998807907104
7449,0.999990000099999,0.9999998807907104
7450,0.999990000099999,0.9999998807907104
7451,0.999990000099999,0.9999998807907104
7452,0.999990000099999,0.9999998807907104
7453,0.999990000099999,0.9999998807907104
7454,0.999990000099999,0.9999998807907104
7455,0.999990000099999,0.9999998807907104
7456,0.999990000099999,0.9999998807907104
7457,0.999990000099999,0.9999998807907104
7458,0.999990000099999,0.9999998807907104
7459,0.999990000099999,0.9999998807907104
7460,0.999990000099999,0.9999998807907104
7461,0.999990000099999,0.9999998807907104
7462,0.999990000099999,0.9999998807907104
7463,0.999990000099999,0.9999998807907104
7464,0.999990000099999,0.9999998807907104
7465,0.999990000099999,0.9999998807907104
7466,0.999990000099999,0.9999998807907104
7467,0.999990000099999,0.9999998807907104
7468,0.999990000099999,0.9999998807907104
7469,0.999990000099999,0.9999998807907104
7470,0.999990000099999,0.9999998807907104
7471,0.999990000099999,0.9999998807907104
7472,0.999990000099999,0.9999998807907104
7473,0.999990000099999,0.9999998807907104
7474,0.999990000099999,0.9999998807907104
7475,0.999990000099999,0.9999998807907104
7476,0.999990000099999,0.9999998807907104
7477,0.999990000099999,0.9999998807907104
7478,0.999990000099999,0.9999998807907104
7479,0.999990000099999,0.9999998807907104
7480,0.999990000099999,0.9999998807907104
7481,0.999990000099999,0.9999998807907104
7482,0.999990000099999,0.9999998807907104
7483,0.999990000099999,0.9999998807907104
7484,0.999990000099999,0.9999998807907104
7485,0.999990000099999,0.9999998807907104
7486,0.999990000099999,0.9999998807907104
7487,0.999990000099999,0.9999998807907104
7488,0.999990000099999,0.9999998807907104
7489,0.999990000099999,0.9999998807907104
7490,0.999990000099999,0.9999998807907104
7491,0.999990000099999,0.9999998807907104
7492,0.999990000099999,0.9999998807907104
7493,0.999990000099999,0.9999998807907104
7494,0.999990000099999,0.9999998807907104
7495,0.999990000099999,0.9999998807907104
7496,0.999990000099999,0.9999998807907104
7497,0.999990000099999,0.9999998807907104
7498,0.999990000099999,0.9999998807907104
7499,0.999990000099999,0.9999998807907104
7500,0.999990000099999,0.9999998807907104
7501,0.999990000099999,0.9999998807907104
7502,0.999990000099999,0.9999998807907104
7503,0.999990000099999,0.9999998807907104
7504,0.999990000099999,0.9999998807907104
7505,0.999990000099999,0.9999998807907104
7506,0.999990000099999,0.9999998807907104
7507,0.999990000099999,0.9999998807907104
7508,0.999990000099999,0.9999998807907104
7509,0.999990000099999,0.9999998807907104
7510,0.999990000099999,0.9999998807907104
7511,0.999990000099999,0.9999998807907104
7512,0.999990000099999,0.9999998807907104
7513,0.999990000099999,0.9999998807907104
7514,0.999990000099999,0.9999998807907104
7515,0.999990000099999,0.9999998807907104
7516,0.999990000099999,0.9999998807907104
7517,0.999990000099999,0.9999998807907104
7518,0.999990000099999,0.9999998807907104
7519,0.999990000099999,0.9999998807907104
7520,0.999990000099999,0.9999998807907104
7521,0.999990000099999,0.9999998807907104
7522,0.999990000099999,0.9999998807907104
7523,0.999990000099999,0.9999998807907104
7524,0.999990000099999,0.9999998807907104
7525,0.999990000099999,0.9999998807907104
7526,0.999990000099999,0.9999998807907104
7527,0.999990000099999,0.9999998807907104
7528,0.999990000099999,0.9999998807907104
7529,0.999990000099999,0.9999998807907104
7530,0.999990000099999,0.9999998807907104
7531,0.999990000099999,0.9999998807907104
7532,0.999990000099999,0.9999998807907104
7533,0.999990000099999,0.9999998807907104
7534,0.999990000099999,0.9999998807907104
7535,0.999990000099999,0.9999998807907104
7536,0.999990000099999,0.9999998807907104
7537,0.999990000099999,0.9999998807907104
7538,0.999990000099999,0.9999998807907104
7539,0.999990000099999,0.9999998807907104
7540,0.999990000099999,0.9999998807907104
7541,0.999990000099999,0.9999998807907104
7542,0.999990000099999,0.9999998807907104
7543,0.999990000099999,0.9999998807907104
7544,0.999990000099999,0.9999998807907104
7545,0.999990000099999,0.9999998807907104
7546,0.999990000099999,0.9999998807907104
7547,0.999990000099999,0.9999998807907104
7548,0.999990000099999,0.9999998807907104
7549,0.999990000099999,0.9999998807907104
7550,0.999990000099999,0.9999998807907104
7551,0.999990000099999,0.9999998807907104
7552,0.999990000099999,0.9999998807907104
7553,0.999990000099999,0.9999998807907104
7554,0.999990000099999,0.9999998807907104
7555,0.999990000099999,0.9999998807907104
7556,0.999990000099999,0.9999998807907104
7557,0.999990000099999,0.9999998807907104
7558,0.999990000099999,0.9999998807907104
7559,0.999990000099999,0.9999998807907104
7560,0.999990000099999,0.9999998807907104
7561,0.999990000099999,0.9999998807907104
7562,0.999990000099999,0.9999998807907104
7563,0.999990000099999,0.9999998807907104
7564,0.999990000099999,0.9999998807907104
7565,0.999990000099999,0.9999998807907104
7566,0.999990000099999,0.9999998807907104
7567,0.999990000099999,0.9999998807907104
7568,0.999990000099999,0.9999998807907104
7569,0.999990000099999,0.9999998807907104
7570,0.999990000099999,0.9999998807907104
7571,0.999990000099999,0.9999998807907104
7572,0.999990000099999,0.9999998807907104
7573,0.999990000099999,0.9999998807907104
7574,0.999990000099999,0.9999998807907104
7575,0.999990000099999,0.9999998807907104
7576,0.999990000099999,0.9999998807907104
7577,0.999990000099999,0.9999998807907104
7578,0.999990000099999,0.9999998807907104
7579,0.999990000099999,0.9999998807907104
7580,0.999990000099999,0.9999998807907104
7581,0.999990000099999,0.9999998807907104
7582,0.999990000099999,0.9999998807907104
7583,0.999990000099999,0.9999998807907104
7584,0.999990000099999,0.9999998807907104
7585,0.999990000099999,0.9999998807907104
7586,0.999990000099999,0.9999998807907104
7587,0.999990000099999,0.9999998807907104
7588,0.999990000099999,0.9999998807907104
7589,0.999990000099999,0.9999998807907104
7590,0.999990000099999,0.9999998807907104
7591,0.999990000099999,0.9999998807907104
7592,0.999990000099999,0.9999998807907104
7593,0.999990000099999,0.9999998807907104
7594,0.999990000099999,0.9999998807907104
7595,0.999990000099999,0.9999998807907104
7596,0.999990000099999,0.9999998807907104
7597,0.999990000099999,0.9999998807907104
7598,0.999990000099999,0.9999998807907104
7599,0.999990000099999,0.9999998807907104
7600,0.999990000099999,0.9999998807907104
7601,0.999990000099999,0.9999998807907104
7602,0.999990000099999,0.9999998807907104
7603,0.999990000099999,0.9999998807907104
7604,0.999990000099999,0.9999998807907104
7605,0.999990000099999,0.9999998807907104
7606,0.999990000099999,0.9999998807907104
7607,0.999990000099999,0.9999998807907104
7608,0.999990000099999,0.9999998807907104
7609,0.999990000099999,0.9999998807907104
7610,0.999990000099999,0.9999998807907104
7611,0.999990000099999,0.9999998807907104
7612,0.999990000099999,0.9999998807907104
7613,0.999990000099999,0.9999998807907104
7614,0.999990000099999,0.9999998807907104
7615,0.999990000099999,0.9999998807907104
7616,0.999990000099999,0.9999998807907104
7617,0.999990000099999,0.9999998807907104
7618,0.999990000099999,0.9999998807907104
7619,0.999990000099999,0.9999998807907104
7620,0.999990000099999,0.9999998807907104
7621,0.999990000099999,0.9999998807907104
7622,0.999990000099999,0.9999998807907104
7623,0.999990000099999,0.9999998807907104
7624,0.999990000099999,0.9999998807907104
7625,0.999990000099999,0.9999998807907104
7626,0.999990000099999,0.9999998807907104
7627,0.999990000099999,0.9999998807907104
7628,0.999990000099999,0.9999998807907104
7629,0.999990000099999,0.9999998807907104
7630,0.999990000099999,0.9999998807907104
7631,0.999990000099999,0.9999998807907104
7632,0.999990000099999,0.9999998807907104
7633,0.999990000099999,0.9999998807907104
7634,0.999990000099999,0.9999998807907104
7635,0.999990000099999,0.9999998807907104
7636,0.999990000099999,0.9999998807907104
7637,0.999990000099999,0.9999998807907104
7638,0.999990000099999,0.9999998807907104
7639,0.999990000099999,0.9999998807907104
7640,0.999990000099999,0.9999998807907104
7641,0.999990000099999,0.9999998807907104
7642,0.999990000099999,0.9999998807907104
7643,0.999990000099999,0.9999998807907104
7644,0.999990000099999,0.9999998807907104
7645,0.999990000099999,0.9999998807907104
7646,0.999990000099999,0.9999998807907104
7647,0.999990000099999,0.9999998807907104
7648,0.999990000099999,0.9999998807907104
7649,0.999990000099999,0.9999998807907104
7650,0.999990000099999,0.9999998807907104
7651,0.999990000099999,0.9999998807907104
7652,0.999990000099999,0.9999998807907104
7653,0.999990000099999,0.9999998807907104
7654,0.999990000099999,0.9999998807907104
7655,0.999990000099999,0.9999998807907104
7656,0.999990000099999,0.9999998807907104
7657,0.999990000099999,0.9999998807907104
7658,0.999990000099999,0.9999998807907104
7659,0.999990000099999,0.9999998807907104
7660,0.999990000099999,0.9999998807907104
7661,0.999990000099999,0.9999998807907104
7662,0.999990000099999,0.9999998807907104
7663,0.999990000099999,0.9999998807907104
7664,0.999990000099999,0.9999998807907104
7665,0.999990000099999,0.9999998807907104
7666,0.999990000099999,0.9999998807907104
7667,0.999990000099999,0.9999998807907104
7668,0.999990000099999,0.9999998807907104
7669,0.999990000099999,0.9999998807907104
7670,0.999990000099999,0.9999998807907104
7671,0.999990000099999,0.9999998807907104
7672,0.999990000099999,0.9999998807907104
7673,0.999990000099999,0.9999998807907104
7674,0.999990000099999,0.9999998807907104
7675,0.999990000099999,0.9999998807907104
7676,0.999990000099999,0.9999998807907104
7677,0.999990000099999,0.9999998807907104
7678,0.999990000099999,0.9999998807907104
7679,0.999990000099999,0.9999998807907104
7680,0.999990000099999,0.9999998807907104
7681,0.999990000099999,0.9999998807907104
7682,0.999990000099999,0.9999998807907104
7683,0.999990000099999,0.9999998807907104
7684,0.999990000099999,0.9999998807907104
7685,0.999990000099999,0.9999998807907104
7686,0.999990000099999,0.9999998807907104
7687,0.999990000099999,0.9999998807907104
7688,0.999990000099999,0.9999998807907104
7689,0.999990000099999,0.9999998807907104
7690,0.999990000099999,0.9999998807907104
7691,0.999990000099999,0.9999998807907104
7692,0.999990000099999,0.9999998807907104
7693,0.999990000099999,0.9999998807907104
7694,0.999990000099999,0.9999998807907104
7695,0.999990000099999,0.9999998807907104
7696,0.999990000099999,0.9999998807907104
7697,0.999990000099999,0.9999998807907104
7698,0.999990000099999,0.9999998807907104
7699,0.999990000099999,0.9999998807907104
7700,0.999990000099999,0.9999998807907104
7701,0.999990000099999,0.9999998807907104
7702,0.999990000099999,0.9999998807907104
7703,0.999990000099999,0.9999998807907104
7704,0.999990000099999,0.9999998807907104
7705,0.999990000099999,0.9999998807907104
7706,0.999990000099999,0.9999998807907104
7707,0.999990000099999,0.9999998807907104
7708,0.999990000099999,0.9999998807907104
7709,0.999990000099999,0.9999998807907104
7710,0.999990000099999,0.9999998807907104
7711,0.999990000099999,0.9999998807907104
7712,0.999990000099999,0.9999998807907104
7713,0.999990000099999,0.9999998807907104
7714,0.999990000099999,0.9999998807907104
7715,0.999990000099999,0.9999998807907104
7716,0.999990000099999,0.9999998807907104
7717,0.999990000099999,0.9999998807907104
7718,0.999990000099999,0.9999998807907104
7719,0.999990000099999,0.9999998807907104
7720,0.999990000099999,0.9999998807907104
7721,0.999990000099999,0.9999998807907104
7722,0.999990000099999,0.9999998807907104
7723,0.999990000099999,0.9999998807907104
7724,0.999990000099999,0.9999998807907104
7725,0.999990000099999,0.9999998807907104
7726,0.999990000099999,0.9999998807907104
7727,0.999990000099999,0.9999998807907104
7728,0.999990000099999,0.9999998807907104
7729,0.999990000099999,0.9999998807907104
7730,0.999990000099999,0.9999998807907104
7731,0.999990000099999,0.9999998807907104
7732,0.999990000099999,0.9999998807907104
7733,0.999990000099999,0.9999998807907104
7734,0.999990000099999,0.9999998807907104
7735,0.999990000099999,0.9999998807907104
7736,0.999990000099999,0.9999998807907104
7737,0.999990000099999,0.9999998807907104
7738,0.999990000099999,0.9999998807907104
7739,0.999990000099999,0.9999998807907104
7740,0.999990000099999,0.9999998807907104
7741,0.999990000099999,0.9999998807907104
7742,0.999990000099999,0.9999998807907104
7743,0.999990000099999,0.9999998807907104
7744,0.999990000099999,0.9999998807907104
7745,0.999990000099999,0.9999998807907104
7746,0.999990000099999,0.9999998807907104
7747,0.999990000099999,0.9999998807907104
7748,0.999990000099999,0.9999998807907104
7749,0.999990000099999,0.9999998807907104
7750,0.999990000099999,0.9999998807907104
7751,0.999990000099999,0.9999998807907104
7752,0.999990000099999,0.9999998807907104
7753,0.999990000099999,0.9999998807907104
7754,0.999990000099999,0.9999998807907104
7755,0.999990000099999,0.9999998807907104
7756,0.999990000099999,0.9999998807907104
7757,0.999990000099999,0.9999998807907104
7758,0.999990000099999,0.9999998807907104
7759,0.999990000099999,0.9999998807907104
7760,0.999990000099999,0.9999998807907104
7761,0.999990000099999,0.9999998807907104
7762,0.999990000099999,0.9999998807907104
7763,0.999990000099999,0.9999998807907104
7764,0.999990000099999,0.9999998807907104
7765,0.999990000099999,0.9999998807907104
7766,0.999990000099999,0.9999998807907104
7767,0.999990000099999,0.9999998807907104
7768,0.999990000099999,0.9999998807907104
7769,0.999990000099999,0.9999998807907104
7770,0.999990000099999,0.9999998807907104
7771,0.999990000099999,0.9999998807907104
7772,0.999990000099999,0.9999998807907104
7773,0.999990000099999,0.9999998807907104
7774,0.999990000099999,0.9999998807907104
7775,0.999990000099999,0.9999998807907104
7776,0.999990000099999,0.9999998807907104
7777,0.999990000099999,0.9999998807907104
7778,0.999990000099999,0.9999998807907104
7779,0.999990000099999,0.9999998807907104
7780,0.999990000099999,0.9999998807907104
7781,0.999990000099999,0.9999998807907104
7782,0.999990000099999,0.9999998807907104
7783,0.999990000099999,0.9999998807907104
7784,0.999990000099999,0.9999998807907104
7785,0.999990000099999,0.9999998807907104
7786,0.999990000099999,0.9999998807907104
7787,0.999990000099999,0.9999998807907104
7788,0.999990000099999,0.9999998807907104
7789,0.999990000099999,0.9999998807907104
7790,0.999990000099999,0.9999998807907104
7791,0.999990000099999,0.9999998807907104
7792,0.999990000099999,0.9999998807907104
7793,0.999990000099999,0.9999998807907104
7794,0.999990000099999,0.9999998807907104
7795,0.999990000099999,0.9999998807907104
7796,0.999990000099999,0.9999998807907104
7797,0.999990000099999,0.9999998807907104
7798,0.999990000099999,0.9999998807907104
7799,0.999990000099999,0.9999998807907104
7800,0.999990000099999,0.9999998807907104
7801,0.999990000099999,0.9999998807907104
7802,0.999990000099999,0.9999998807907104
7803,0.999990000099999,0.9999998807907104
7804,0.999990000099999,0.9999998807907104
7805,0.999990000099999,0.9999998807907104
7806,0.999990000099999,0.9999998807907104
7807,0.999990000099999,0.9999998807907104
7808,0.999990000099999,0.9999998807907104
7809,0.999990000099999,0.9999998807907104
7810,0.999990000099999,0.9999998807907104
7811,0.999990000099999,0.9999998807907104
7812,0.999990000099999,0.9999998807907104
7813,0.999990000099999,0.9999998807907104
7814,0.999990000099999,0.9999998807907104
7815,0.999990000099999,0.9999998807907104
7816,0.999990000099999,0.9999998807907104
7817,0.999990000099999,0.9999998807907104
7818,0.999990000099999,0.9999998807907104
7819,0.999990000099999,0.9999998807907104
7820,0.999990000099999,0.9999998807907104
7821,0.999990000099999,0.9999998807907104
7822,0.999990000099999,0.9999998807907104
7823,0.999990000099999,0.9999998807907104
7824,0.999990000099999,0.9999998807907104
7825,0.999990000099999,0.9999998807907104
7826,0.999990000099999,0.9999998807907104
7827,0.999990000099999,0.9999998807907104
7828,0.999990000099999,0.9999998807907104
7829,0.999990000099999,0.9999998807907104
7830,0.999990000099999,0.9999998807907104
7831,0.999990000099999,0.9999998807907104
7832,0.999990000099999,0.9999998807907104
7833,0.999990000099999,0.9999998807907104
7834,0.999990000099999,0.9999998807907104
7835,0.999990000099999,0.9999998807907104
7836,0.999990000099999,0.9999998807907104
7837,0.999990000099999,0.9999998807907104
7838,0.999990000099999,0.9999998807907104
7839,0.999990000099999,0.9999998807907104
7840,0.999990000099999,0.9999998807907104
7841,0.999990000099999,0.9999998807907104
7842,0.999990000099999,0.9999998807907104
7843,0.999990000099999,0.9999998807907104
7844,0.999990000099999,0.9999998807907104
7845,0.999990000099999,0.9999998807907104
7846,0.999990000099999,0.9999998807907104
7847,0.999990000099999,0.9999998807907104
7848,0.999990000099999,0.9999998807907104
7849,0.999990000099999,0.9999998807907104
7850,0.999990000099999,0.9999998807907104
7851,0.999990000099999,0.9999998807907104
7852,0.999990000099999,0.9999998807907104
7853,0.999990000099999,0.9999998807907104
7854,0.999990000099999,0.9999998807907104
7855,0.999990000099999,0.9999998807907104
7856,0.999990000099999,0.9999998807907104
7857,0.999990000099999,0.9999998807907104
7858,0.999990000099999,0.9999998807907104
7859,0.999990000099999,0.9999998807907104
7860,0.999990000099999,0.9999998807907104
7861,0.999990000099999,0.9999998807907104
7862,0.999990000099999,0.9999998807907104
7863,0.999990000099999,0.9999998807907104
7864,0.999990000099999,0.9999998807907104
7865,0.999990000099999,0.9999998807907104
7866,0.999990000099999,0.9999998807907104
7867,0.999990000099999,0.9999998807907104
7868,0.999990000099999,0.9999998807907104
7869,0.999990000099999,0.9999998807907104
7870,0.999990000099999,0.9999998807907104
7871,0.999990000099999,0.9999998807907104
7872,0.999990000099999,0.9999998807907104
7873,0.999990000099999,0.9999998807907104
7874,0.999990000099999,0.9999998807907104
7875,0.999990000099999,0.9999998807907104
7876,0.999990000099999,0.9999998807907104
7877,0.999990000099999,0.9999998807907104
7878,0.999990000099999,0.9999998807907104
7879,0.999990000099999,0.9999998807907104
7880,0.999990000099999,0.9999998807907104
7881,0.999990000099999,0.9999998807907104
7882,0.999990000099999,0.9999998807907104
7883,0.999990000099999,0.9999998807907104
7884,0.999990000099999,0.9999998807907104
7885,0.999990000099999,0.9999998807907104
7886,0.999990000099999,0.9999998807907104
7887,0.999990000099999,0.9999998807907104
7888,0.999990000099999,0.9999998807907104
7889,0.999990000099999,0.9999998807907104
7890,0.999990000099999,0.9999998807907104
7891,0.999990000099999,0.9999998807907104
7892,0.999990000099999,0.9999998807907104
7893,0.999990000099999,0.9999998807907104
7894,0.999990000099999,0.9999998807907104
7895,0.999990000099999,0.9999998807907104
7896,0.999990000099999,0.9999998807907104
7897,0.999990000099999,0.9999998807907104
7898,0.999990000099999,0.9999998807907104
7899,0.999990000099999,0.9999998807907104
7900,0.999990000099999,0.9999998807907104
7901,0.999990000099999,0.9999998807907104
7902,0.999990000099999,0.9999998807907104
7903,0.999990000099999,0.9999998807907104
7904,0.999990000099999,0.9999998807907104
7905,0.999990000099999,0.9999998807907104
7906,0.999990000099999,0.9999998807907104
7907,0.999990000099999,0.9999998807907104
7908,0.999990000099999,0.9999998807907104
7909,0.999990000099999,0.9999998807907104
7910,0.999990000099999,0.9999998807907104
7911,0.999990000099999,0.9999998807907104
7912,0.999990000099999,0.9999998807907104
7913,0.999990000099999,0.9999998807907104
7914,0.999990000099999,0.9999998807907104
7915,0.999990000099999,0.9999998807907104
7916,0.999990000099999,0.9999998807907104
7917,0.999990000099999,0.9999998807907104
7918,0.999990000099999,0.9999998807907104
7919,0.999990000099999,0.9999998807907104
7920,0.999990000099999,0.9999998807907104
7921,0.999990000099999,0.9999998807907104
7922,0.999990000099999,0.9999998807907104
7923,0.999990000099999,0.9999998807907104
7924,0.999990000099999,0.9999998807907104
7925,0.999990000099999,0.9999998807907104
7926,0.999990000099999,0.9999998807907104
7927,0.999990000099999,0.9999998807907104
7928,0.999990000099999,0.9999998807907104
7929,0.999990000099999,0.9999998807907104
7930,0.999990000099999,0.9999998807907104
7931,0.999990000099999,0.9999998807907104
7932,0.999990000099999,0.9999998807907104
7933,0.999990000099999,0.9999998807907104
7934,0.999990000099999,0.9999998807907104
7935,0.999990000099999,0.9999998807907104
7936,0.999990000099999,0.9999998807907104
7937,0.999990000099999,0.9999998807907104
7938,0.999990000099999,0.9999998807907104
7939,0.999990000099999,0.9999998807907104
7940,0.999990000099999,0.9999998807907104
7941,0.999990000099999,0.9999998807907104
7942,0.999990000099999,0.9999998807907104
7943,0.999990000099999,0.9999998807907104
7944,0.999990000099999,0.9999998807907104
7945,0.999990000099999,0.9999998807907104
7946,0.999990000099999,0.9999998807907104
7947,0.999990000099999,0.9999998807907104
7948,0.999990000099999,0.9999998807907104
7949,0.999990000099999,0.9999998807907104
7950,0.999990000099999,0.9999998807907104
7951,0.999990000099999,0.9999998807907104
7952,0.999990000099999,0.9999998807907104
7953,0.999990000099999,0.9999998807907104
7954,0.999990000099999,0.9999998807907104
7955,0.999990000099999,0.9999998807907104
7956,0.999990000099999,0.9999998807907104
7957,0.999990000099999,0.9999998807907104
7958,0.999990000099999,0.9999998807907104
7959,0.999990000099999,0.9999998807907104
7960,0.999990000099999,0.9999998807907104
7961,0.999990000099999,0.9999998807907104
7962,0.999990000099999,0.9999998807907104
7963,0.999990000099999,0.9999998807907104
7964,0.999990000099999,0.9999998807907104
7965,0.999990000099999,0.9999998807907104
7966,0.999990000099999,0.9999998807907104
7967,0.999990000099999,0.9999998807907104
7968,0.999990000099999,0.9999998807907104
7969,0.999990000099999,0.9999998807907104
7970,0.999990000099999,0.9999998807907104
7971,0.999990000099999,0.9999998807907104
7972,0.999990000099999,0.9999998807907104
7973,0.999990000099999,0.9999998807907104
7974,0.999990000099999,0.9999998807907104
7975,0.999990000099999,0.9999998807907104
7976,0.999990000099999,0.9999998807907104
7977,0.999990000099999,0.9999998807907104
7978,0.999990000099999,0.9999998807907104
7979,0.999990000099999,0.9999998807907104
7980,0.999990000099999,0.9999998807907104
7981,0.999990000099999,0.9999998807907104
7982,0.999990000099999,0.9999998807907104
7983,0.999990000099999,0.9999998807907104
7984,0.999990000099999,0.9999998807907104
7985,0.999990000099999,0.9999998807907104
7986,0.999990000099999,0.9999998807907104
7987,0.999990000099999,0.9999998807907104
7988,0.999990000099999,0.9999998807907104
7989,0.999990000099999,0.9999998807907104
7990,0.999990000099999,0.9999998807907104
7991,0.999990000099999,0.9999998807907104
7992,0.999990000099999,0.9999998807907104
7993,0.999990000099999,0.9999998807907104
7994,0.999990000099999,0.9999998807907104
7995,0.999990000099999,0.9999998807907104
7996,0.999990000099999,0.9999998807907104
7997,0.999990000099999,0.9999998807907104
7998,0.999990000099999,0.9999998807907104
7999,0.999990000099999,0.9999998807907104
8000,0.999990000099999,0.9999998807907104
8001,0.999990000099999,0.9999998807907104
8002,0.999990000099999,0.9999998807907104
8003,0.999990000099999,0.9999998807907104
8004,0.999990000099999,0.9999998807907104
8005,0.999990000099999,0.9999998807907104
8006,0.999990000099999,0.9999998807907104
8007,0.999990000099999,0.9999998807907104
8008,0.999990000099999,0.9999998807907104
8009,0.999990000099999,0.9999998807907104
8010,0.999990000099999,0.9999998807907104
8011,0.999990000099999,0.9999998807907104
8012,0.999990000099999,0.9999998807907104
8013,0.999990000099999,0.9999998807907104
8014,0.999990000099999,0.9999998807907104
8015,0.999990000099999,0.9999998807907104
8016,0.999990000099999,0.9999998807907104
8017,0.999990000099999,0.9999998807907104
8018,0.999990000099999,0.9999998807907104
8019,0.999990000099999,0.9999998807907104
8020,0.999990000099999,0.9999998807907104
8021,0.999990000099999,0.9999998807907104
8022,0.999990000099999,0.9999998807907104
8023,0.999990000099999,0.9999998807907104
8024,0.999990000099999,0.9999998807907104
8025,0.999990000099999,0.9999998807907104
8026,0.999990000099999,0.9999998807907104
8027,0.999990000099999,0.9999998807907104
8028,0.999990000099999,0.9999998807907104
8029,0.999990000099999,0.9999998807907104
8030,0.999990000099999,0.9999998807907104
8031,0.999990000099999,0.9999998807907104
8032,0.999990000099999,0.9999998807907104
8033,0.999990000099999,0.9999998807907104
8034,0.999990000099999,0.9999998807907104
8035,0.999990000099999,0.9999998807907104
8036,0.999990000099999,0.9999998807907104
8037,0.999990000099999,0.9999998807907104
8038,0.999990000099999,0.9999998807907104
8039,0.999990000099999,0.9999998807907104
8040,0.999990000099999,0.9999998807907104
8041,0.999990000099999,0.9999998807907104
8042,0.999990000099999,0.9999998807907104
8043,0.999990000099999,0.9999998807907104
8044,0.999990000099999,0.9999998807907104
8045,0.999990000099999,0.9999998807907104
8046,0.999990000099999,0.9999998807907104
8047,0.999990000099999,0.9999998807907104
8048,0.999990000099999,0.9999998807907104
8049,0.999990000099999,0.9999998807907104
8050,0.999990000099999,0.9999998807907104
8051,0.999990000099999,0.9999998807907104
8052,0.999990000099999,0.9999998807907104
8053,0.999990000099999,0.9999998807907104
8054,0.999990000099999,0.9999998807907104
8055,0.999990000099999,0.9999998807907104
8056,0.999990000099999,0.9999998807907104
8057,0.999990000099999,0.9999998807907104
8058,0.999990000099999,0.9999998807907104
8059,0.999990000099999,0.9999998807907104
8060,0.999990000099999,0.9999998807907104
8061,0.999990000099999,0.9999998807907104
8062,0.999990000099999,0.9999998807907104
8063,0.999990000099999,0.9999998807907104
8064,0.999990000099999,0.9999998807907104
8065,0.999990000099999,0.9999998807907104
8066,0.999990000099999,0.9999998807907104
8067,0.999990000099999,0.9999998807907104
8068,0.999990000099999,0.9999998807907104
8069,0.999990000099999,0.9999998807907104
8070,0.999990000099999,0.9999998807907104
8071,0.999990000099999,0.9999998807907104
8072,0.999990000099999,0.9999998807907104
8073,0.999990000099999,0.9999998807907104
8074,0.999990000099999,0.9999998807907104
8075,0.999990000099999,0.9999998807907104
8076,0.999990000099999,0.9999998807907104
8077,0.999990000099999,0.9999998807907104
8078,0.999990000099999,0.9999998807907104
8079,0.999990000099999,0.9999998807907104
8080,0.999990000099999,0.9999998807907104
8081,0.999990000099999,0.9999998807907104
8082,0.999990000099999,0.9999998807907104
8083,0.999990000099999,0.9999998807907104
8084,0.999990000099999,0.9999998807907104
8085,0.999990000099999,0.9999998807907104
8086,0.999990000099999,0.9999998807907104
8087,0.999990000099999,0.9999998807907104
8088,0.999990000099999,0.9999998807907104
8089,0.999990000099999,0.9999998807907104
8090,0.999990000099999,0.9999998807907104
8091,0.999990000099999,0.9999998807907104
8092,0.999990000099999,0.9999998807907104
8093,0.999990000099999,0.9999998807907104
8094,0.999990000099999,0.9999998807907104
8095,0.999990000099999,0.9999998807907104
8096,0.999990000099999,0.9999998807907104
8097,0.999990000099999,0.9999998807907104
8098,0.999990000099999,0.9999998807907104
8099,0.999990000099999,0.9999998807907104
8100,0.999990000099999,0.9999998807907104
8101,0.999990000099999,0.9999998807907104
8102,0.999990000099999,0.9999998807907104
8103,0.999990000099999,0.9999998807907104
8104,0.999990000099999,0.9999998807907104
8105,0.999990000099999,0.9999998807907104
8106,0.999990000099999,0.9999998807907104
8107,0.999990000099999,0.9999998807907104
8108,0.999990000099999,0.9999998807907104
8109,0.999990000099999,0.9999998807907104
8110,0.999990000099999,0.9999998807907104
8111,0.999990000099999,0.9999998807907104
8112,0.999990000099999,0.9999998807907104
8113,0.999990000099999,0.9999998807907104
8114,0.999990000099999,0.9999998807907104
8115,0.999990000099999,0.9999998807907104
8116,0.999990000099999,0.9999998807907104
8117,0.999990000099999,0.9999998807907104
8118,0.999990000099999,0.9999998807907104
8119,0.999990000099999,0.9999998807907104
8120,0.999990000099999,0.9999998807907104
8121,0.999990000099999,0.9999998807907104
8122,0.999990000099999,0.9999998807907104
8123,0.999990000099999,0.9999998807907104
8124,0.999990000099999,0.9999998807907104
8125,0.999990000099999,0.9999998807907104
8126,0.999990000099999,0.9999998807907104
8127,0.999990000099999,0.9999998807907104
8128,0.999990000099999,0.9999998807907104
8129,0.999990000099999,0.9999998807907104
8130,0.999990000099999,0.9999998807907104
8131,0.999990000099999,0.9999998807907104
8132,0.999990000099999,0.9999998807907104
8133,0.999990000099999,0.9999998807907104
8134,0.999990000099999,0.9999998807907104
8135,0.999990000099999,0.9999998807907104
8136,0.999990000099999,0.9999998807907104
8137,0.999990000099999,0.9999998807907104
8138,0.999990000099999,0.9999998807907104
8139,0.999990000099999,0.9999998807907104
8140,0.999990000099999,0.9999998807907104
8141,0.999990000099999,0.9999998807907104
8142,0.999990000099999,0.9999998807907104
8143,0.999990000099999,0.9999998807907104
8144,0.999990000099999,0.9999998807907104
8145,0.999990000099999,0.9999998807907104
8146,0.999990000099999,0.9999998807907104
8147,0.999990000099999,0.9999998807907104
8148,0.999990000099999,0.9999998807907104
8149,0.999990000099999,0.9999998807907104
8150,0.999990000099999,0.9999998807907104
8151,0.999990000099999,0.9999998807907104
8152,0.999990000099999,0.9999998807907104
8153,0.999990000099999,0.9999998807907104
8154,0.999990000099999,0.9999998807907104
8155,0.999990000099999,0.9999998807907104
8156,0.999990000099999,0.9999998807907104
8157,0.999990000099999,0.9999998807907104
8158,0.999990000099999,0.9999998807907104
8159,0.999990000099999,0.9999998807907104
8160,0.999990000099999,0.9999998807907104
8161,0.999990000099999,0.9999998807907104
8162,0.999990000099999,0.9999998807907104
8163,0.999990000099999,0.9999998807907104
8164,0.999990000099999,0.9999998807907104
8165,0.999990000099999,0.9999998807907104
8166,0.999990000099999,0.9999998807907104
8167,0.999990000099999,0.9999998807907104
8168,0.999990000099999,0.9999998807907104
8169,0.999990000099999,0.9999998807907104
8170,0.999990000099999,0.9999998807907104
8171,0.999990000099999,0.9999998807907104
8172,0.999990000099999,0.9999998807907104
8173,0.999990000099999,0.9999998807907104
8174,0.999990000099999,0.9999998807907104
8175,0.999990000099999,0.9999998807907104
8176,0.999990000099999,0.9999998807907104
8177,0.999990000099999,0.9999998807907104
8178,0.999990000099999,0.9999998807907104
8179,0.999990000099999,0.9999998807907104
8180,0.999990000099999,0.9999998807907104
8181,0.999990000099999,0.9999998807907104
8182,0.999990000099999,0.9999998807907104
8183,0.999990000099999,0.9999998807907104
8184,0.999990000099999,0.9999998807907104
8185,0.999990000099999,0.9999998807907104
8186,0.999990000099999,0.9999998807907104
8187,0.999990000099999,0.9999998807907104
8188,0.999990000099999,0.9999998807907104
8189,0.999990000099999,0.9999998807907104
8190,0.999990000099999,0.9999998807907104
8191,0.999990000099999,0.9999998807907104
8192,0.999990000099999,0.9999998807907104
8193,0.999990000099999,0.9999998807907104
8194,0.999990000099999,0.9999998807907104
8195,0.999990000099999,0.9999998807907104
8196,0.999990000099999,0.9999998807907104
8197,0.999990000099999,0.9999998807907104
8198,0.999990000099999,0.9999998807907104
8199,0.999990000099999,0.9999998807907104
8200,0.999990000099999,0.9999998807907104
8201,0.999990000099999,0.9999998807907104
8202,0.999990000099999,0.9999998807907104
8203,0.999990000099999,0.9999998807907104
8204,0.999990000099999,0.9999998807907104
8205,0.999990000099999,0.9999998807907104
8206,0.999990000099999,0.9999998807907104
8207,0.999990000099999,0.9999998807907104
8208,0.999990000099999,0.9999998807907104
8209,0.999990000099999,0.9999998807907104
8210,0.999990000099999,0.9999998807907104
8211,0.999990000099999,0.9999998807907104
8212,0.999990000099999,0.9999998807907104
8213,0.999990000099999,0.9999998807907104
8214,0.999990000099999,0.9999998807907104
8215,0.999990000099999,0.9999998807907104
8216,0.999990000099999,0.9999998807907104
8217,0.999990000099999,0.9999998807907104
8218,0.999990000099999,0.9999998807907104
8219,0.999990000099999,0.9999998807907104
8220,0.999990000099999,0.9999998807907104
8221,0.999990000099999,0.9999998807907104
8222,0.999990000099999,0.9999998807907104
8223,0.999990000099999,0.9999998807907104
8224,0.999990000099999,0.9999998807907104
8225,0.999990000099999,0.9999998807907104
8226,0.999990000099999,0.9999998807907104
8227,0.999990000099999,0.9999998807907104
8228,0.999990000099999,0.9999998807907104
8229,0.999990000099999,0.9999998807907104
8230,0.999990000099999,0.9999998807907104
8231,0.999990000099999,0.9999998807907104
8232,0.999990000099999,0.9999998807907104
8233,0.999990000099999,0.9999998807907104
8234,0.999990000099999,0.9999998807907104
8235,0.999990000099999,0.9999998807907104
8236,0.999990000099999,0.9999998807907104
8237,0.999990000099999,0.9999998807907104
8238,0.999990000099999,0.9999998807907104
8239,0.999990000099999,0.9999998807907104
8240,0.999990000099999,0.9999998807907104
8241,0.999990000099999,0.9999998807907104
8242,0.999990000099999,0.9999998807907104
8243,0.999990000099999,0.9999998807907104
8244,0.999990000099999,0.9999998807907104
8245,0.999990000099999,0.9999998807907104
8246,0.999990000099999,0.9999998807907104
8247,0.999990000099999,0.9999998807907104
8248,0.999990000099999,0.9999998807907104
8249,0.999990000099999,0.9999998807907104
8250,0.999990000099999,0.9999998807907104
8251,0.999990000099999,0.9999998807907104
8252,0.999990000099999,0.9999998807907104
8253,0.999990000099999,0.9999998807907104
8254,0.999990000099999,0.9999998807907104
8255,0.999990000099999,0.9999998807907104
8256,0.999990000099999,0.9999998807907104
8257,0.999990000099999,0.9999998807907104
8258,0.999990000099999,0.9999998807907104
8259,0.999990000099999,0.9999998807907104
8260,0.999990000099999,0.9999998807907104
8261,0.999990000099999,0.9999998807907104
8262,0.999990000099999,0.9999998807907104
8263,0.999990000099999,0.9999998807907104
8264,0.999990000099999,0.9999998807907104
8265,0.999990000099999,0.9999998807907104
8266,0.999990000099999,0.9999998807907104
8267,0.999990000099999,0.9999998807907104
8268,0.999990000099999,0.9999998807907104
8269,0.999990000099999,0.9999998807907104
8270,0.999990000099999,0.9999998807907104
8271,0.999990000099999,0.9999998807907104
8272,0.999990000099999,0.9999998807907104
8273,0.999990000099999,0.9999998807907104
8274,0.999990000099999,0.9999998807907104
8275,0.999990000099999,0.9999998807907104
8276,0.999990000099999,0.9999998807907104
8277,0.999990000099999,0.9999998807907104
8278,0.999990000099999,0.9999998807907104
8279,0.999990000099999,0.9999998807907104
8280,0.999990000099999,0.9999998807907104
8281,0.999990000099999,0.9999998807907104
8282,0.999990000099999,0.9999998807907104
8283,0.999990000099999,0.9999998807907104
8284,0.999990000099999,0.9999998807907104
8285,0.999990000099999,0.9999998807907104
8286,0.999990000099999,0.9999998807907104
8287,0.999990000099999,0.9999998807907104
8288,0.999990000099999,0.9999998807907104
8289,0.999990000099999,0.9999998807907104
8290,0.999990000099999,0.9999998807907104
8291,0.999990000099999,0.9999998807907104
8292,0.999990000099999,0.9999998807907104
8293,0.999990000099999,0.9999998807907104
8294,0.999990000099999,0.9999998807907104
8295,0.999990000099999,0.9999998807907104
8296,0.999990000099999,0.9999998807907104
8297,0.999990000099999,0.9999998807907104
8298,0.999990000099999,0.9999998807907104
8299,0.999990000099999,0.9999998807907104
8300,0.999990000099999,0.9999998807907104
8301,0.999990000099999,0.9999998807907104
8302,0.999990000099999,0.9999998807907104
8303,0.999990000099999,0.9999998807907104
8304,0.999990000099999,0.9999998807907104
8305,0.999990000099999,0.9999998807907104
8306,0.999990000099999,0.9999998807907104
8307,0.999990000099999,0.9999998807907104
8308,0.999990000099999,0.9999998807907104
8309,0.999990000099999,0.9999998807907104
8310,0.999990000099999,0.9999998807907104
8311,0.999990000099999,0.9999998807907104
8312,0.999990000099999,0.9999998807907104
8313,0.999990000099999,0.9999998807907104
8314,0.999990000099999,0.9999998807907104
8315,0.999990000099999,0.9999998807907104
8316,0.999990000099999,0.9999998807907104
8317,0.999990000099999,0.9999998807907104
8318,0.999990000099999,0.9999998807907104
8319,0.999990000099999,0.9999998807907104
8320,0.999990000099999,0.9999998807907104
8321,0.999990000099999,0.9999998807907104
8322,0.999990000099999,0.9999998807907104
8323,0.999990000099999,0.9999998807907104
8324,0.999990000099999,0.9999998807907104
8325,0.999990000099999,0.9999998807907104
8326,0.999990000099999,0.9999998807907104
8327,0.999990000099999,0.9999998807907104
8328,0.999990000099999,0.9999998807907104
8329,0.999990000099999,0.9999998807907104
8330,0.999990000099999,0.9999998807907104
8331,0.999990000099999,0.9999998807907104
8332,0.999990000099999,0.9999998807907104
8333,0.999990000099999,0.9999998807907104
8334,0.999990000099999,0.9999998807907104
8335,0.999990000099999,0.9999998807907104
8336,0.999990000099999,0.9999998807907104
8337,0.999990000099999,0.9999998807907104
8338,0.999990000099999,0.9999998807907104
8339,0.999990000099999,0.9999998807907104
8340,0.999990000099999,0.9999998807907104
8341,0.999990000099999,0.9999998807907104
8342,0.999990000099999,0.9999998807907104
8343,0.999990000099999,0.9999998807907104
8344,0.999990000099999,0.9999998807907104
8345,0.999990000099999,0.9999998807907104
8346,0.999990000099999,0.9999998807907104
8347,0.999990000099999,0.9999998807907104
8348,0.999990000099999,0.9999998807907104
8349,0.999990000099999,0.9999998807907104
8350,0.999990000099999,0.9999998807907104
8351,0.999990000099999,0.9999998807907104
8352,0.999990000099999,0.9999998807907104
8353,0.999990000099999,0.9999998807907104
8354,0.999990000099999,0.9999998807907104
8355,0.999990000099999,0.9999998807907104
8356,0.999990000099999,0.9999998807907104
8357,0.999990000099999,0.9999998807907104
8358,0.999990000099999,0.9999998807907104
8359,0.999990000099999,0.9999998807907104
8360,0.999990000099999,0.9999998807907104
8361,0.999990000099999,0.9999998807907104
8362,0.999990000099999,0.9999998807907104
8363,0.999990000099999,0.9999998807907104
8364,0.999990000099999,0.9999998807907104
8365,0.999990000099999,0.9999998807907104
8366,0.999990000099999,0.9999998807907104
8367,0.999990000099999,0.9999998807907104
8368,0.999990000099999,0.9999998807907104
8369,0.999990000099999,0.9999998807907104
8370,0.999990000099999,0.9999998807907104
8371,0.999990000099999,0.9999998807907104
8372,0.999990000099999,0.9999998807907104
8373,0.999990000099999,0.9999998807907104
8374,0.999990000099999,0.9999998807907104
8375,0.999990000099999,0.9999998807907104
8376,0.999990000099999,0.9999998807907104
8377,0.999990000099999,0.9999998807907104
8378,0.999990000099999,0.9999998807907104
8379,0.999990000099999,0.9999998807907104
8380,0.999990000099999,0.9999998807907104
8381,0.999990000099999,0.9999998807907104
8382,0.999990000099999,0.9999998807907104
8383,0.999990000099999,0.9999998807907104
8384,0.999990000099999,0.9999998807907104
8385,0.999990000099999,0.9999998807907104
8386,0.999990000099999,0.9999998807907104
8387,0.999990000099999,0.9999998807907104
8388,0.999990000099999,0.9999998807907104
8389,0.999990000099999,0.9999998807907104
8390,0.999990000099999,0.9999998807907104
8391,0.999990000099999,0.9999998807907104
8392,0.999990000099999,0.9999998807907104
8393,0.999990000099999,0.9999998807907104
8394,0.999990000099999,0.9999998807907104
8395,0.999990000099999,0.9999998807907104
8396,0.999990000099999,0.9999998807907104
8397,0.999990000099999,0.9999998807907104
8398,0.999990000099999,0.9999998807907104
8399,0.999990000099999,0.9999998807907104
8400,0.999990000099999,0.9999998807907104
8401,0.999990000099999,0.9999998807907104
8402,0.999990000099999,0.9999998807907104
8403,0.999990000099999,0.9999998807907104
8404,0.999990000099999,0.9999998807907104
8405,0.999990000099999,0.9999998807907104
8406,0.999990000099999,0.9999998807907104
8407,0.999990000099999,0.9999998807907104
8408,0.999990000099999,0.9999998807907104
8409,0.999990000099999,0.9999998807907104
8410,0.999990000099999,0.9999998807907104
8411,0.999990000099999,0.9999998807907104
8412,0.999990000099999,0.9999998807907104
8413,0.999990000099999,0.9999998807907104
8414,0.999990000099999,0.9999998807907104
8415,0.999990000099999,0.9999998807907104
8416,0.999990000099999,0.9999998807907104
8417,0.999990000099999,0.9999998807907104
8418,0.999990000099999,0.9999998807907104
8419,0.999990000099999,0.9999998807907104
8420,0.999990000099999,0.9999998807907104
8421,0.999990000099999,0.9999998807907104
8422,0.999990000099999,0.9999998807907104
8423,0.999990000099999,0.9999998807907104
8424,0.999990000099999,0.9999998807907104
8425,0.999990000099999,0.9999998807907104
8426,0.999990000099999,0.9999998807907104
8427,0.999990000099999,0.9999998807907104
8428,0.999990000099999,0.9999998807907104
8429,0.999990000099999,0.9999998807907104
8430,0.999990000099999,0.9999998807907104
8431,0.999990000099999,0.9999998807907104
8432,0.999990000099999,0.9999998807907104
8433,0.999990000099999,0.9999998807907104
8434,0.999990000099999,0.9999998807907104
8435,0.999990000099999,0.9999998807907104
8436,0.999990000099999,0.9999998807907104
8437,0.999990000099999,0.9999998807907104
8438,0.999990000099999,0.9999998807907104
8439,0.999990000099999,0.9999998807907104
8440,0.999990000099999,0.9999998807907104
8441,0.999990000099999,0.9999998807907104
8442,0.999990000099999,0.9999998807907104
8443,0.999990000099999,0.9999998807907104
8444,0.999990000099999,0.9999998807907104
8445,0.999990000099999,0.9999998807907104
8446,0.999990000099999,0.9999998807907104
8447,0.999990000099999,0.9999998807907104
8448,0.999990000099999,0.9999998807907104
8449,0.999990000099999,0.9999998807907104
8450,0.999990000099999,0.9999998807907104
8451,0.999990000099999,0.9999998807907104
8452,0.999990000099999,0.9999998807907104
8453,0.999990000099999,0.9999998807907104
8454,0.999990000099999,0.9999998807907104
8455,0.999990000099999,0.9999998807907104
8456,0.999990000099999,0.9999998807907104
8457,0.999990000099999,0.9999998807907104
8458,0.999990000099999,0.9999998807907104
8459,0.999990000099999,0.9999998807907104
8460,0.999990000099999,0.9999998807907104
8461,0.999990000099999,0.9999998807907104
8462,0.999990000099999,0.9999998807907104
8463,0.999990000099999,0.9999998807907104
8464,0.999990000099999,0.9999998807907104
8465,0.999990000099999,0.9999998807907104
8466,0.999990000099999,0.9999998807907104
8467,0.999990000099999,0.9999998807907104
8468,0.999990000099999,0.9999998807907104
8469,0.999990000099999,0.9999998807907104
8470,0.999990000099999,0.9999998807907104
8471,0.999990000099999,0.9999998807907104
8472,0.999990000099999,0.9999998807907104
8473,0.999990000099999,0.9999998807907104
8474,0.999990000099999,0.9999998807907104
8475,0.999990000099999,0.9999998807907104
8476,0.999990000099999,0.9999998807907104
8477,0.999990000099999,0.9999998807907104
8478,0.999990000099999,0.9999998807907104
8479,0.999990000099999,0.9999998807907104
8480,0.999990000099999,0.9999998807907104
8481,0.999990000099999,0.9999998807907104
8482,0.999990000099999,0.9999998807907104
8483,0.999990000099999,0.9999998807907104
8484,0.999990000099999,0.9999998807907104
8485,0.999990000099999,0.9999998807907104
8486,0.999990000099999,0.9999998807907104
8487,0.999990000099999,0.9999998807907104
8488,0.999990000099999,0.9999998807907104
8489,0.999990000099999,0.9999998807907104
8490,0.999990000099999,0.9999998807907104
8491,0.999990000099999,0.9999998807907104
8492,0.999990000099999,0.9999998807907104
8493,0.999990000099999,0.9999998807907104
8494,0.999990000099999,0.9999998807907104
8495,0.999990000099999,0.9999998807907104
8496,0.999990000099999,0.9999998807907104
8497,0.999990000099999,0.9999998807907104
8498,0.999990000099999,0.9999998807907104
8499,0.999990000099999,0.9999998807907104
8500,0.999990000099999,0.9999998807907104
8501,0.999990000099999,0.9999998807907104
8502,0.999990000099999,0.9999998807907104
8503,0.999990000099999,0.9999998807907104
8504,0.999990000099999,0.9999998807907104
8505,0.999990000099999,0.9999998807907104
8506,0.999990000099999,0.9999998807907104
8507,0.999990000099999,0.9999998807907104
8508,0.999990000099999,0.9999998807907104
8509,0.999990000099999,0.9999998807907104
8510,0.999990000099999,0.9999998807907104
8511,0.999990000099999,0.9999998807907104
8512,0.999990000099999,0.9999998807907104
8513,0.999990000099999,0.9999998807907104
8514,0.999990000099999,0.9999998807907104
8515,0.999990000099999,0.9999998807907104
8516,0.999990000099999,0.9999998807907104
8517,0.999990000099999,0.9999998807907104
8518,0.999990000099999,0.9999998807907104
8519,0.999990000099999,0.9999998807907104
8520,0.999990000099999,0.9999998807907104
8521,0.999990000099999,0.9999998807907104
8522,0.999990000099999,0.9999998807907104
8523,0.999990000099999,0.9999998807907104
8524,0.999990000099999,0.9999998807907104
8525,0.999990000099999,0.9999998807907104
8526,0.999990000099999,0.9999998807907104
8527,0.999990000099999,0.9999998807907104
8528,0.999990000099999,0.9999998807907104
8529,0.999990000099999,0.9999998807907104
8530,0.999990000099999,0.9999998807907104
8531,0.999990000099999,0.9999998807907104
8532,0.999990000099999,0.9999998807907104
8533,0.999990000099999,0.9999998807907104
8534,0.999990000099999,0.9999998807907104
8535,0.999990000099999,0.9999998807907104
8536,0.999990000099999,0.9999998807907104
8537,0.999990000099999,0.9999998807907104
8538,0.999990000099999,0.9999998807907104
8539,0.999990000099999,0.9999998807907104
8540,0.999990000099999,0.9999998807907104
8541,0.999990000099999,0.9999998807907104
8542,0.999990000099999,0.9999998807907104
8543,0.999990000099999,0.9999998807907104
8544,0.999990000099999,0.9999998807907104
8545,0.999990000099999,0.9999998807907104
8546,0.999990000099999,0.9999998807907104
8547,0.999990000099999,0.9999998807907104
8548,0.999990000099999,0.9999998807907104
8549,0.999990000099999,0.9999998807907104
8550,0.999990000099999,0.9999998807907104
8551,0.999990000099999,0.9999998807907104
8552,0.999990000099999,0.9999998807907104
8553,0.999990000099999,0.9999998807907104
8554,0.999990000099999,0.9999998807907104
8555,0.999990000099999,0.9999998807907104
8556,0.999990000099999,0.9999998807907104
8557,0.999990000099999,0.9999998807907104
8558,0.999990000099999,0.9999998807907104
8559,0.999990000099999,0.9999998807907104
8560,0.999990000099999,0.9999998807907104
8561,0.999990000099999,0.9999998807907104
8562,0.999990000099999,0.9999998807907104
8563,0.999990000099999,0.9999998807907104
8564,0.999990000099999,0.9999998807907104
8565,0.999990000099999,0.9999998807907104
8566,0.999990000099999,0.9999998807907104
8567,0.999990000099999,0.9999998807907104
8568,0.999990000099999,0.9999998807907104
8569,0.999990000099999,0.9999998807907104
8570,0.999990000099999,0.9999998807907104
8571,0.999990000099999,0.9999998807907104
8572,0.999990000099999,0.9999998807907104
8573,0.999990000099999,0.9999998807907104
8574,0.999990000099999,0.9999998807907104
8575,0.999990000099999,0.9999998807907104
8576,0.999990000099999,0.9999998807907104
8577,0.999990000099999,0.9999998807907104
8578,0.999990000099999,0.9999998807907104
8579,0.999990000099999,0.9999998807907104
8580,0.999990000099999,0.9999998807907104
8581,0.999990000099999,0.9999998807907104
8582,0.999990000099999,0.9999998807907104
8583,0.999990000099999,0.9999998807907104
8584,0.999990000099999,0.9999998807907104
8585,0.999990000099999,0.9999998807907104
8586,0.999990000099999,0.9999998807907104
8587,0.999990000099999,0.9999998807907104
8588,0.999990000099999,0.9999998807907104
8589,0.999990000099999,0.9999998807907104
8590,0.999990000099999,0.9999998807907104
8591,0.999990000099999,0.9999998807907104
8592,0.999990000099999,0.9999998807907104
8593,0.999990000099999,0.9999998807907104
8594,0.999990000099999,0.9999998807907104
8595,0.999990000099999,0.9999998807907104
8596,0.999990000099999,0.9999998807907104
8597,0.999990000099999,0.9999998807907104
8598,0.999990000099999,0.9999998807907104
8599,0.999990000099999,0.9999998807907104
8600,0.999990000099999,0.9999998807907104
8601,0.999990000099999,0.9999998807907104
8602,0.999990000099999,0.9999998807907104
8603,0.999990000099999,0.9999998807907104
8604,0.999990000099999,0.9999998807907104
8605,0.999990000099999,0.9999998807907104
8606,0.999990000099999,0.9999998807907104
8607,0.999990000099999,0.9999998807907104
8608,0.999990000099999,0.9999998807907104
8609,0.999990000099999,0.9999998807907104
8610,0.999990000099999,0.9999998807907104
8611,0.999990000099999,0.9999998807907104
8612,0.999990000099999,0.9999998807907104
8613,0.999990000099999,0.9999998807907104
8614,0.999990000099999,0.9999998807907104
8615,0.999990000099999,0.9999998807907104
8616,0.999990000099999,0.9999998807907104
8617,0.999990000099999,0.9999998807907104
8618,0.999990000099999,0.9999998807907104
8619,0.999990000099999,0.9999998807907104
8620,0.999990000099999,0.9999998807907104
8621,0.999990000099999,0.9999998807907104
8622,0.999990000099999,0.9999998807907104
8623,0.999990000099999,0.9999998807907104
8624,0.999990000099999,0.9999998807907104
8625,0.999990000099999,0.9999998807907104
8626,0.999990000099999,0.9999998807907104
8627,0.999990000099999,0.9999998807907104
8628,0.999990000099999,0.9999998807907104
8629,0.999990000099999,0.9999998807907104
8630,0.999990000099999,0.9999998807907104
8631,0.999990000099999,0.9999998807907104
8632,0.999990000099999,0.9999998807907104
8633,0.999990000099999,0.9999998807907104
8634,0.999990000099999,0.9999998807907104
8635,0.999990000099999,0.9999998807907104
8636,0.999990000099999,0.9999998807907104
8637,0.999990000099999,0.9999998807907104
8638,0.999990000099999,0.9999998807907104
8639,0.999990000099999,0.9999998807907104
8640,0.999990000099999,0.9999998807907104
8641,0.999990000099999,0.9999998807907104
8642,0.999990000099999,0.9999998807907104
8643,0.999990000099999,0.9999998807907104
8644,0.999990000099999,0.9999998807907104
8645,0.999990000099999,0.9999998807907104
8646,0.999990000099999,0.9999998807907104
8647,0.999990000099999,0.9999998807907104
8648,0.999990000099999,0.9999998807907104
8649,0.999990000099999,0.9999998807907104
8650,0.999990000099999,0.9999998807907104
8651,0.999990000099999,0.9999998807907104
8652,0.999990000099999,0.9999998807907104
8653,0.999990000099999,0.9999998807907104
8654,0.999990000099999,0.9999998807907104
8655,0.999990000099999,0.9999998807907104
8656,0.999990000099999,0.9999998807907104
8657,0.999990000099999,0.9999998807907104
8658,0.999990000099999,0.9999998807907104
8659,0.999990000099999,0.9999998807907104
8660,0.999990000099999,0.9999998807907104
8661,0.999990000099999,0.9999998807907104
8662,0.999990000099999,0.9999998807907104
8663,0.999990000099999,0.9999998807907104
8664,0.999990000099999,0.9999998807907104
8665,0.999990000099999,0.9999998807907104
8666,0.999990000099999,0.9999998807907104
8667,0.999990000099999,0.9999998807907104
8668,0.999990000099999,0.9999998807907104
8669,0.999990000099999,0.9999998807907104
8670,0.999990000099999,0.9999998807907104
8671,0.999990000099999,0.9999998807907104
8672,0.999990000099999,0.9999998807907104
8673,0.999990000099999,0.9999998807907104
8674,0.999990000099999,0.9999998807907104
8675,0.999990000099999,0.9999998807907104
8676,0.999990000099999,0.9999998807907104
8677,0.999990000099999,0.9999998807907104
8678,0.999990000099999,0.9999998807907104
8679,0.999990000099999,0.9999998807907104
8680,0.999990000099999,0.9999998807907104
8681,0.999990000099999,0.9999998807907104
8682,0.999990000099999,0.9999998807907104
8683,0.999990000099999,0.9999998807907104
8684,0.999990000099999,0.9999998807907104
8685,0.999990000099999,0.9999998807907104
8686,0.999990000099999,0.9999998807907104
8687,0.999990000099999,0.9999998807907104
8688,0.999990000099999,0.9999998807907104
8689,0.999990000099999,0.9999998807907104
8690,0.999990000099999,0.9999998807907104
8691,0.999990000099999,0.9999998807907104
8692,0.999990000099999,0.9999998807907104
8693,0.999990000099999,0.9999998807907104
8694,0.999990000099999,0.9999998807907104
8695,0.999990000099999,0.9999998807907104
8696,0.999990000099999,0.9999998807907104
8697,0.999990000099999,0.9999998807907104
8698,0.999990000099999,0.9999998807907104
8699,0.999990000099999,0.9999998807907104
8700,0.999990000099999,0.9999998807907104
8701,0.999990000099999,0.9999998807907104
8702,0.999990000099999,0.9999998807907104
8703,0.999990000099999,0.9999998807907104
8704,0.999990000099999,0.9999998807907104
8705,0.999990000099999,0.9999998807907104
8706,0.999990000099999,0.9999998807907104
8707,0.999990000099999,0.9999998807907104
8708,0.999990000099999,0.9999998807907104
8709,0.999990000099999,0.9999998807907104
8710,0.999990000099999,0.9999998807907104
8711,0.999990000099999,0.9999998807907104
8712,0.999990000099999,0.9999998807907104
8713,0.999990000099999,0.9999998807907104
8714,0.999990000099999,0.9999998807907104
8715,0.999990000099999,0.9999998807907104
8716,0.999990000099999,0.9999998807907104
8717,0.999990000099999,0.9999998807907104
8718,0.999990000099999,0.9999998807907104
8719,0.999990000099999,0.9999998807907104
8720,0.999990000099999,0.9999998807907104
8721,0.999990000099999,0.9999998807907104
8722,0.999990000099999,0.9999998807907104
8723,0.999990000099999,0.9999998807907104
8724,0.999990000099999,0.9999998807907104
8725,0.999990000099999,0.9999998807907104
8726,0.999990000099999,0.9999998807907104
8727,0.999990000099999,0.9999998807907104
8728,0.999990000099999,0.9999998807907104
8729,0.999990000099999,0.9999998807907104
8730,0.999990000099999,0.9999998807907104
8731,0.999990000099999,0.9999998807907104
8732,0.999990000099999,0.9999998807907104
8733,0.999990000099999,0.9999998807907104
8734,0.999990000099999,0.9999998807907104
8735,0.999990000099999,0.9999998807907104
8736,0.999990000099999,0.9999998807907104
8737,0.999990000099999,0.9999998807907104
8738,0.999990000099999,0.9999998807907104
8739,0.999990000099999,0.9999998807907104
8740,0.999990000099999,0.9999998807907104
8741,0.999990000099999,0.9999998807907104
8742,0.999990000099999,0.9999998807907104
8743,0.999990000099999,0.9999998807907104
8744,0.999990000099999,0.9999998807907104
8745,0.999990000099999,0.9999998807907104
8746,0.999990000099999,0.9999998807907104
8747,0.999990000099999,0.9999998807907104
8748,0.999990000099999,0.9999998807907104
8749,0.999990000099999,0.9999998807907104
8750,0.999990000099999,0.9999998807907104
8751,0.999990000099999,0.9999998807907104
8752,0.999990000099999,0.9999998807907104
8753,0.999990000099999,0.9999998807907104
8754,0.999990000099999,0.9999998807907104
8755,0.999990000099999,0.9999998807907104
8756,0.999990000099999,0.9999998807907104
8757,0.999990000099999,0.9999998807907104
8758,0.999990000099999,0.9999998807907104
8759,0.999990000099999,0.9999998807907104
8760,0.999990000099999,0.9999998807907104
8761,0.999990000099999,0.9999998807907104
8762,0.999990000099999,0.9999998807907104
8763,0.999990000099999,0.9999998807907104
8764,0.999990000099999,0.9999998807907104
8765,0.999990000099999,0.9999998807907104
8766,0.999990000099999,0.9999998807907104
8767,0.999990000099999,0.9999998807907104
8768,0.999990000099999,0.9999998807907104
8769,0.999990000099999,0.9999998807907104
8770,0.999990000099999,0.9999998807907104
8771,0.999990000099999,0.9999998807907104
8772,0.999990000099999,0.9999998807907104
8773,0.999990000099999,0.9999998807907104
8774,0.999990000099999,0.9999998807907104
8775,0.999990000099999,0.9999998807907104
8776,0.999990000099999,0.9999998807907104
8777,0.999990000099999,0.9999998807907104
8778,0.999990000099999,0.9999998807907104
8779,0.999990000099999,0.9999998807907104
8780,0.999990000099999,0.9999998807907104
8781,0.999990000099999,0.9999998807907104
8782,0.999990000099999,0.9999998807907104
8783,0.999990000099999,0.9999998807907104
8784,0.999990000099999,0.9999998807907104
8785,0.999990000099999,0.9999998807907104
8786,0.999990000099999,0.9999998807907104
8787,0.999990000099999,0.9999998807907104
8788,0.999990000099999,0.9999998807907104
8789,0.999990000099999,0.9999998807907104
8790,0.999990000099999,0.9999998807907104
8791,0.999990000099999,0.9999998807907104
8792,0.999990000099999,0.9999998807907104
8793,0.999990000099999,0.9999998807907104
8794,0.999990000099999,0.9999998807907104
8795,0.999990000099999,0.9999998807907104
8796,0.999990000099999,0.9999998807907104
8797,0.999990000099999,0.9999998807907104
8798,0.999990000099999,0.9999998807907104
8799,0.999990000099999,0.9999998807907104
8800,0.999990000099999,0.9999998807907104
8801,0.999990000099999,0.9999998807907104
8802,0.999990000099999,0.9999998807907104
8803,0.999990000099999,0.9999998807907104
8804,0.999990000099999,0.9999998807907104
8805,0.999990000099999,0.9999998807907104
8806,0.999990000099999,0.9999998807907104
8807,0.999990000099999,0.9999998807907104
8808,0.999990000099999,0.9999998807907104
8809,0.999990000099999,0.9999998807907104
8810,0.999990000099999,0.9999998807907104
8811,0.999990000099999,0.9999998807907104
8812,0.999990000099999,0.9999998807907104
8813,0.999990000099999,0.9999998807907104
8814,0.999990000099999,0.9999998807907104
8815,0.999990000099999,0.9999998807907104
8816,0.999990000099999,0.9999998807907104
8817,0.999990000099999,0.9999998807907104
8818,0.999990000099999,0.9999998807907104
8819,0.999990000099999,0.9999998807907104
8820,0.999990000099999,0.9999998807907104
8821,0.999990000099999,0.9999998807907104
8822,0.999990000099999,0.9999998807907104
8823,0.999990000099999,0.9999998807907104
8824,0.999990000099999,0.9999998807907104
8825,0.999990000099999,0.9999998807907104
8826,0.999990000099999,0.9999998807907104
8827,0.999990000099999,0.9999998807907104
8828,0.999990000099999,0.9999998807907104
8829,0.999990000099999,0.9999998807907104
8830,0.999990000099999,0.9999998807907104
8831,0.999990000099999,0.9999998807907104
8832,0.999990000099999,0.9999998807907104
8833,0.999990000099999,0.9999998807907104
8834,0.999990000099999,0.9999998807907104
8835,0.999990000099999,0.9999998807907104
8836,0.999990000099999,0.9999998807907104
8837,0.999990000099999,0.9999998807907104
8838,0.999990000099999,0.9999998807907104
8839,0.999990000099999,0.9999998807907104
8840,0.999990000099999,0.9999998807907104
8841,0.999990000099999,0.9999998807907104
8842,0.999990000099999,0.9999998807907104
8843,0.999990000099999,0.9999998807907104
8844,0.999990000099999,0.9999998807907104
8845,0.999990000099999,0.9999998807907104
8846,0.999990000099999,0.9999998807907104
8847,0.999990000099999,0.9999998807907104
8848,0.999990000099999,0.9999998807907104
8849,0.999990000099999,0.9999998807907104
8850,0.999990000099999,0.9999998807907104
8851,0.999990000099999,0.9999998807907104
8852,0.999990000099999,0.9999998807907104
8853,0.999990000099999,0.9999998807907104
8854,0.999990000099999,0.9999998807907104
8855,0.999990000099999,0.9999998807907104
8856,0.999990000099999,0.9999998807907104
8857,0.999990000099999,0.9999998807907104
8858,0.999990000099999,0.9999998807907104
8859,0.999990000099999,0.9999998807907104
8860,0.999990000099999,0.9999998807907104
8861,0.999990000099999,0.9999998807907104
8862,0.999990000099999,0.9999998807907104
8863,0.999990000099999,0.9999998807907104
8864,0.999990000099999,0.9999998807907104
8865,0.999990000099999,0.9999998807907104
8866,0.999990000099999,0.9999998807907104
8867,0.999990000099999,0.9999998807907104
8868,0.999990000099999,0.9999998807907104
8869,0.999990000099999,0.9999998807907104
8870,0.999990000099999,0.9999998807907104
8871,0.999990000099999,0.9999998807907104
8872,0.999990000099999,0.9999998807907104
8873,0.999990000099999,0.9999998807907104
8874,0.999990000099999,0.9999998807907104
8875,0.999990000099999,0.9999998807907104
8876,0.999990000099999,0.9999998807907104
8877,0.999990000099999,0.9999998807907104
8878,0.999990000099999,0.9999998807907104
8879,0.999990000099999,0.9999998807907104
8880,0.999990000099999,0.9999998807907104
8881,0.999990000099999,0.9999998807907104
8882,0.999990000099999,0.9999998807907104
8883,0.999990000099999,0.9999998807907104
8884,0.999990000099999,0.9999998807907104
8885,0.999990000099999,0.9999998807907104
8886,0.999990000099999,0.9999998807907104
8887,0.999990000099999,0.9999998807907104
8888,0.999990000099999,0.9999998807907104
8889,0.999990000099999,0.9999998807907104
8890,0.999990000099999,0.9999998807907104
8891,0.999990000099999,0.9999998807907104
8892,0.999990000099999,0.9999998807907104
8893,0.999990000099999,0.9999998807907104
8894,0.999990000099999,0.9999998807907104
8895,0.999990000099999,0.9999998807907104
8896,0.999990000099999,0.9999998807907104
8897,0.999990000099999,0.9999998807907104
8898,0.999990000099999,0.9999998807907104
8899,0.999990000099999,0.9999998807907104
8900,0.999990000099999,0.9999998807907104
8901,0.999990000099999,0.9999998807907104
8902,0.999990000099999,0.9999998807907104
8903,0.999990000099999,0.9999998807907104
8904,0.999990000099999,0.9999998807907104
8905,0.999990000099999,0.9999998807907104
8906,0.999990000099999,0.9999998807907104
8907,0.999990000099999,0.9999998807907104
8908,0.999990000099999,0.9999998807907104
8909,0.999990000099999,0.9999998807907104
8910,0.999990000099999,0.9999998807907104
8911,0.999990000099999,0.9999998807907104
8912,0.999990000099999,0.9999998807907104
8913,0.999990000099999,0.9999998807907104
8914,0.999990000099999,0.9999998807907104
8915,0.999990000099999,0.9999998807907104
8916,0.999990000099999,0.9999998807907104
8917,0.999990000099999,0.9999998807907104
8918,0.999990000099999,0.9999998807907104
8919,0.999990000099999,0.9999998807907104
8920,0.999990000099999,0.9999998807907104
8921,0.999990000099999,0.9999998807907104
8922,0.999990000099999,0.9999998807907104
8923,0.999990000099999,0.9999998807907104
8924,0.999990000099999,0.9999998807907104
8925,0.999990000099999,0.9999998807907104
8926,0.999990000099999,0.9999998807907104
8927,0.999990000099999,0.9999998807907104
8928,0.999990000099999,0.9999998807907104
8929,0.999990000099999,0.9999998807907104
8930,0.999990000099999,0.9999998807907104
8931,0.999990000099999,0.9999998807907104
8932,0.999990000099999,0.9999998807907104
8933,0.999990000099999,0.9999998807907104
8934,0.999990000099999,0.9999998807907104
8935,0.999990000099999,0.9999998807907104
8936,0.999990000099999,0.9999998807907104
8937,0.999990000099999,0.9999998807907104
8938,0.999990000099999,0.9999998807907104
8939,0.999990000099999,0.9999998807907104
8940,0.999990000099999,0.9999998807907104
8941,0.999990000099999,0.9999998807907104
8942,0.999990000099999,0.9999998807907104
8943,0.999990000099999,0.9999998807907104
8944,0.999990000099999,0.9999998807907104
8945,0.999990000099999,0.9999998807907104
8946,0.999990000099999,0.9999998807907104
8947,0.999990000099999,0.9999998807907104
8948,0.999990000099999,0.9999998807907104
8949,0.999990000099999,0.9999998807907104
8950,0.999990000099999,0.9999998807907104
8951,0.999990000099999,0.9999998807907104
8952,0.999990000099999,0.9999998807907104
8953,0.999990000099999,0.9999998807907104
8954,0.999990000099999,0.9999998807907104
8955,0.999990000099999,0.9999998807907104
8956,0.999990000099999,0.9999998807907104
8957,0.999990000099999,0.9999998807907104
8958,0.999990000099999,0.9999998807907104
8959,0.999990000099999,0.9999998807907104
8960,0.999990000099999,0.9999998807907104
8961,0.999990000099999,0.9999998807907104
8962,0.999990000099999,0.9999998807907104
8963,0.999990000099999,0.9999998807907104
8964,0.999990000099999,0.9999998807907104
8965,0.999990000099999,0.9999998807907104
8966,0.999990000099999,0.9999998807907104
8967,0.999990000099999,0.9999998807907104
8968,0.999990000099999,0.9999998807907104
8969,0.999990000099999,0.9999998807907104
8970,0.999990000099999,0.9999998807907104
8971,0.999990000099999,0.9999998807907104
8972,0.999990000099999,0.9999998807907104
8973,0.999990000099999,0.9999998807907104
8974,0.999990000099999,0.9999998807907104
8975,0.999990000099999,0.9999998807907104
8976,0.999990000099999,0.9999998807907104
8977,0.999990000099999,0.9999998807907104
8978,0.999990000099999,0.9999998807907104
8979,0.999990000099999,0.9999998807907104
8980,0.999990000099999,0.9999998807907104
8981,0.999990000099999,0.9999998807907104
8982,0.999990000099999,0.9999998807907104
8983,0.999990000099999,0.9999998807907104
8984,0.999990000099999,0.9999998807907104
8985,0.999990000099999,0.9999998807907104
8986,0.999990000099999,0.9999998807907104
8987,0.999990000099999,0.9999998807907104
8988,0.999990000099999,0.9999998807907104
8989,0.999990000099999,0.9999998807907104
8990,0.999990000099999,0.9999998807907104
8991,0.999990000099999,0.9999998807907104
8992,0.999990000099999,0.9999998807907104
8993,0.999990000099999,0.9999998807907104
8994,0.999990000099999,0.9999998807907104
8995,0.999990000099999,0.9999998807907104
8996,0.999990000099999,0.9999998807907104
8997,0.999990000099999,0.9999998807907104
8998,0.999990000099999,0.9999998807907104
8999,0.999990000099999,0.9999998807907104
9000,0.999990000099999,0.9999998807907104
9001,0.999990000099999,0.9999998807907104
9002,0.999990000099999,0.9999998807907104
9003,0.999990000099999,0.9999998807907104
9004,0.999990000099999,0.9999998807907104
9005,0.999990000099999,0.9999998807907104
9006,0.999990000099999,0.9999998807907104
9007,0.999990000099999,0.9999998807907104
9008,0.999990000099999,0.9999998807907104
9009,0.999990000099999,0.9999998807907104
9010,0.999990000099999,0.9999998807907104
9011,0.999990000099999,0.9999998807907104
9012,0.999990000099999,0.9999998807907104
9013,0.999990000099999,0.9999998807907104
9014,0.999990000099999,0.9999998807907104
9015,0.999990000099999,0.9999998807907104
9016,0.999990000099999,0.9999998807907104
9017,0.999990000099999,0.9999998807907104
9018,0.999990000099999,0.9999998807907104
9019,0.999990000099999,0.9999998807907104
9020,0.999990000099999,0.9999998807907104
9021,0.999990000099999,0.9999998807907104
9022,0.999990000099999,0.9999998807907104
9023,0.999990000099999,0.9999998807907104
9024,0.999990000099999,0.9999998807907104
9025,0.999990000099999,0.9999998807907104
9026,0.999990000099999,0.9999998807907104
9027,0.999990000099999,0.9999998807907104
9028,0.999990000099999,0.9999998807907104
9029,0.999990000099999,0.9999998807907104
9030,0.999990000099999,0.9999998807907104
9031,0.999990000099999,0.9999998807907104
9032,0.999990000099999,0.9999998807907104
9033,0.999990000099999,0.9999998807907104
9034,0.999990000099999,0.9999998807907104
9035,0.999990000099999,0.9999998807907104
9036,0.999990000099999,0.9999998807907104
9037,0.999990000099999,0.9999998807907104
9038,0.999990000099999,0.9999998807907104
9039,0.999990000099999,0.9999998807907104
9040,0.999990000099999,0.9999998807907104
9041,0.999990000099999,0.9999998807907104
9042,0.999990000099999,0.9999998807907104
9043,0.999990000099999,0.9999998807907104
9044,0.999990000099999,0.9999998807907104
9045,0.999990000099999,0.9999998807907104
9046,0.999990000099999,0.9999998807907104
9047,0.999990000099999,0.9999998807907104
9048,0.999990000099999,0.9999998807907104
9049,0.999990000099999,0.9999998807907104
9050,0.999990000099999,0.9999998807907104
9051,0.999990000099999,0.9999998807907104
9052,0.999990000099999,0.9999998807907104
9053,0.999990000099999,0.9999998807907104
9054,0.999990000099999,0.9999998807907104
9055,0.999990000099999,0.9999998807907104
9056,0.999990000099999,0.9999998807907104
9057,0.999990000099999,0.9999998807907104
9058,0.999990000099999,0.9999998807907104
9059,0.999990000099999,0.9999998807907104
9060,0.999990000099999,0.9999998807907104
9061,0.999990000099999,0.9999998807907104
9062,0.999990000099999,0.9999998807907104
9063,0.999990000099999,0.9999998807907104
9064,0.999990000099999,0.9999998807907104
9065,0.999990000099999,0.9999998807907104
9066,0.999990000099999,0.9999998807907104
9067,0.999990000099999,0.9999998807907104
9068,0.999990000099999,0.9999998807907104
9069,0.999990000099999,0.9999998807907104
9070,0.999990000099999,0.9999998807907104
9071,0.999990000099999,0.9999998807907104
9072,0.999990000099999,0.9999998807907104
9073,0.999990000099999,0.9999998807907104
9074,0.999990000099999,0.9999998807907104
9075,0.999990000099999,0.9999998807907104
9076,0.999990000099999,0.9999998807907104
9077,0.999990000099999,0.9999998807907104
9078,0.999990000099999,0.9999998807907104
9079,0.999990000099999,0.9999998807907104
9080,0.999990000099999,0.9999998807907104
9081,0.999990000099999,0.9999998807907104
9082,0.999990000099999,0.9999998807907104
9083,0.999990000099999,0.9999998807907104
9084,0.999990000099999,0.9999998807907104
9085,0.999990000099999,0.9999998807907104
9086,0.999990000099999,0.9999998807907104
9087,0.999990000099999,0.9999998807907104
9088,0.999990000099999,0.9999998807907104
9089,0.999990000099999,0.9999998807907104
9090,0.999990000099999,0.9999998807907104
9091,0.999990000099999,0.9999998807907104
9092,0.999990000099999,0.9999998807907104
9093,0.999990000099999,0.9999998807907104
9094,0.999990000099999,0.9999998807907104
9095,0.999990000099999,0.9999998807907104
9096,0.999990000099999,0.9999998807907104
9097,0.999990000099999,0.9999998807907104
9098,0.999990000099999,0.9999998807907104
9099,0.999990000099999,0.9999998807907104
9100,0.999990000099999,0.9999998807907104
9101,0.999990000099999,0.9999998807907104
9102,0.999990000099999,0.9999998807907104
9103,0.999990000099999,0.9999998807907104
9104,0.999990000099999,0.9999998807907104
9105,0.999990000099999,0.9999998807907104
9106,0.999990000099999,0.9999998807907104
9107,0.999990000099999,0.9999998807907104
9108,0.999990000099999,0.9999998807907104
9109,0.999990000099999,0.9999998807907104
9110,0.999990000099999,0.9999998807907104
9111,0.999990000099999,0.9999998807907104
9112,0.999990000099999,0.9999998807907104
9113,0.999990000099999,0.9999998807907104
9114,0.999990000099999,0.9999998807907104
9115,0.999990000099999,0.9999998807907104
9116,0.999990000099999,0.9999998807907104
9117,0.999990000099999,0.9999998807907104
9118,0.999990000099999,0.9999998807907104
9119,0.999990000099999,0.9999998807907104
9120,0.999990000099999,0.9999998807907104
9121,0.999990000099999,0.9999998807907104
9122,0.999990000099999,0.9999998807907104
9123,0.999990000099999,0.9999998807907104
9124,0.999990000099999,0.9999998807907104
9125,0.999990000099999,0.9999998807907104
9126,0.999990000099999,0.9999998807907104
9127,0.999990000099999,0.9999998807907104
9128,0.999990000099999,0.9999998807907104
9129,0.999990000099999,0.9999998807907104
9130,0.999990000099999,0.9999998807907104
9131,0.999990000099999,0.9999998807907104
9132,0.999990000099999,0.9999998807907104
9133,0.999990000099999,0.9999998807907104
9134,0.999990000099999,0.9999998807907104
9135,0.999990000099999,0.9999998807907104
9136,0.999990000099999,0.9999998807907104
9137,0.999990000099999,0.9999998807907104
9138,0.999990000099999,0.9999998807907104
9139,0.999990000099999,0.9999998807907104
9140,0.999990000099999,0.9999998807907104
9141,0.999990000099999,0.9999998807907104
9142,0.999990000099999,0.9999998807907104
9143,0.999990000099999,0.9999998807907104
9144,0.999990000099999,0.9999998807907104
9145,0.999990000099999,0.9999998807907104
9146,0.999990000099999,0.9999998807907104
9147,0.999990000099999,0.9999998807907104
9148,0.999990000099999,0.9999998807907104
9149,0.999990000099999,0.9999998807907104
9150,0.999990000099999,0.9999998807907104
9151,0.999990000099999,0.9999998807907104
9152,0.999990000099999,0.9999998807907104
9153,0.999990000099999,0.9999998807907104
9154,0.999990000099999,0.9999998807907104
9155,0.999990000099999,0.9999998807907104
9156,0.999990000099999,0.9999998807907104
9157,0.999990000099999,0.9999998807907104
9158,0.999990000099999,0.9999998807907104
9159,0.999990000099999,0.9999998807907104
9160,0.999990000099999,0.9999998807907104
9161,0.999990000099999,0.9999998807907104
9162,0.999990000099999,0.9999998807907104
9163,0.999990000099999,0.9999998807907104
9164,0.999990000099999,0.9999998807907104
9165,0.999990000099999,0.9999998807907104
9166,0.999990000099999,0.9999998807907104
9167,0.999990000099999,0.9999998807907104
9168,0.999990000099999,0.9999998807907104
9169,0.999990000099999,0.9999998807907104
9170,0.999990000099999,0.9999998807907104
9171,0.999990000099999,0.9999998807907104
9172,0.999990000099999,0.9999998807907104
9173,0.999990000099999,0.9999998807907104
9174,0.999990000099999,0.9999998807907104
9175,0.999990000099999,0.9999998807907104
9176,0.999990000099999,0.9999998807907104
9177,0.999990000099999,0.9999998807907104
9178,0.999990000099999,0.9999998807907104
9179,0.999990000099999,0.9999998807907104
9180,0.999990000099999,0.9999998807907104
9181,0.999990000099999,0.9999998807907104
9182,0.999990000099999,0.9999998807907104
9183,0.999990000099999,0.9999998807907104
9184,0.999990000099999,0.9999998807907104
9185,0.999990000099999,0.9999998807907104
9186,0.999990000099999,0.9999998807907104
9187,0.999990000099999,0.9999998807907104
9188,0.999990000099999,0.9999998807907104
9189,0.999990000099999,0.9999998807907104
9190,0.999990000099999,0.9999998807907104
9191,0.999990000099999,0.9999998807907104
9192,0.999990000099999,0.9999998807907104
9193,0.999990000099999,0.9999998807907104
9194,0.999990000099999,0.9999998807907104
9195,0.999990000099999,0.9999998807907104
9196,0.999990000099999,0.9999998807907104
9197,0.999990000099999,0.9999998807907104
9198,0.999990000099999,0.9999998807907104
9199,0.999990000099999,0.9999998807907104
9200,0.999990000099999,0.9999998807907104
9201,0.999990000099999,0.9999998807907104
9202,0.999990000099999,0.9999998807907104
9203,0.999990000099999,0.9999998807907104
9204,0.999990000099999,0.9999998807907104
9205,0.999990000099999,0.9999998807907104
9206,0.999990000099999,0.9999998807907104
9207,0.999990000099999,0.9999998807907104
9208,0.999990000099999,0.9999998807907104
9209,0.999990000099999,0.9999998807907104
9210,0.999990000099999,0.9999998807907104
9211,0.999990000099999,0.9999998807907104
9212,0.999990000099999,0.9999998807907104
9213,0.999990000099999,0.9999998807907104
9214,0.999990000099999,0.9999998807907104
9215,0.999990000099999,0.9999998807907104
9216,0.999990000099999,0.9999998807907104
9217,0.999990000099999,0.9999998807907104
9218,0.999990000099999,0.9999998807907104
9219,0.999990000099999,0.9999998807907104
9220,0.999990000099999,0.9999998807907104
9221,0.999990000099999,0.9999998807907104
9222,0.999990000099999,0.9999998807907104
9223,0.999990000099999,0.9999998807907104
9224,0.999990000099999,0.9999998807907104
9225,0.999990000099999,0.9999998807907104
9226,0.999990000099999,0.9999998807907104
9227,0.999990000099999,0.9999998807907104
9228,0.999990000099999,0.9999998807907104
9229,0.999990000099999,0.9999998807907104
9230,0.999990000099999,0.9999998807907104
9231,0.999990000099999,0.9999998807907104
9232,0.999990000099999,0.9999998807907104
9233,0.999990000099999,0.9999998807907104
9234,0.999990000099999,0.9999998807907104
9235,0.999990000099999,0.9999998807907104
9236,0.999990000099999,0.9999998807907104
9237,0.999990000099999,0.9999998807907104
9238,0.999990000099999,0.9999998807907104
9239,0.999990000099999,0.9999998807907104
9240,0.999990000099999,0.9999998807907104
9241,0.999990000099999,0.9999998807907104
9242,0.999990000099999,0.9999998807907104
9243,0.999990000099999,0.9999998807907104
9244,0.999990000099999,0.9999998807907104
9245,0.999990000099999,0.9999998807907104
9246,0.999990000099999,0.9999998807907104
9247,0.999990000099999,0.9999998807907104
9248,0.999990000099999,0.9999998807907104
9249,0.999990000099999,0.9999998807907104
9250,0.999990000099999,0.9999998807907104
9251,0.999990000099999,0.9999998807907104
9252,0.999990000099999,0.9999998807907104
9253,0.999990000099999,0.9999998807907104
9254,0.999990000099999,0.9999998807907104
9255,0.999990000099999,0.9999998807907104
9256,0.999990000099999,0.9999998807907104
9257,0.999990000099999,0.9999998807907104
9258,0.999990000099999,0.9999998807907104
9259,0.999990000099999,0.9999998807907104
9260,0.999990000099999,0.9999998807907104
9261,0.999990000099999,0.9999998807907104
9262,0.999990000099999,0.9999998807907104
9263,0.999990000099999,0.9999998807907104
9264,0.999990000099999,0.9999998807907104
9265,0.999990000099999,0.9999998807907104
9266,0.999990000099999,0.9999998807907104
9267,0.999990000099999,0.9999998807907104
9268,0.999990000099999,0.9999998807907104
9269,0.999990000099999,0.9999998807907104
9270,0.999990000099999,0.9999998807907104
9271,0.999990000099999,0.9999998807907104
9272,0.999990000099999,0.9999998807907104
9273,0.999990000099999,0.9999998807907104
9274,0.999990000099999,0.9999998807907104
9275,0.999990000099999,0.9999998807907104
9276,0.999990000099999,0.9999998807907104
9277,0.999990000099999,0.9999998807907104
9278,0.999990000099999,0.9999998807907104
9279,0.999990000099999,0.9999998807907104
9280,0.999990000099999,0.9999998807907104
9281,0.999990000099999,0.9999998807907104
9282,0.999990000099999,0.9999998807907104
9283,0.999990000099999,0.9999998807907104
9284,0.999990000099999,0.9999998807907104
9285,0.999990000099999,0.9999998807907104
9286,0.999990000099999,0.9999998807907104
9287,0.999990000099999,0.9999998807907104
9288,0.999990000099999,0.9999998807907104
9289,0.999990000099999,0.9999998807907104
9290,0.999990000099999,0.9999998807907104
9291,0.999990000099999,0.9999998807907104
9292,0.999990000099999,0.9999998807907104
9293,0.999990000099999,0.9999998807907104
9294,0.999990000099999,0.9999998807907104
9295,0.999990000099999,0.9999998807907104
9296,0.999990000099999,0.9999998807907104
9297,0.999990000099999,0.9999998807907104
9298,0.999990000099999,0.9999998807907104
9299,0.999990000099999,0.9999998807907104
9300,0.999990000099999,0.9999998807907104
9301,0.999990000099999,0.9999998807907104
9302,0.999990000099999,0.9999998807907104
9303,0.999990000099999,0.9999998807907104
9304,0.999990000099999,0.9999998807907104
9305,0.999990000099999,0.9999998807907104
9306,0.999990000099999,0.9999998807907104
9307,0.999990000099999,0.9999998807907104
9308,0.999990000099999,0.9999998807907104
9309,0.999990000099999,0.9999998807907104
9310,0.999990000099999,0.9999998807907104
9311,0.999990000099999,0.9999998807907104
9312,0.999990000099999,0.9999998807907104
9313,0.999990000099999,0.9999998807907104
9314,0.999990000099999,0.9999998807907104
9315,0.999990000099999,0.9999998807907104
9316,0.999990000099999,0.9999998807907104
9317,0.999990000099999,0.9999998807907104
9318,0.999990000099999,0.9999998807907104
9319,0.999990000099999,0.9999998807907104
9320,0.999990000099999,0.9999998807907104
9321,0.999990000099999,0.9999998807907104
9322,0.999990000099999,0.9999998807907104
9323,0.999990000099999,0.9999998807907104
9324,0.999990000099999,0.9999998807907104
9325,0.999990000099999,0.9999998807907104
9326,0.999990000099999,0.9999998807907104
9327,0.999990000099999,0.9999998807907104
9328,0.999990000099999,0.9999998807907104
9329,0.999990000099999,0.9999998807907104
9330,0.999990000099999,0.9999998807907104
9331,0.999990000099999,0.9999998807907104
9332,0.999990000099999,0.9999998807907104
9333,0.999990000099999,0.9999998807907104
9334,0.999990000099999,0.9999998807907104
9335,0.999990000099999,0.9999998807907104
9336,0.999990000099999,0.9999998807907104
9337,0.999990000099999,0.9999998807907104
9338,0.999990000099999,0.9999998807907104
9339,0.999990000099999,0.9999998807907104
9340,0.999990000099999,0.9999998807907104
9341,0.999990000099999,0.9999998807907104
9342,0.999990000099999,0.9999998807907104
9343,0.999990000099999,0.9999998807907104
9344,0.999990000099999,0.9999998807907104
9345,0.999990000099999,0.9999998807907104
9346,0.999990000099999,0.9999998807907104
9347,0.999990000099999,0.9999998807907104
9348,0.999990000099999,0.9999998807907104
9349,0.999990000099999,0.9999998807907104
9350,0.999990000099999,0.9999998807907104
9351,0.999990000099999,0.9999998807907104
9352,0.999990000099999,0.9999998807907104
9353,0.999990000099999,0.9999998807907104
9354,0.999990000099999,0.9999998807907104
9355,0.999990000099999,0.9999998807907104
9356,0.999990000099999,0.9999998807907104
9357,0.999990000099999,0.9999998807907104
9358,0.999990000099999,0.9999998807907104
9359,0.999990000099999,0.9999998807907104
9360,0.999990000099999,0.9999998807907104
9361,0.999990000099999,0.9999998807907104
9362,0.999990000099999,0.9999998807907104
9363,0.999990000099999,0.9999998807907104
9364,0.999990000099999,0.9999998807907104
9365,0.999990000099999,0.9999998807907104
9366,0.999990000099999,0.9999998807907104
9367,0.999990000099999,0.9999998807907104
9368,0.999990000099999,0.9999998807907104
9369,0.999990000099999,0.9999998807907104
9370,0.999990000099999,0.9999998807907104
9371,0.999990000099999,0.9999998807907104
9372,0.999990000099999,0.9999998807907104
9373,0.999990000099999,0.9999998807907104
9374,0.999990000099999,0.9999998807907104
9375,0.999990000099999,0.9999998807907104
9376,0.999990000099999,0.9999998807907104
9377,0.999990000099999,0.9999998807907104
9378,0.999990000099999,0.9999998807907104
9379,0.999990000099999,0.9999998807907104
9380,0.999990000099999,0.9999998807907104
9381,0.999990000099999,0.9999998807907104
9382,0.999990000099999,0.9999998807907104
9383,0.999990000099999,0.9999998807907104
9384,0.999990000099999,0.9999998807907104
9385,0.999990000099999,0.9999998807907104
9386,0.999990000099999,0.9999998807907104
9387,0.999990000099999,0.9999998807907104
9388,0.999990000099999,0.9999998807907104
9389,0.999990000099999,0.9999998807907104
9390,0.999990000099999,0.9999998807907104
9391,0.999990000099999,0.9999998807907104
9392,0.999990000099999,0.9999998807907104
9393,0.999990000099999,0.9999998807907104
9394,0.999990000099999,0.9999998807907104
9395,0.999990000099999,0.9999998807907104
9396,0.999990000099999,0.9999998807907104
9397,0.999990000099999,0.9999998807907104
9398,0.999990000099999,0.9999998807907104
9399,0.999990000099999,0.9999998807907104
9400,0.999990000099999,0.9999998807907104
9401,0.999990000099999,0.9999998807907104
9402,0.999990000099999,0.9999998807907104
9403,0.999990000099999,0.9999998807907104
9404,0.999990000099999,0.9999998807907104
9405,0.999990000099999,0.9999998807907104
9406,0.999990000099999,0.9999998807907104
9407,0.999990000099999,0.9999998807907104
9408,0.999990000099999,0.9999998807907104
9409,0.999990000099999,0.9999998807907104
9410,0.999990000099999,0.9999998807907104
9411,0.999990000099999,0.9999998807907104
9412,0.999990000099999,0.9999998807907104
9413,0.999990000099999,0.9999998807907104
9414,0.999990000099999,0.9999998807907104
9415,0.999990000099999,0.9999998807907104
9416,0.999990000099999,0.9999998807907104
9417,0.999990000099999,0.9999998807907104
9418,0.999990000099999,0.9999998807907104
9419,0.999990000099999,0.9999998807907104
9420,0.999990000099999,0.9999998807907104
9421,0.999990000099999,0.9999998807907104
9422,0.999990000099999,0.9999998807907104
9423,0.999990000099999,0.9999998807907104
9424,0.999990000099999,0.9999998807907104
9425,0.999990000099999,0.9999998807907104
9426,0.999990000099999,0.9999998807907104
9427,0.999990000099999,0.9999998807907104
9428,0.999990000099999,0.9999998807907104
9429,0.999990000099999,0.9999998807907104
9430,0.999990000099999,0.9999998807907104
9431,0.999990000099999,0.9999998807907104
9432,0.999990000099999,0.9999998807907104
9433,0.999990000099999,0.9999998807907104
9434,0.999990000099999,0.9999998807907104
9435,0.999990000099999,0.9999998807907104
9436,0.999990000099999,0.9999998807907104
9437,0.999990000099999,0.9999998807907104
9438,0.999990000099999,0.9999998807907104
9439,0.999990000099999,0.9999998807907104
9440,0.999990000099999,0.9999998807907104
9441,0.999990000099999,0.9999998807907104
9442,0.999990000099999,0.9999998807907104
9443,0.999990000099999,0.9999998807907104
9444,0.999990000099999,0.9999998807907104
9445,0.999990000099999,0.9999998807907104
9446,0.999990000099999,0.9999998807907104
9447,0.999990000099999,0.9999998807907104
9448,0.999990000099999,0.9999998807907104
9449,0.999990000099999,0.9999998807907104
9450,0.999990000099999,0.9999998807907104
9451,0.999990000099999,0.9999998807907104
9452,0.999990000099999,0.9999998807907104
9453,0.999990000099999,0.9999998807907104
9454,0.999990000099999,0.9999998807907104
9455,0.999990000099999,0.9999998807907104
9456,0.999990000099999,0.9999998807907104
9457,0.999990000099999,0.9999998807907104
9458,0.999990000099999,0.9999998807907104
9459,0.999990000099999,0.9999998807907104
9460,0.999990000099999,0.9999998807907104
9461,0.999990000099999,0.9999998807907104
9462,0.999990000099999,0.9999998807907104
9463,0.999990000099999,0.9999998807907104
9464,0.999990000099999,0.9999998807907104
9465,0.999990000099999,0.9999998807907104
9466,0.999990000099999,0.9999998807907104
9467,0.999990000099999,0.9999998807907104
9468,0.999990000099999,0.9999998807907104
9469,0.999990000099999,0.9999998807907104
9470,0.999990000099999,0.9999998807907104
9471,0.999990000099999,0.9999998807907104
9472,0.999990000099999,0.9999998807907104
9473,0.999990000099999,0.9999998807907104
9474,0.999990000099999,0.9999998807907104
9475,0.999990000099999,0.9999998807907104
9476,0.999990000099999,0.9999998807907104
9477,0.999990000099999,0.9999998807907104
9478,0.999990000099999,0.9999998807907104
9479,0.999990000099999,0.9999998807907104
9480,0.999990000099999,0.9999998807907104
9481,0.999990000099999,0.9999998807907104
9482,0.999990000099999,0.9999998807907104
9483,0.999990000099999,0.9999998807907104
9484,0.999990000099999,0.9999998807907104
9485,0.999990000099999,0.9999998807907104
9486,0.999990000099999,0.9999998807907104
9487,0.999990000099999,0.9999998807907104
9488,0.999990000099999,0.9999998807907104
9489,0.999990000099999,0.9999998807907104
9490,0.999990000099999,0.9999998807907104
9491,0.999990000099999,0.9999998807907104
9492,0.999990000099999,0.9999998807907104
9493,0.999990000099999,0.9999998807907104
9494,0.999990000099999,0.9999998807907104
9495,0.999990000099999,0.9999998807907104
9496,0.999990000099999,0.9999998807907104
9497,0.999990000099999,0.9999998807907104
9498,0.999990000099999,0.9999998807907104
9499,0.999990000099999,0.9999998807907104
9500,0.999990000099999,0.9999998807907104
9501,0.999990000099999,0.9999998807907104
9502,0.999990000099999,0.9999998807907104
9503,0.999990000099999,0.9999998807907104
9504,0.999990000099999,0.9999998807907104
9505,0.999990000099999,0.9999998807907104
9506,0.999990000099999,0.9999998807907104
9507,0.999990000099999,0.9999998807907104
9508,0.999990000099999,0.9999998807907104
9509,0.999990000099999,0.9999998807907104
9510,0.999990000099999,0.9999998807907104
9511,0.999990000099999,0.9999998807907104
9512,0.999990000099999,0.9999998807907104
9513,0.999990000099999,0.9999998807907104
9514,0.999990000099999,0.9999998807907104
9515,0.999990000099999,0.9999998807907104
9516,0.999990000099999,0.9999998807907104
9517,0.999990000099999,0.9999998807907104
9518,0.999990000099999,0.9999998807907104
9519,0.999990000099999,0.9999998807907104
9520,0.999990000099999,0.9999998807907104
9521,0.999990000099999,0.9999998807907104
9522,0.999990000099999,0.9999998807907104
9523,0.999990000099999,0.9999998807907104
9524,0.999990000099999,0.9999998807907104
9525,0.999990000099999,0.9999998807907104
9526,0.999990000099999,0.9999998807907104
9527,0.999990000099999,0.9999998807907104
9528,0.999990000099999,0.9999998807907104
9529,0.999990000099999,0.9999998807907104
9530,0.999990000099999,0.9999998807907104
9531,0.999990000099999,0.9999998807907104
9532,0.999990000099999,0.9999998807907104
9533,0.999990000099999,0.9999998807907104
9534,0.999990000099999,0.9999998807907104
9535,0.999990000099999,0.9999998807907104
9536,0.999990000099999,0.9999998807907104
9537,0.999990000099999,0.9999998807907104
9538,0.999990000099999,0.9999998807907104
9539,0.999990000099999,0.9999998807907104
9540,0.999990000099999,0.9999998807907104
9541,0.999990000099999,0.9999998807907104
9542,0.999990000099999,0.9999998807907104
9543,0.999990000099999,0.9999998807907104
9544,0.999990000099999,0.9999998807907104
9545,0.999990000099999,0.9999998807907104
9546,0.999990000099999,0.9999998807907104
9547,0.999990000099999,0.9999998807907104
9548,0.999990000099999,0.9999998807907104
9549,0.999990000099999,0.9999998807907104
9550,0.999990000099999,0.9999998807907104
9551,0.999990000099999,0.9999998807907104
9552,0.999990000099999,0.9999998807907104
9553,0.999990000099999,0.9999998807907104
9554,0.999990000099999,0.9999998807907104
9555,0.999990000099999,0.9999998807907104
9556,0.999990000099999,0.9999998807907104
9557,0.999990000099999,0.9999998807907104
9558,0.999990000099999,0.9999998807907104
9559,0.999990000099999,0.9999998807907104
9560,0.999990000099999,0.9999998807907104
9561,0.999990000099999,0.9999998807907104
9562,0.999990000099999,0.9999998807907104
9563,0.999990000099999,0.9999998807907104
9564,0.999990000099999,0.9999998807907104
9565,0.999990000099999,0.9999998807907104
9566,0.999990000099999,0.9999998807907104
9567,0.999990000099999,0.9999998807907104
9568,0.999990000099999,0.9999998807907104
9569,0.999990000099999,0.9999998807907104
9570,0.999990000099999,0.9999998807907104
9571,0.999990000099999,0.9999998807907104
9572,0.999990000099999,0.9999998807907104
9573,0.999990000099999,0.9999998807907104
9574,0.999990000099999,0.9999998807907104
9575,0.999990000099999,0.9999998807907104
9576,0.999990000099999,0.9999998807907104
9577,0.999990000099999,0.9999998807907104
9578,0.999990000099999,0.9999998807907104
9579,0.999990000099999,0.9999998807907104
9580,0.999990000099999,0.9999998807907104
9581,0.999990000099999,0.9999998807907104
9582,0.999990000099999,0.9999998807907104
9583,0.999990000099999,0.9999998807907104
9584,0.999990000099999,0.9999998807907104
9585,0.999990000099999,0.9999998807907104
9586,0.999990000099999,0.9999998807907104
9587,0.999990000099999,0.9999998807907104
9588,0.999990000099999,0.9999998807907104
9589,0.999990000099999,0.9999998807907104
9590,0.999990000099999,0.9999998807907104
9591,0.999990000099999,0.9999998807907104
9592,0.999990000099999,0.9999998807907104
9593,0.999990000099999,0.9999998807907104
9594,0.999990000099999,0.9999998807907104
9595,0.999990000099999,0.9999998807907104
9596,0.999990000099999,0.9999998807907104
9597,0.999990000099999,0.9999998807907104
9598,0.999990000099999,0.9999998807907104
9599,0.999990000099999,0.9999998807907104
9600,0.999990000099999,0.9999998807907104
9601,0.999990000099999,0.9999998807907104
9602,0.999990000099999,0.9999998807907104
9603,0.999990000099999,0.9999998807907104
9604,0.999990000099999,0.9999998807907104
9605,0.999990000099999,0.9999998807907104
9606,0.999990000099999,0.9999998807907104
9607,0.999990000099999,0.9999998807907104
9608,0.999990000099999,0.9999998807907104
9609,0.999990000099999,0.9999998807907104
9610,0.999990000099999,0.9999998807907104
9611,0.999990000099999,0.9999998807907104
9612,0.999990000099999,0.9999998807907104
9613,0.999990000099999,0.9999998807907104
9614,0.999990000099999,0.9999998807907104
9615,0.999990000099999,0.9999998807907104
9616,0.999990000099999,0.9999998807907104
9617,0.999990000099999,0.9999998807907104
9618,0.999990000099999,0.9999998807907104
9619,0.999990000099999,0.9999998807907104
9620,0.999990000099999,0.9999998807907104
9621,0.999990000099999,0.9999998807907104
9622,0.999990000099999,0.9999998807907104
9623,0.999990000099999,0.9999998807907104
9624,0.999990000099999,0.9999998807907104
9625,0.999990000099999,0.9999998807907104
9626,0.999990000099999,0.9999998807907104
9627,0.999990000099999,0.9999998807907104
9628,0.999990000099999,0.9999998807907104
9629,0.999990000099999,0.9999998807907104
9630,0.999990000099999,0.9999998807907104
9631,0.999990000099999,0.9999998807907104
9632,0.999990000099999,0.9999998807907104
9633,0.999990000099999,0.9999998807907104
9634,0.999990000099999,0.9999998807907104
9635,0.999990000099999,0.9999998807907104
9636,0.999990000099999,0.9999998807907104
9637,0.999990000099999,0.9999998807907104
9638,0.999990000099999,0.9999998807907104
9639,0.999990000099999,0.9999998807907104
9640,0.999990000099999,0.9999998807907104
9641,0.999990000099999,0.9999998807907104
9642,0.999990000099999,0.9999998807907104
9643,0.999990000099999,0.9999998807907104
9644,0.999990000099999,0.9999998807907104
9645,0.999990000099999,0.9999998807907104
9646,0.999990000099999,0.9999998807907104
9647,0.999990000099999,0.9999998807907104
9648,0.999990000099999,0.9999998807907104
9649,0.999990000099999,0.9999998807907104
9650,0.999990000099999,0.9999998807907104
9651,0.999990000099999,0.9999998807907104
9652,0.999990000099999,0.9999998807907104
9653,0.999990000099999,0.9999998807907104
9654,0.999990000099999,0.9999998807907104
9655,0.999990000099999,0.9999998807907104
9656,0.999990000099999,0.9999998807907104
9657,0.999990000099999,0.9999998807907104
9658,0.999990000099999,0.9999998807907104
9659,0.999990000099999,0.9999998807907104
9660,0.999990000099999,0.9999998807907104
9661,0.999990000099999,0.9999998807907104
9662,0.999990000099999,0.9999998807907104
9663,0.999990000099999,0.9999998807907104
9664,0.999990000099999,0.9999998807907104
9665,0.999990000099999,0.9999998807907104
9666,0.999990000099999,0.9999998807907104
9667,0.999990000099999,0.9999998807907104
9668,0.999990000099999,0.9999998807907104
9669,0.999990000099999,0.9999998807907104
9670,0.999990000099999,0.9999998807907104
9671,0.999990000099999,0.9999998807907104
9672,0.999990000099999,0.9999998807907104
9673,0.999990000099999,0.9999998807907104
9674,0.999990000099999,0.9999998807907104
9675,0.999990000099999,0.9999998807907104
9676,0.999990000099999,0.9999998807907104
9677,0.999990000099999,0.9999998807907104
9678,0.999990000099999,0.9999998807907104
9679,0.999990000099999,0.9999998807907104
9680,0.999990000099999,0.9999998807907104
9681,0.999990000099999,0.9999998807907104
9682,0.999990000099999,0.9999998807907104
9683,0.999990000099999,0.9999998807907104
9684,0.999990000099999,0.9999998807907104
9685,0.999990000099999,0.9999998807907104
9686,0.999990000099999,0.9999998807907104
9687,0.999990000099999,0.9999998807907104
9688,0.999990000099999,0.9999998807907104
9689,0.999990000099999,0.9999998807907104
9690,0.999990000099999,0.9999998807907104
9691,0.999990000099999,0.9999998807907104
9692,0.999990000099999,0.9999998807907104
9693,0.999990000099999,0.9999998807907104
9694,0.999990000099999,0.9999998807907104
9695,0.999990000099999,0.9999998807907104
9696,0.999990000099999,0.9999998807907104
9697,0.999990000099999,0.9999998807907104
9698,0.999990000099999,0.9999998807907104
9699,0.999990000099999,0.9999998807907104
9700,0.999990000099999,0.9999998807907104
9701,0.999990000099999,0.9999998807907104
9702,0.999990000099999,0.9999998807907104
9703,0.999990000099999,0.9999998807907104
9704,0.999990000099999,0.9999998807907104
9705,0.999990000099999,0.9999998807907104
9706,0.999990000099999,0.9999998807907104
9707,0.999990000099999,0.9999998807907104
9708,0.999990000099999,0.9999998807907104
9709,0.999990000099999,0.9999998807907104
9710,0.999990000099999,0.9999998807907104
9711,0.999990000099999,0.9999998807907104
9712,0.999990000099999,0.9999998807907104
9713,0.999990000099999,0.9999998807907104
9714,0.999990000099999,0.9999998807907104
9715,0.999990000099999,0.9999998807907104
9716,0.999990000099999,0.9999998807907104
9717,0.999990000099999,0.9999998807907104
9718,0.999990000099999,0.9999998807907104
9719,0.999990000099999,0.9999998807907104
9720,0.999990000099999,0.9999998807907104
9721,0.999990000099999,0.9999998807907104
9722,0.999990000099999,0.9999998807907104
9723,0.999990000099999,0.9999998807907104
9724,0.999990000099999,0.9999998807907104
9725,0.999990000099999,0.9999998807907104
9726,0.999990000099999,0.9999998807907104
9727,0.999990000099999,0.9999998807907104
9728,0.999990000099999,0.9999998807907104
9729,0.999990000099999,0.9999998807907104
9730,0.999990000099999,0.9999998807907104
9731,0.999990000099999,0.9999998807907104
9732,0.999990000099999,0.9999998807907104
9733,0.999990000099999,0.9999998807907104
9734,0.999990000099999,0.9999998807907104
9735,0.999990000099999,0.9999998807907104
9736,0.999990000099999,0.9999998807907104
9737,0.999990000099999,0.9999998807907104
9738,0.999990000099999,0.9999998807907104
9739,0.999990000099999,0.9999998807907104
9740,0.999990000099999,0.9999998807907104
9741,0.999990000099999,0.9999998807907104
9742,0.999990000099999,0.9999998807907104
9743,0.999990000099999,0.9999998807907104
9744,0.999990000099999,0.9999998807907104
9745,0.999990000099999,0.9999998807907104
9746,0.999990000099999,0.9999998807907104
9747,0.999990000099999,0.9999998807907104
9748,0.999990000099999,0.9999998807907104
9749,0.999990000099999,0.9999998807907104
9750,0.999990000099999,0.9999998807907104
9751,0.999990000099999,0.9999998807907104
9752,0.999990000099999,0.9999998807907104
9753,0.999990000099999,0.9999998807907104
9754,0.999990000099999,0.9999998807907104
9755,0.999990000099999,0.9999998807907104
9756,0.999990000099999,0.9999998807907104
9757,0.999990000099999,0.9999998807907104
9758,0.999990000099999,0.9999998807907104
9759,0.999990000099999,0.9999998807907104
9760,0.999990000099999,0.9999998807907104
9761,0.999990000099999,0.9999998807907104
9762,0.999990000099999,0.9999998807907104
9763,0.999990000099999,0.9999998807907104
9764,0.999990000099999,0.9999998807907104
9765,0.999990000099999,0.9999998807907104
9766,0.999990000099999,0.9999998807907104
9767,0.999990000099999,0.9999998807907104
9768,0.999990000099999,0.9999998807907104
9769,0.999990000099999,0.9999998807907104
9770,0.999990000099999,0.9999998807907104
9771,0.999990000099999,0.9999998807907104
9772,0.999990000099999,0.9999998807907104
9773,0.999990000099999,0.9999998807907104
9774,0.999990000099999,0.9999998807907104
9775,0.999990000099999,0.9999998807907104
9776,0.999990000099999,0.9999998807907104
9777,0.999990000099999,0.9999998807907104
9778,0.999990000099999,0.9999998807907104
9779,0.999990000099999,0.9999998807907104
9780,0.999990000099999,0.9999998807907104
9781,0.999990000099999,0.9999998807907104
9782,0.999990000099999,0.9999998807907104
9783,0.999990000099999,0.9999998807907104
9784,0.999990000099999,0.9999998807907104
9785,0.999990000099999,0.9999998807907104
9786,0.999990000099999,0.9999998807907104
9787,0.999990000099999,0.9999998807907104
9788,0.999990000099999,0.9999998807907104
9789,0.999990000099999,0.9999998807907104
9790,0.999990000099999,0.9999998807907104
9791,0.999990000099999,0.9999998807907104
9792,0.999990000099999,0.9999998807907104
9793,0.999990000099999,0.9999998807907104
9794,0.999990000099999,0.9999998807907104
9795,0.999990000099999,0.9999998807907104
9796,0.999990000099999,0.9999998807907104
9797,0.999990000099999,0.9999998807907104
9798,0.999990000099999,0.9999998807907104
9799,0.999990000099999,0.9999998807907104
9800,0.999990000099999,0.9999998807907104
9801,0.999990000099999,0.9999998807907104
9802,0.999990000099999,0.9999998807907104
9803,0.999990000099999,0.9999998807907104
9804,0.999990000099999,0.9999998807907104
9805,0.999990000099999,0.9999998807907104
9806,0.999990000099999,0.9999998807907104
9807,0.999990000099999,0.9999998807907104
9808,0.999990000099999,0.9999998807907104
9809,0.999990000099999,0.9999998807907104
9810,0.999990000099999,0.9999998807907104
9811,0.999990000099999,0.9999998807907104
9812,0.999990000099999,0.9999998807907104
9813,0.999990000099999,0.9999998807907104
9814,0.999990000099999,0.9999998807907104
9815,0.999990000099999,0.9999998807907104
9816,0.999990000099999,0.9999998807907104
9817,0.999990000099999,0.9999998807907104
9818,0.999990000099999,0.9999998807907104
9819,0.999990000099999,0.9999998807907104
9820,0.999990000099999,0.9999998807907104
9821,0.999990000099999,0.9999998807907104
9822,0.999990000099999,0.9999998807907104
9823,0.999990000099999,0.9999998807907104
9824,0.999990000099999,0.9999998807907104
9825,0.999990000099999,0.9999998807907104
9826,0.999990000099999,0.9999998807907104
9827,0.999990000099999,0.9999998807907104
9828,0.999990000099999,0.9999998807907104
9829,0.999990000099999,0.9999998807907104
9830,0.999990000099999,0.9999998807907104
9831,0.999990000099999,0.9999998807907104
9832,0.999990000099999,0.9999998807907104
9833,0.999990000099999,0.9999998807907104
9834,0.999990000099999,0.9999998807907104
9835,0.999990000099999,0.9999998807907104
9836,0.999990000099999,0.9999998807907104
9837,0.999990000099999,0.9999998807907104
9838,0.999990000099999,0.9999998807907104
9839,0.999990000099999,0.9999998807907104
9840,0.999990000099999,0.9999998807907104
9841,0.999990000099999,0.9999998807907104
9842,0.999990000099999,0.9999998807907104
9843,0.999990000099999,0.9999998807907104
9844,0.999990000099999,0.9999998807907104
9845,0.999990000099999,0.9999998807907104
9846,0.999990000099999,0.9999998807907104
9847,0.999990000099999,0.9999998807907104
9848,0.999990000099999,0.9999998807907104
9849,0.999990000099999,0.9999998807907104
9850,0.999990000099999,0.9999998807907104
9851,0.999990000099999,0.9999998807907104
9852,0.999990000099999,0.9999998807907104
9853,0.999990000099999,0.9999998807907104
9854,0.999990000099999,0.9999998807907104
9855,0.999990000099999,0.9999998807907104
9856,0.999990000099999,0.9999998807907104
9857,0.999990000099999,0.9999998807907104
9858,0.999990000099999,0.9999998807907104
9859,0.999990000099999,0.9999998807907104
9860,0.999990000099999,0.9999998807907104
9861,0.999990000099999,0.9999998807907104
9862,0.999990000099999,0.9999998807907104
9863,0.999990000099999,0.9999998807907104
9864,0.999990000099999,0.9999998807907104
9865,0.999990000099999,0.9999998807907104
9866,0.999990000099999,0.9999998807907104
9867,0.999990000099999,0.9999998807907104
9868,0.999990000099999,0.9999998807907104
9869,0.999990000099999,0.9999998807907104
9870,0.999990000099999,0.9999998807907104
9871,0.999990000099999,0.9999998807907104
9872,0.999990000099999,0.9999998807907104
9873,0.999990000099999,0.9999998807907104
9874,0.999990000099999,0.9999998807907104
9875,0.999990000099999,0.9999998807907104
9876,0.999990000099999,0.9999998807907104
9877,0.999990000099999,0.9999998807907104
9878,0.999990000099999,0.9999998807907104
9879,0.999990000099999,0.9999998807907104
9880,0.999990000099999,0.9999998807907104
9881,0.999990000099999,0.9999998807907104
9882,0.999990000099999,0.9999998807907104
9883,0.999990000099999,0.9999998807907104
9884,0.999990000099999,0.9999998807907104
9885,0.999990000099999,0.9999998807907104
9886,0.999990000099999,0.9999998807907104
9887,0.999990000099999,0.9999998807907104
9888,0.999990000099999,0.9999998807907104
9889,0.999990000099999,0.9999998807907104
9890,0.999990000099999,0.9999998807907104
9891,0.999990000099999,0.9999998807907104
9892,0.999990000099999,0.9999998807907104
9893,0.999990000099999,0.9999998807907104
9894,0.999990000099999,0.9999998807907104
9895,0.999990000099999,0.9999998807907104
9896,0.999990000099999,0.9999998807907104
9897,0.999990000099999,0.9999998807907104
9898,0.999990000099999,0.9999998807907104
9899,0.999990000099999,0.9999998807907104
9900,0.999990000099999,0.9999998807907104
9901,0.999990000099999,0.9999998807907104
9902,0.999990000099999,0.9999998807907104
9903,0.999990000099999,0.9999998807907104
9904,0.999990000099999,0.9999998807907104
9905,0.999990000099999,0.9999998807907104
9906,0.999990000099999,0.9999998807907104
9907,0.999990000099999,0.9999998807907104
9908,0.999990000099999,0.9999998807907104
9909,0.999990000099999,0.9999998807907104
9910,0.999990000099999,0.9999998807907104
9911,0.999990000099999,0.9999998807907104
9912,0.999990000099999,0.9999998807907104
9913,0.999990000099999,0.9999998807907104
9914,0.999990000099999,0.9999998807907104
9915,0.999990000099999,0.9999998807907104
9916,0.999990000099999,0.9999998807907104
9917,0.999990000099999,0.9999998807907104
9918,0.999990000099999,0.9999998807907104
9919,0.999990000099999,0.9999998807907104
9920,0.999990000099999,0.9999998807907104
9921,0.999990000099999,0.9999998807907104
9922,0.999990000099999,0.9999998807907104
9923,0.999990000099999,0.9999998807907104
9924,0.999990000099999,0.9999998807907104
9925,0.999990000099999,0.9999998807907104
9926,0.999990000099999,0.9999998807907104
9927,0.999990000099999,0.9999998807907104
9928,0.999990000099999,0.9999998807907104
9929,0.999990000099999,0.9999998807907104
9930,0.999990000099999,0.9999998807907104
9931,0.999990000099999,0.9999998807907104
9932,0.999990000099999,0.9999998807907104
9933,0.999990000099999,0.9999998807907104
9934,0.999990000099999,0.9999998807907104
9935,0.999990000099999,0.9999998807907104
9936,0.999990000099999,0.9999998807907104
9937,0.999990000099999,0.9999998807907104
9938,0.999990000099999,0.9999998807907104
9939,0.999990000099999,0.9999998807907104
9940,0.999990000099999,0.9999998807907104
9941,0.999990000099999,0.9999998807907104
9942,0.999990000099999,0.9999998807907104
9943,0.999990000099999,0.9999998807907104
9944,0.999990000099999,0.9999998807907104
9945,0.999990000099999,0.9999998807907104
9946,0.999990000099999,0.9999998807907104
9947,0.999990000099999,0.9999998807907104
9948,0.999990000099999,0.9999998807907104
9949,0.999990000099999,0.9999998807907104
9950,0.999990000099999,0.9999998807907104
9951,0.999990000099999,0.9999998807907104
9952,0.999990000099999,0.9999998807907104
9953,0.999990000099999,0.9999998807907104
9954,0.999990000099999,0.9999998807907104
9955,0.999990000099999,0.9999998807907104
9956,0.999990000099999,0.9999998807907104
9957,0.999990000099999,0.9999998807907104
9958,0.999990000099999,0.9999998807907104
9959,0.999990000099999,0.9999998807907104
9960,0.999990000099999,0.9999998807907104
9961,0.999990000099999,0.9999998807907104
9962,0.999990000099999,0.9999998807907104
9963,0.999990000099999,0.9999998807907104
9964,0.999990000099999,0.9999998807907104
9965,0.999990000099999,0.9999998807907104
9966,0.999990000099999,0.9999998807907104
9967,0.999990000099999,0.9999998807907104
9968,0.999990000099999,0.9999998807907104
9969,0.999990000099999,0.9999998807907104
9970,0.999990000099999,0.9999998807907104
9971,0.999990000099999,0.9999998807907104
9972,0.999990000099999,0.9999998807907104
9973,0.999990000099999,0.9999998807907104
9974,0.999990000099999,0.9999998807907104
9975,0.999990000099999,0.9999998807907104
9976,0.999990000099999,0.9999998807907104
9977,0.999990000099999,0.9999998807907104
9978,0.999990000099999,0.9999998807907104
9979,0.999990000099999,0.9999998807907104
9980,0.999990000099999,0.9999998807907104
9981,0.999990000099999,0.9999998807907104
9982,0.999990000099999,0.9999998807907104
9983,0.999990000099999,0.9999998807907104
9984,0.999990000099999,0.9999998807907104
9985,0.999990000099999,0.9999998807907104
9986,0.999990000099999,0.9999998807907104
9987,0.999990000099999,0.9999998807907104
9988,0.999990000099999,0.9999998807907104
9989,0.999990000099999,0.9999998807907104
9990,0.999990000099999,0.9999998807907104
9991,0.999990000099999,0.9999998807907104
9992,0.999990000099999,0.9999998807907104
9993,0.999990000099999,0.9999998807907104
9994,0.999990000099999,0.9999998807907104
9995,0.999990000099999,0.9999998807907104
9996,0.999990000099999,0.9999998807907104
9997,0.999990000099999,0.9999998807907104
9998,0.999990000099999,0.9999998807907104
9999,0.999990000099999,0.9999998807907104
10000,1.0,0.9999998807907104
